midx,mom_tercile,max_tercile,ew_ret,n
23683,1,1,-0.02867610553485095,4
23683,1,2,0.014902584119474519,5
23683,1,3,-0.06173976958092235,5
23683,2,1,-0.030234585703138157,6
23683,2,2,-0.039700640882775945,4
23683,2,3,-0.031899112602886776,4
23683,3,1,-0.023881360425235226,4
23683,3,2,-0.08665807963161754,5
23683,3,3,0.016558538720220187,5
23684,1,1,0.06440673749657111,2
23684,1,2,0.05469074432664864,4
23684,1,3,0.11322018765038239,8
23684,2,1,0.0546630261330594,8
23684,2,2,-0.02684433755045501,3
23684,2,3,0.08002649094910885,3
23684,3,1,0.027366716910241007,4
23684,3,2,0.04241525828397917,7
23684,3,3,0.07854306059449716,3
23685,1,1,-0.03319839361459609,4
23685,1,2,-0.025593004470830204,7
23685,1,3,-0.01026075504865992,4
23685,2,1,-0.0086368356027673,9
23685,2,2,-8.481013258108128e-4,3
23685,2,3,0.07704282415002106,2
23685,3,1,0.05461586775398908,2
23685,3,2,0.07801377974741391,4
23685,3,3,0.032001818822378916,8
23686,1,1,-0.09665907886856528,2
23686,1,2,-0.10530382973264382,4
23686,1,3,-0.1852925752826976,9
23686,2,1,-0.09664214738640493,9
23686,2,2,-0.1084694611616418,2
23686,2,3,-0.3013928676563009,3
23686,3,1,-0.06823922290548196,4
23686,3,2,-0.1368805367471545,8
23686,3,3,-0.06686397054469256,2
23687,1,1,-0.036736865274624095,8
23687,1,2,-0.01614382408850973,2
23687,1,3,-0.0687577039429276,5
23687,2,1,0.0017544468905999477,6
23687,2,2,0.04006056236888485,6
23687,2,3,-0.0029371286186886114,2
23687,3,1,0,1
23687,3,2,0.05670477832378501,6
23687,3,3,0.025887911721330273,7
23688,1,1,0.010757812689846658,6
23688,1,2,0.09647590777508357,3
23688,1,3,0.15183901511100123,6
23688,2,1,-0.02077117587164861,5
23688,2,2,0.021919138344190472,8
23688,2,3,-0.049603212723079104,1
23688,3,1,-0.010779811687168406,4
23688,3,2,-0.051622635381664415,3
23688,3,3,-0.054598305045087434,7
23689,1,1,-0.05538510261157559,3
23689,1,2,-0.03237423448904789,4
23689,1,3,0.036506612841806715,8
23689,2,1,-0.0028025460661298546,8
23689,2,2,-0.002538629186271818,4
23689,2,3,-0.07912693584090974,2
23689,3,1,1.548819249161948e-4,4
23689,3,2,-2.9593344079037465e-4,6
23689,3,3,0.023497846591153615,4
23690,1,1,-0.06422083670261358,1
23690,1,2,0.05829350568392806,5
23690,1,3,-0.01692551972202454,9
23690,2,1,0.007375105789774766,8
23690,2,2,-0.01976994929820386,5
23690,2,3,0.04739226950475661,2
23690,3,1,-0.02897953511238386,6
23690,3,2,-0.045485130593977005,5
23690,3,3,-0.054760544880567405,3
23691,1,1,-0.10033969490448909,5
23691,1,2,-0.05403837102335103,7
23691,1,3,-0.05096921595681734,12
23691,2,1,-0.12603085215815088,11
23691,2,2,-0.020227551010408337,8
23691,2,3,-0.010582209724100622,5
23691,3,1,-0.004837135172408191,8
23691,3,2,-0.03136831782038775,9
23691,3,3,-0.025434903686551602,6
23692,1,1,4.1159321532266424e-4,4
23692,1,2,0.01130225376395415,9
23692,1,3,-0.020304109800241856,11
23692,2,1,-0.05540630039269773,10
23692,2,2,-0.00999642488270748,8
23692,2,3,-0.015082952568545957,6
23692,3,1,-0.07306516976065006,10
23692,3,2,0.0033713100281342573,7
23692,3,3,-0.04713252735896423,7
23693,1,1,-0.03675213918740841,8
23693,1,2,0.005754656119235008,8
23693,1,3,-0.023386397160097397,8
23693,2,1,-0.03331026800049246,9
23693,2,2,-0.003058637397846763,10
23693,2,3,-0.11196302650306185,5
23693,3,1,-0.04055554521036453,7
23693,3,2,-0.03125733379630295,6
23693,3,3,-0.007495722793659338,11
23694,1,1,-0.01670589224251562,3
23694,1,2,-0.07865667642526122,8
23694,1,3,0.019735460454211897,17
23694,2,1,-0.044623230356384574,13
23694,2,2,-0.07513101402533572,10
23694,2,3,-0.05365271761866264,4
23694,3,1,-0.07680934831578776,12
23694,3,2,-0.0633919399548269,9
23694,3,3,-0.12843277745420192,6
23695,1,1,-0.11719644205720765,6
23695,1,2,-0.0900790501351007,6
23695,1,3,-0.07900338119051864,16
23695,2,1,-0.0872189549549187,9
23695,2,2,-0.10981823885515758,12
23695,2,3,-0.07270275822776648,6
23695,3,1,-0.06634495790693964,13
23695,3,2,-0.08350672466145086,9
23695,3,3,-0.06027610066168944,5
23696,1,1,-0.08076952360295733,5
23696,1,2,-0.061588994901472585,9
23696,1,3,-0.15018847266696955,14
23696,2,1,-0.11472196704064892,13
23696,2,2,-0.1187734549105071,10
23696,2,3,-0.15549804665405945,4
23696,3,1,-0.08029294975272791,10
23696,3,2,-0.09193242769027171,8
23696,3,3,-0.1636772488861297,9
23697,1,1,0.27702376184825217,8
23697,1,2,0.25880736814772354,8
23697,1,3,0.13037526468710292,12
23697,2,1,0.15114818080185244,8
23697,2,2,0.2679716653841647,7
23697,2,3,0.14743347883204266,12
23697,3,1,0.10844467604416642,12
23697,3,2,0.0836833110719799,12
23697,3,3,0.24124310138438743,3
23698,1,1,-0.048998014991069566,8
23698,1,2,-0.06821018747647119,9
23698,1,3,-0.04747373630339676,11
23698,2,1,-0.05161057521863731,9
23698,2,2,-0.012783801247813602,8
23698,2,3,-0.05114245422034619,10
23698,3,1,-0.06505504091102413,11
23698,3,2,-0.038336985585503726,10
23698,3,3,-0.0175564075937771,6
23699,1,1,-0.08728662818057298,1
23699,1,2,-0.025574614017377865,11
23699,1,3,-0.02182327176772471,16
23699,2,1,-0.01681010958585009,9
23699,2,2,-0.05218595472794059,9
23699,2,3,-0.07697681980844985,10
23699,3,1,-0.013067590438522219,18
23699,3,2,0.01330346696582374,8
23699,3,3,-0.047826015696505575,1
23700,1,1,0.3340780281136429,4
23700,1,2,0.29152147213879664,9
23700,1,3,0.2541045618918646,15
23700,2,1,0.23206865022051074,8
23700,2,2,0.13081406514628782,12
23700,2,3,0.10942932241153969,8
23700,3,1,0.12345160160511608,16
23700,3,2,0.06738193752858126,7
23700,3,3,0.15242633033958852,4
23701,1,1,0.007860582199003374,4
23701,1,2,0.08805160957499364,9
23701,1,3,0.05574537927763892,15
23701,2,1,0.10363686295767713,10
23701,2,2,0.04514888312146374,12
23701,2,3,0.09798821193884427,6
23701,3,1,0.02870191352556771,14
23701,3,2,0.05209732912910762,7
23701,3,3,0.14073131153753615,6
23702,1,1,-0.010225799823499545,3
23702,1,2,0.0037621641907203407,6
23702,1,3,0.13732654658842217,19
23702,2,1,0.025410101469308156,9
23702,2,2,0.04934488699579524,14
23702,2,3,0.09215283802972815,5
23702,3,1,0.02070014632868335,16
23702,3,2,0.027745515044964877,8
23702,3,3,0.11668757401820022,3
23703,1,1,0.036167888273796446,7
23703,1,2,0.07277238452442976,8
23703,1,3,0.03170265188753047,13
23703,2,1,0.022387255632781062,10
23703,2,2,0.030003732084348957,8
23703,2,3,0.06037398553206404,10
23703,3,1,0.021806717972674132,11
23703,3,2,0.039530783816398185,12
23703,3,3,0.15400775214446505,4
23704,1,1,0.09329043931454409,5
23704,1,2,0.03347842115490039,11
23704,1,3,0.07296192910763552,12
23704,2,1,0.057358254960508566,9
23704,2,2,0.03842158931159171,10
23704,2,3,0.06314229615178399,9
23704,3,1,0.05234841450263263,14
23704,3,2,0.05939377385416145,7
23704,3,3,0.22311347192639594,6
23705,1,1,0.07710009524534707,7
23705,1,2,0.04604596076279458,11
23705,1,3,0.030492847612725204,10
23705,2,1,0.06816838866891219,13
23705,2,2,0.049430447064377145,8
23705,2,3,0.02159370528004616,7
23705,3,1,0.10487158650087884,8
23705,3,2,0.060172539645725914,9
23705,3,3,0.04949413261065233,10
23706,1,1,-0.07667565887347112,8
23706,1,2,-0.07331909074134148,9
23706,1,3,-0.07412219403399394,11
23706,2,1,-0.0368043876102916,13
23706,2,2,-0.08915178126526035,8
23706,2,3,-0.048068590074757576,7
23706,3,1,-0.03928905462502662,7
23706,3,2,-0.05253476995537942,11
23706,3,3,-0.050197149644508915,9
23707,1,1,-0.04783346962940309,11
23707,1,2,-0.029329146657604305,8
23707,1,3,-0.0651162836550169,9
23707,2,1,-0.028280592731619616,11
23707,2,2,-0.02050700386744263,12
23707,2,3,-0.055770571867133766,5
23707,3,1,-0.027560026751049273,6
23707,3,2,-0.027192733080178805,8
23707,3,3,-0.012711008424216463,13
23708,1,1,-0.01782411690353077,10
23708,1,2,-0.061640612892609414,8
23708,1,3,-0.0645092269308519,10
23708,2,1,-0.05270037794803116,11
23708,2,2,-0.004313414793563516,11
23708,2,3,-0.06869857990603413,6
23708,3,1,-0.03676697743381728,7
23708,3,2,-0.021661844325576312,9
23708,3,3,-0.028131362634857937,11
23709,1,1,0.06832132731436205,8
23709,1,2,0.02526347391255505,11
23709,1,3,0.08386841699711015,9
23709,2,1,0.015028963109997316,10
23709,2,2,0.07984373056789251,9
23709,2,3,0.10565158333360686,9
23709,3,1,0.09661471789647931,10
23709,3,2,0.06725590812644237,8
23709,3,3,0.0666139260746287,9
23710,1,1,0.03717081785115253,11
23710,1,2,0.05749136289858185,8
23710,1,3,0.01917320358284659,9
23710,2,1,0.032811797027579574,15
23710,2,2,0.024180563828016637,7
23710,2,3,0.05057187338618622,6
23710,3,1,0.032322014613367145,2
23710,3,2,0.008407566876471715,13
23710,3,3,0.027641312377612,12
23711,1,1,-0.010453472186999647,6
23711,1,2,-0.00802789328789806,13
23711,1,3,-0.03964844761875203,9
23711,2,1,0.010670025411003975,11
23711,2,2,-0.029013278502067086,10
23711,2,3,-0.04000156603681981,7
23711,3,1,-0.012785676723377989,11
23711,3,2,0.003333405765988571,5
23711,3,3,-0.03692897372743816,11
23712,1,1,0.09573137278811017,10
23712,1,2,0.08072729841162692,9
23712,1,3,0.12753202864674135,9
23712,2,1,0.11482372289602347,10
23712,2,2,0.08530700514646614,11
23712,2,3,0.16543680526528406,7
23712,3,1,0.12130184658205115,8
23712,3,2,0.14585067726552228,8
23712,3,3,0.1849182653577581,11
23713,1,1,-0.041530884608788135,9
23713,1,2,-0.01506439434126089,8
23713,1,3,0.06434904183037782,11
23713,2,1,-0.012842141767102695,13
23713,2,2,0.00895621808214584,10
23713,2,3,0.0234042599558638,5
23713,3,1,-0.035673857742529215,6
23713,3,2,-0.007200953328615756,10
23713,3,3,-0.005302199959231856,12
23714,1,1,0.008559313843266537,9
23714,1,2,-0.03865172315069858,8
23714,1,3,0.037398842127228264,11
23714,2,1,0.01583881607756516,9
23714,2,2,0.05934015174031829,13
23714,2,3,0.0041793655834953345,6
23714,3,1,0.004729955214518878,10
23714,3,2,8.688363135298051e-4,7
23714,3,3,0.08215260507626342,11
23715,1,1,-0.0053396499117097295,10
23715,1,2,0.011612967256136435,8
23715,1,3,-0.04234702176424775,10
23715,2,1,-4.946053962188344e-4,12
23715,2,2,-0.00906230972013756,11
23715,2,3,0.011937215024897705,5
23715,3,1,-2.0395000514363253e-4,6
23715,3,2,-0.006416886178924677,9
23715,3,3,-0.0043705918255404486,13
23716,1,1,-0.03923948892898982,10
23716,1,2,0.016033572707740862,7
23716,1,3,-0.02036662588155968,11
23716,2,1,-0.012763466992424153,9
23716,2,2,-0.04216296945844207,11
23716,2,3,-0.016492795519828837,8
23716,3,1,-0.008110811775699674,9
23716,3,2,-0.03236395413032862,10
23716,3,3,-0.014073785449247077,9
23717,1,1,0.05346900981071387,8
23717,1,2,0.035028055703707865,10
23717,1,3,0.028433943134077037,10
23717,2,1,0.036604635199261173,11
23717,2,2,0.04566268127433088,11
23717,2,3,0.09571824187123763,6
23717,3,1,0.02205629193107117,9
23717,3,2,0.078568372635055,7
23717,3,3,0.06782629873747713,12
23718,1,1,0.011212581100677887,9
23718,1,2,0.041770126977720465,9
23718,1,3,-0.02116992348029344,10
23718,2,1,0.015461586623884957,8
23718,2,2,0.023638981129313515,11
23718,2,3,-0.022262897031679003,9
23718,3,1,0.02851062129295308,11
23718,3,2,-0.017063456391391216,8
23718,3,3,-0.0403681535981443,9
23719,1,1,0.019767657762733655,5
23719,1,2,-0.00999283872079922,12
23719,1,3,-0.00490763503204697,12
23719,2,1,0.020816110626891593,11
23719,2,2,-0.022076034049478763,8
23719,2,3,-0.04063115062046495,9
23719,3,1,-0.01244707811851751,13
23719,3,2,0.006294590294992311,8
23719,3,3,0.050180543371766494,7
23720,1,1,0.030603644363581494,7
23720,1,2,0.020165096006638166,10
23720,1,3,0.009771455758623326,12
23720,2,1,0.04494198361217352,10
23720,2,2,0.03461884209861806,12
23720,2,3,0.031426626950622226,6
23720,3,1,0.027061544022838203,12
23720,3,2,-0.008615025132581056,6
23720,3,3,0.05324910416351956,10
23721,1,1,-0.02318965311870875,7
23721,1,2,-0.01597336223164604,8
23721,1,3,-0.04965120668765209,14
23721,2,1,-0.013777100153206046,12
23721,2,2,-0.02315145190356,12
23721,2,3,-0.052242450669102936,4
23721,3,1,-0.032382180960022766,10
23721,3,2,-0.02754546178911732,8
23721,3,3,-0.03830865677436211,10
23722,1,1,0.018408140077339187,8
23722,1,2,-0.02503943875786068,10
23722,1,3,-0.051679925529710805,11
23722,2,1,-0.013986838252849017,11
23722,2,2,-0.009635792030510942,9
23722,2,3,-0.01735671859401148,8
23722,3,1,0.030102303063972567,10
23722,3,2,0.008161176499435275,9
23722,3,3,0.03179533315814301,9
23723,1,1,0.01564037006674504,8
23723,1,2,0.042870946069841286,10
23723,1,3,0.07862566794097411,11
23723,2,1,0.04498296024386095,12
23723,2,2,0.0682435511597856,9
23723,2,3,0.05038964904336962,7
23723,3,1,0.07529157619033362,9
23723,3,2,0.041334856698368186,9
23723,3,3,0.07653808118312007,10
23724,1,1,-0.03315042101166902,8
23724,1,2,-0.1041647691876759,10
23724,1,3,-0.07630900564138751,11
23724,2,1,-0.012189810777382269,11
23724,2,2,-0.01540589264079939,8
23724,2,3,-0.03113463190899019,10
23724,3,1,-0.03548379330871671,10
23724,3,2,-0.03656629507621094,11
23724,3,3,-0.025724213450693464,8
23725,1,1,-0.016252122543095215,6
23725,1,2,-0.019041618165508534,9
23725,1,3,-0.017385322622054732,14
23725,2,1,-0.029605233360797106,14
23725,2,2,-0.028990684168906267,7
23725,2,3,0.005600652984968896,8
23725,3,1,-0.02430100624209467,9
23725,3,2,-1.185870678102714e-4,13
23725,3,3,-0.023779776968407593,7
23726,1,1,0.007594698099414224,8
23726,1,2,-0.007724717372085587,13
23726,1,3,-0.023485667726607096,8
23726,2,1,-0.007693433410112277,12
23726,2,2,-0.009244735796042104,9
23726,2,3,0.008714087178168003,8
23726,3,1,0.016216080314757284,9
23726,3,2,-0.015257843221757305,7
23726,3,3,0.017931082640902447,13
23727,1,1,-0.01328341213377664,5
23727,1,2,-0.01299154012076633,11
23727,1,3,-0.01939837964925282,13
23727,2,1,0.025690708277385555,10
23727,2,2,5.625727223743588e-4,12
23727,2,3,-0.01855623071613331,7
23727,3,1,0.008037575161782905,14
23727,3,2,0.024919300574270886,6
23727,3,3,0.044244413212354096,9
23728,1,1,0.014364541969579064,4
23728,1,2,-0.03238282213649986,10
23728,1,3,0.020088195679780717,15
23728,2,1,-0.005990207338831881,11
23728,2,2,-0.008741055944514589,12
23728,2,3,0.03407841582553063,6
23728,3,1,0.008767619724953412,14
23728,3,2,0.00456657426207217,7
23728,3,3,0.06451240544236711,8
23729,1,1,0.05029791886991789,10
23729,1,2,0.04062728690288424,5
23729,1,3,0.05605892930619298,14
23729,2,1,0.020855697815046315,6
23729,2,2,0.04492390984743993,14
23729,2,3,0.09982796009678838,9
23729,3,1,0.03984380186674671,13
23729,3,2,0.058881714190555955,10
23729,3,3,0.06591360085943744,6
23730,1,1,-0.049733235675821864,6
23730,1,2,0.017331768490153256,9
23730,1,3,-0.015667253615898397,14
23730,2,1,-0.0050890923645776215,8
23730,2,2,0.0031175932534768572,14
23730,2,3,0.019048867008683957,7
23730,3,1,0.0017457330223106836,15
23730,3,2,-0.02249290145808961,6
23730,3,3,-1.0973951908735402e-4,8
23731,1,1,-0.031353535571573866,3
23731,1,2,0.02026566080630259,10
23731,1,3,0.017036351150642795,16
23731,2,1,-0.03125228683216112,14
23731,2,2,0.004737102201264276,6
23731,2,3,0.013483299022598382,9
23731,3,1,-0.021619059783589873,12
23731,3,2,-0.023136463646174298,13
23731,3,3,0.001994373354412493,4
23732,1,1,-0.028035248687825587,7
23732,1,2,-0.007408184398067952,6
23732,1,3,-0.011712674661626912,16
23732,2,1,-0.0020795924582700195,11
23732,2,2,0.0025049183316040446,12
23732,2,3,5.46052368336196e-4,6
23732,3,1,-0.005837499818645928,11
23732,3,2,0.022089372589493998,11
23732,3,3,0.006705155795823253,7
23733,1,1,-0.04176494098653989,5
23733,1,2,-0.04876737774390196,10
23733,1,3,-0.07030423371315027,14
23733,2,1,-0.05000391954327095,8
23733,2,2,-0.025977938154773696,14
23733,2,3,-0.038294761623656234,7
23733,3,1,-0.023807723304482317,16
23733,3,2,-0.015005684541083308,5
23733,3,3,-0.05849064540320946,8
23734,1,1,0.029941089943805795,7
23734,1,2,0.02842538449824953,12
23734,1,3,0.03168421959519341,10
23734,2,1,0.05161778228930826,11
23734,2,2,0.051422185382367314,11
23734,2,3,0.06300006967958054,7
23734,3,1,0.026479100652200525,11
23734,3,2,0.05354278507385196,6
23734,3,3,0.0683706885534159,12
23735,1,1,-0.004633880485652642,6
23735,1,2,-0.0037470062872899277,9
23735,1,3,-3.278611790390519e-4,14
23735,2,1,0.020084472651337643,8
23735,2,2,0.010556701061199047,12
23735,2,3,3.6361016813768465e-4,9
23735,3,1,0.003260797919211491,15
23735,3,2,0.0031838658267050873,8
23735,3,3,0.022434053174455203,6
23736,1,1,-0.054410254973477054,7
23736,1,2,-0.05686777030305416,10
23736,1,3,-0.056780638037858946,12
23736,2,1,-0.04107975460345329,10
23736,2,2,-0.06249076760608163,11
23736,2,3,-0.06663004911536524,8
23736,3,1,-0.03885776784110091,12
23736,3,2,-0.057496049654300496,8
23736,3,3,-0.058028304656797966,9
23737,1,1,-0.009966674754437615,6
23737,1,2,-0.03462814141663275,10
23737,1,3,-0.021143683127401766,13
23737,2,1,-0.02334309973602884,11
23737,2,2,-0.014532343260047606,12
23737,2,3,-0.018802175805846772,6
23737,3,1,-0.014167248023496514,12
23737,3,2,0.04029692755027141,7
23737,3,3,0.017939997935355178,10
23738,1,1,0.024208322559997116,5
23738,1,2,0.040649485120129086,12
23738,1,3,0.059775371316774725,13
23738,2,1,0.005346269682335758,16
23738,2,2,0.03779629256779059,9
23738,2,3,0.03142658192217129,4
23738,3,1,0.020532863283122663,9
23738,3,2,0.048122001524873254,8
23738,3,3,0.08740941923977455,12
23739,1,1,0.12018018331374121,6
23739,1,2,0.06379981671783479,11
23739,1,3,0.11349451992222473,13
23739,2,1,0.12787931972986705,8
23739,2,2,0.0858127368207823,14
23739,2,3,0.053264848739337234,7
23739,3,1,0.035630684330606774,16
23739,3,2,0.04705561245974124,4
23739,3,3,0.16815725621280897,9
23740,1,1,0.008809827266234787,6
23740,1,2,0.03330537448676327,9
23740,1,3,0.022789897686802996,15
23740,2,1,0.006606088642715176,15
23740,2,2,0.020298897240587793,11
23740,2,3,0.07782535539564606,3
23740,3,1,0.010844853609157212,9
23740,3,2,0.03846155692569356,9
23740,3,3,0.08996322806257896,11
23741,1,1,-0.01007488758053667,6
23741,1,2,-0.030576027321512114,8
23741,1,3,0.01476735708828112,16
23741,2,1,0.011169044927223112,15
23741,2,2,3.629809174116594e-4,12
23741,2,3,-0.05106242915220682,2
23741,3,1,0.0037586499193582226,9
23741,3,2,0.007537595029320155,9
23741,3,3,-0.027538321940435782,11
23742,1,1,-0.0024651076535775578,9
23742,1,2,0.04580599814312637,11
23742,1,3,0.07899439466380231,10
23742,2,1,0.03965341662262257,18
23742,2,2,0.05324874671112449,8
23742,2,3,0.03373273637730001,3
23742,3,1,0.06686844251478903,3
23742,3,2,0.07430121256219244,10
23742,3,3,0.08528587268309588,16
23743,1,1,0.019267869863396465,11
23743,1,2,0.02213219227931984,11
23743,1,3,0.08155792570810773,8
23743,2,1,0.02042715867005828,11
23743,2,2,0.04913952248832904,11
23743,2,3,0.06572696596459568,7
23743,3,1,0.014657660105889966,8
23743,3,2,0.03862355238463426,7
23743,3,3,0.05124877626506199,14
23744,1,1,-0.0038618599483621644,13
23744,1,2,-0.022748032253569556,8
23744,1,3,1.8878456868681108e-4,9
23744,2,1,-0.026547529062341074,14
23744,2,2,-0.024122288088719152,9
23744,2,3,-0.01648630482820427,6
23744,3,1,-0.023682111344962974,3
23744,3,2,-0.02950696728818917,12
23744,3,3,-0.02116123625536267,14
23745,1,1,-0.0711218445659586,14
23745,1,2,-0.09326377757329807,9
23745,1,3,-0.17103694441973766,7
23745,2,1,-0.07022228599907808,11
23745,2,2,-0.07790203410732437,12
23745,2,3,-0.08214305992047467,6
23745,3,1,-0.12033263753253029,5
23745,3,2,-0.12141536150850868,8
23745,3,3,-0.15593131330255688,16
23746,1,1,0.00913697158589484,16
23746,1,2,0.00812328579402806,8
23746,1,3,0.04915819657554711,6
23746,2,1,0.031947850815473564,11
23746,2,2,0.027193811328688443,10
23746,2,3,0.022462027548415447,8
23746,3,1,0.01970396199842983,3
23746,3,2,0.027920527092044775,11
23746,3,3,0.04815858639160295,15
23747,1,1,-0.0037136086872470164,17
23747,1,2,-0.02678955364184199,5
23747,1,3,0.0029995101253623424,8
23747,2,1,-0.004444893023042732,11
23747,2,2,0.006418926556791493,8
23747,2,3,0.04361662635447432,10
23747,3,1,0.008625729088869771,2
23747,3,2,0.02195346634143558,16
23747,3,3,0.047357747777528575,11
23748,1,1,0.059117888495159227,13
23748,1,2,0.0894219813280226,12
23748,1,3,0.04177888166403072,5
23748,2,1,0.03243447618042903,12
23748,2,2,0.00837489461788854,6
23748,2,3,0.013719707477096891,11
23748,3,1,0.03946384172342556,5
23748,3,2,0.027806669193166142,11
23748,3,3,0.05612478824861982,13
23749,1,1,-0.017419937869882034,10
23749,1,2,-0.03963903370020746,10
23749,1,3,-0.04349302933930148,10
23749,2,1,-0.02693835285583379,18
23749,2,2,-0.03769007346883002,7
23749,2,3,-0.0779336465752016,4
23749,3,1,-0.04634960638437752,2
23749,3,2,-0.05579548837178265,12
23749,3,3,-0.07997396792918063,15
23750,1,1,0.010350445769972216,10
23750,1,2,0.05784869509036264,12
23750,1,3,0.05979461333711575,8
23750,2,1,0.0338521119141229,16
23750,2,2,0.05491269122121416,5
23750,2,3,0.03476462615656016,8
23750,3,1,0.0821762961923917,4
23750,3,2,0.05070651122667027,12
23750,3,3,0.06965779191642668,13
23751,1,1,-0.020291951574768687,13
23751,1,2,-0.01029405042530428,9
23751,1,3,0.019936349925649965,8
23751,2,1,-6.749105355859058e-4,13
23751,2,2,0.011065173834255043,7
23751,2,3,0.0011908346842290423,9
23751,3,1,0.03020372395822249,4
23751,3,2,0.008392076387413452,13
23751,3,3,-0.006998148169480457,12
23752,1,1,0.007195448610907314,13
23752,1,2,-0.030899219015411858,8
23752,1,3,0.001587323583958067,9
23752,2,1,0.008584460351613546,14
23752,2,2,-0.025865554425213717,9
23752,2,3,-0.02451368350033082,6
23752,3,1,-0.04892889937626029,3
23752,3,2,-0.023423171909382673,12
23752,3,3,-0.04162835960580498,14
23753,1,1,0.0358492023788131,8
23753,1,2,0.02225533933765771,15
23753,1,3,0.07393777448259566,7
23753,2,1,0.023547258293604458,11
23753,2,2,0.021651354445197966,10
23753,2,3,0.019554609263535336,9
23753,3,1,0.04627355327980735,11
23753,3,2,0.0586505313060038,5
23753,3,3,0.02853119967087904,13
23754,1,1,0.018482270589011876,9
23754,1,2,0.031144525566013437,11
23754,1,3,0.010987365918032685,10
23754,2,1,0.00474896993560472,14
23754,2,2,-0.009444409121831782,8
23754,2,3,0.03526384207928951,8
23754,3,1,0.03617273816842174,7
23754,3,2,0.025607750333362527,11
23754,3,3,0.004299945608156751,11
23755,1,1,0.0627962720404071,9
23755,1,2,0.03874627320460609,11
23755,1,3,0.12247016965665056,10
23755,2,1,0.04511968056978266,13
23755,2,2,0.04375595582088694,9
23755,2,3,0.08383216416035086,8
23755,3,1,0.06864208189115192,8
23755,3,2,0.08496872597932884,10
23755,3,3,0.09332282291059577,11
23756,1,1,-0.03572728383798232,8
23756,1,2,-0.017446081185537178,10
23756,1,3,0.0014851906676357496,12
23756,2,1,-0.03201444171183991,12
23756,2,2,-0.0030539176599692847,11
23756,2,3,-0.040632960853247586,7
23756,3,1,-0.008639508153511897,10
23756,3,2,-0.006108821797334124,9
23756,3,3,0.026976203054099333,10
23757,1,1,-0.08125339900997035,8
23757,1,2,-0.0972326234575918,10
23757,1,3,-0.10339491885534155,12
23757,2,1,-0.054237437138493605,12
23757,2,2,-0.08124541178093184,9
23757,2,3,-0.09159279333614269,9
23757,3,1,-0.066082142065402,10
23757,3,2,-0.07213579890523673,11
23757,3,3,-0.013198931542180548,8
23758,1,1,0.05374206419269825,17
23758,1,2,0.07022049906829804,8
23758,1,3,0.14519007645464904,5
23758,2,1,0.028148440449188232,10
23758,2,2,0.022427050624374046,16
23758,2,3,0.10720266263126155,4
23758,3,1,0.07247126509989059,3
23758,3,2,0.08105876828839476,6
23758,3,3,0.06899310355843055,20
23759,1,1,-0.024824940442689868,17
23759,1,2,-0.030685678265404998,8
23759,1,3,0.016270970098234687,5
23759,2,1,0.008905838699967717,10
23759,2,2,0.017799296674027527,17
23759,2,3,0.03969929298487922,3
23759,3,1,0.07841187375710801,3
23759,3,2,0.011353113567444662,5
23759,3,3,0.040017987562760135,21
23760,1,1,0.027364650261639506,9
23760,1,2,0.0015045422607711336,14
23760,1,3,0.06746027372900612,7
23760,2,1,0.02017662372680922,15
23760,2,2,-0.009038628047302832,10
23760,2,3,0.014859917434516551,5
23760,3,1,0.03684351089027092,6
23760,3,2,0.0812171456014984,6
23760,3,3,0.1403373397683706,18
23761,1,1,-0.06550737256133149,12
23761,1,2,-0.06088822095551489,7
23761,1,3,-0.029591255339579174,11
23761,2,1,-0.0346951981295425,12
23761,2,2,-0.08048370760511521,11
23761,2,3,-0.0827959764584859,7
23761,3,1,-0.037884323357633684,6
23761,3,2,-0.012663190741762002,12
23761,3,3,-0.057484604890323684,12
23762,1,1,-0.03140077244101422,17
23762,1,2,-0.06281158114999327,10
23762,1,3,-0.17921480400388973,4
23762,2,1,-0.014462886657123905,8
23762,2,2,-0.018336591912058213,13
23762,2,3,-0.08200765971106895,9
23762,3,1,-0.06876677136399084,6
23762,3,2,-0.08202488244083447,7
23762,3,3,-0.125239837984453,17
23763,1,1,0.09289328122510734,17
23763,1,2,0.08338833636616261,7
23763,1,3,0.06859982944753869,7
23763,2,1,0.016572187619528684,10
23763,2,2,0.11031115580788661,11
23763,2,3,0.04057434645037135,9
23763,3,1,-0.01585153127414146,4
23763,3,2,0.02711251185382591,12
23763,3,3,0.033222615275133004,14
23764,1,1,0.04131028242529243,12
23764,1,2,0.06293118206048935,10
23764,1,3,0.06854335706614292,9
23764,2,1,0.048005787424823136,11
23764,2,2,0.04610483825467968,12
23764,2,3,0.0840251731521663,7
23764,3,1,0.06951890145162123,8
23764,3,2,0.04188624103025215,8
23764,3,3,0.03214068260305207,14
23765,1,1,0.02425895731052668,11
23765,1,2,0.055848646076840994,8
23765,1,3,0.030594317108619706,12
23765,2,1,0.015669370732784682,10
23765,2,2,0.03231734224444579,15
23765,2,3,0.009846266727485543,5
23765,3,1,0.03215248474455658,10
23765,3,2,0.05100950206606068,7
23765,3,3,-0.01534543687277,13
23766,1,1,0.06678505813578851,7
23766,1,2,0.024933294965350645,10
23766,1,3,0.09426486684441213,14
23766,2,1,0.020324871027841456,14
23766,2,2,0.08786030593156118,10
23766,2,3,0.06942961003900221,7
23766,3,1,0.07934752353804388,10
23766,3,2,0.10426703008482557,11
23766,3,3,0.15002244082054755,9
23767,1,1,-0.00846004536115881,8
23767,1,2,-0.022648796111556922,11
23767,1,3,-0.01556246872037472,12
23767,2,1,0.009348573558573261,14
23767,2,2,-0.0053718703217324835,12
23767,2,3,-0.03915264217470933,5
23767,3,1,0.006146315920946034,9
23767,3,2,4.7688356995030656e-4,8
23767,3,3,0.09627145708915591,13
23768,1,1,-0.017728301148493116,11
23768,1,2,-0.00934474198270176,7
23768,1,3,0.03299713959248129,13
23768,2,1,-0.021644869150137833,13
23768,2,2,0.03139406839749598,12
23768,2,3,-0.001860455941200841,6
23768,3,1,0.031923566210822645,7
23768,3,2,-0.02295491442474711,12
23768,3,3,0.06914522114090417,11
23769,1,1,-0.01844072772616847,11
23769,1,2,-0.01975754573457905,10
23769,1,3,-0.032068195907859066,10
23769,2,1,-0.017868877290732842,16
23769,2,2,-0.015802839101183026,11
23769,2,3,-0.07457058987989185,4
23769,3,1,-0.025888508011625316,4
23769,3,2,-0.005532060060929832,10
23769,3,3,0.010015182230961334,16
23770,1,1,-0.05058453432796542,12
23770,1,2,0.03553891477982141,10
23770,1,3,0.026579882228888074,9
23770,2,1,0.01032751597560407,16
23770,2,2,0.04459087023608993,8
23770,2,3,0.017438905503948957,7
23770,3,1,0.06349299858644267,3
23770,3,2,0.1360544935400452,13
23770,3,3,0.12797150293785595,14
23771,1,1,0.04955022756415059,15
23771,1,2,0.025491594367075918,8
23771,1,3,-0.016534380490479714,8
23771,2,1,0.023006049381838763,13
23771,2,2,-0.004958715044367824,9
23771,2,3,0.03888168374587091,9
23771,3,1,0.06159789855580063,3
23771,3,2,-0.02665540080164857,14
23771,3,3,-0.020783196382069997,13
23772,1,1,0.017893388355016703,15
23772,1,2,0.005301041834990092,12
23772,1,3,0.02037768484273121,4
23772,2,1,0.020468115076931047,13
23772,2,2,-0.016488186704380348,8
23772,2,3,-0.01558390982848524,10
23772,3,1,0.032123972590004435,3
23772,3,2,-0.017407726613357107,11
23772,3,3,-0.08291674833923521,16
23773,1,1,0.015279622841506947,9
23773,1,2,0.0039342476980440905,11
23773,1,3,-0.0032848352853254866,11
23773,2,1,0.08034336871093349,9
23773,2,2,0.020121388886396845,11
23773,2,3,0.033853216454955495,11
23773,3,1,0.016036882130730797,13
23773,3,2,0.07633849267403245,9
23773,3,3,0.0024700834057645726,8
23774,1,1,0.06235833681673917,10
23774,1,2,0.10257703456415895,12
23774,1,3,0.09496604195237117,10
23774,2,1,0.04025941227066596,10
23774,2,2,0.031924488760242106,11
23774,2,3,0.08501442687479345,11
23774,3,1,0.022962453191976335,12
23774,3,2,0.0247579838033217,9
23774,3,3,0.11769400159056446,10
23775,1,1,0.014728533285210881,11
23775,1,2,-0.007857428980702647,13
23775,1,3,0.002890771317575187,8
23775,2,1,0.017535977453319695,12
23775,2,2,-0.012671065061140633,11
23775,2,3,0.0234668227441045,9
23775,3,1,-0.017734023233531113,9
23775,3,2,0.01843432033117784,8
23775,3,3,0.021944671807041093,14
23776,1,1,0.01532535132846276,19
23776,1,2,0.017969498479140016,21
23776,1,3,0.05130539740347446,13
23776,2,1,-0.0024256095555219687,14
23776,2,2,0.012162939409062858,24
23776,2,3,-0.0021171126374843153,15
23776,3,1,0.027108235762676302,20
23776,3,2,0.005730574828673521,8
23776,3,3,0.026553282745421125,24
23777,1,1,0.03833722609010103,23
23777,1,2,-0.018157942921590065,18
23777,1,3,-0.007269884256528275,12
23777,2,1,-0.0011401994870404164,20
23777,2,2,-0.014360318647797814,19
23777,2,3,-0.009420013022924733,14
23777,3,1,-0.010880618894560878,10
23777,3,2,-0.018295336170702683,16
23777,3,3,-0.029904004428003957,26
23778,1,1,-0.011564037425065898,22
23778,1,2,-0.021665375023943546,18
23778,1,3,0.0032394470538279372,13
23778,2,1,-0.03543559743514748,19
23778,2,2,-0.007565060064455648,20
23778,2,3,-0.06375344560725368,14
23778,3,1,-0.06908376304438056,12
23778,3,2,-0.015577738397424578,15
23778,3,3,-0.06047376641220036,25
23779,1,1,-0.02982545523348863,10
23779,1,2,-0.039828510637670976,21
23779,1,3,-0.03771667245399167,22
23779,2,1,-0.02922041544590908,24
23779,2,2,-0.04894721814279375,16
23779,2,3,-0.09535670329587874,13
23779,3,1,-0.0825532129925801,19
23779,3,2,-0.04206372007883746,16
23779,3,3,-0.075932121713886,18
23780,1,1,-0.02842513600200162,19
23780,1,2,-0.05013669212615041,13
23780,1,3,-0.04703916465276083,21
23780,2,1,-0.06812935944293064,19
23780,2,2,-0.016841012397369452,23
23780,2,3,-0.10045547656150344,11
23780,3,1,-0.0479909254408875,15
23780,3,2,-0.043757109250472895,17
23780,3,3,-0.05938242991715354,21
23781,1,1,0.026458789812656265,20
23781,1,2,0.06335938524511621,19
23781,1,3,0.034999612890810904,14
23781,2,1,0.0441971645305362,14
23781,2,2,0.06020318707306848,22
23781,2,3,0.062425052566768426,17
23781,3,1,0.064157467422771,19
23781,3,2,0.09267950750570458,12
23781,3,3,0.08386073751317767,22
23782,1,1,0.03283992110065307,20
23782,1,2,0.0331787822048913,13
23782,1,3,0.0029765362803633915,20
23782,2,1,0.054393936198867884,17
23782,2,2,0.0543190598703851,20
23782,2,3,0.04042953599949767,16
23782,3,1,0.04557277869094353,16
23782,3,2,0.057022736146575666,20
23782,3,3,0.004806389054682875,17
23783,1,1,0.026599203788930936,14
23783,1,2,-0.02110251703310531,17
23783,1,3,-0.029010126945211982,23
23783,2,1,-0.011613420537352046,20
23783,2,2,-0.01346963193494012,19
23783,2,3,-0.018452474970118902,15
23783,3,1,-0.013756642739363131,20
23783,3,2,-0.02834536433176563,18
23783,3,3,0.018743909730760087,16
23784,1,1,-0.0023364772293444475,12
23784,1,2,-0.013409399178724343,15
23784,1,3,-0.023373363184075194,28
23784,2,1,-0.0017435347717549145,23
23784,2,2,-0.007723963073808358,17
23784,2,3,0.03315404009919241,15
23784,3,1,0.009029785315752412,20
23784,3,2,-0.0082477539981576,23
23784,3,3,-0.0140340121441483,11
23785,1,1,-0.05639755358869252,9
23785,1,2,-0.07517721855124043,19
23785,1,3,-0.0517503572853555,28
23785,2,1,-0.01666384487498159,21
23785,2,2,0.026366908519252975,18
23785,2,3,-0.04605344282965397,16
23785,3,1,0.0112132791905202,26
23785,3,2,-0.0076035169512865715,18
23785,3,3,-0.05064831624607566,11
23786,1,1,0.006218308408264269,9
23786,1,2,0.009076088768983326,21
23786,1,3,-0.011831436557643705,26
23786,2,1,-0.0075107757235110635,27
23786,2,2,0.019584665789285256,15
23786,2,3,0.03399126371482033,13
23786,3,1,0.03902362438177127,20
23786,3,2,0.012125541546209746,19
23786,3,3,0.026194608615476914,16
23787,1,1,0.028423751130443892,12
23787,1,2,0.03953456263408764,20
23787,1,3,0.05482413223557482,24
23787,2,1,0.031517277721005085,22
23787,2,2,0.04604477451050801,19
23787,2,3,0.0647202706730173,15
23787,3,1,0.028314844744956026,22
23787,3,2,0.04610430238755449,17
23787,3,3,0.038015653970492266,16
23788,1,1,-0.023780978648801875,9
23788,1,2,-0.05945569965093113,20
23788,1,3,-0.03221156793611804,27
23788,2,1,-0.009251893784556755,20
23788,2,2,-0.02095860081358616,18
23788,2,3,-0.04767841825815984,18
23788,3,1,-0.010651392235748625,27
23788,3,2,-0.035641547880231994,18
23788,3,3,-0.0461437635492246,10
23789,1,1,-0.023276603663029083,8
23789,1,2,-0.0178771930876229,19
23789,1,3,-0.044950473675887656,29
23789,2,1,-0.013969810703168486,22
23789,2,2,-0.01839232682462412,16
23789,2,3,0.010326597473252307,18
23789,3,1,-0.01652030110856282,26
23789,3,2,0.013842891756066608,21
23789,3,3,-0.009375090526568597,8
23790,1,1,-0.0018337704305573799,8
23790,1,2,-0.01495548269710636,20
23790,1,3,-0.04513751077364368,28
23790,2,1,-0.0045626641672918905,21
23790,2,2,-0.014225278162315622,20
23790,2,3,0.025321094139131545,15
23790,3,1,-0.008176815155092812,27
23790,3,2,0.01705807450046738,16
23790,3,3,-0.026923626758782314,12
23791,1,1,0.13753765165881507,11
23791,1,2,0.12610513549625915,19
23791,1,3,0.15308800211732804,26
23791,2,1,0.0732753939842659,20
23791,2,2,0.10825497562264899,18
23791,2,3,0.12212278106223441,18
23791,3,1,0.10151247617611796,25
23791,3,2,0.11459176031685676,19
23791,3,3,0.06733854407871595,11
23792,1,1,0.00333380626624748,13
23792,1,2,0.025429440191566836,21
23792,1,3,-0.018819019803737697,22
23792,2,1,0.032873390919185404,23
23792,2,2,0.04339254677189211,15
23792,2,3,0.030662289272366153,18
23792,3,1,0.05042795862243808,20
23792,3,2,0.026572026944988968,20
23792,3,3,0.047176727127791335,16
23793,1,1,0.07932765948338492,12
23793,1,2,0.1040788408409924,16
23793,1,3,0.1797953601037357,28
23793,2,1,0.10884904215600388,28
23793,2,2,0.13958352658755935,18
23793,2,3,0.14686230620806084,10
23793,3,1,0.08137344025984473,16
23793,3,2,0.07608091837838274,22
23793,3,3,0.168815139550576,18
23794,1,1,0.055590953613355656,13
23794,1,2,0.08116197812347935,21
23794,1,3,0.07837477613435996,23
23794,2,1,0.014693338953671316,23
23794,2,2,0.07470786708527,22
23794,2,3,0.061198570129288185,11
23794,3,1,0.03460081886482107,21
23794,3,2,0.0575802013231,13
23794,3,3,0.1416744419853921,22
23795,1,1,0.0047082358190646085,17
23795,1,2,0.02124875050382705,19
23795,1,3,0.008741254397667417,21
23795,2,1,0.01727184423913683,23
23795,2,2,0.0024227747816174994,19
23795,2,3,0.01459010822334512,15
23795,3,1,0.02506535087728305,17
23795,3,2,-0.004350569129234328,19
23795,3,3,0.024201315536193774,20
23796,1,1,0.029631134408781623,19
23796,1,2,0.06563032129431147,16
23796,1,3,0.08103647852744926,22
23796,2,1,0.018264395417085126,28
23796,2,2,0.01970253107863678,19
23796,2,3,0.008135163887843307,10
23796,3,1,0.01351245851335059,10
23796,3,2,0.02454129106396164,22
23796,3,3,0.11128809394472249,24
23797,1,1,0.04985933786303767,22
23797,1,2,0.024744619906863184,22
23797,1,3,0.0037768195393606454,13
23797,2,1,0.036638356811007564,26
23797,2,2,0.03813226757123862,20
23797,2,3,0.04688261716884976,11
23797,3,1,0.022863322832168922,9
23797,3,2,0.033017760026154405,15
23797,3,3,0.059276018649646246,32
23798,1,1,0.03530465542223185,16
23798,1,2,0.04342226255101936,19
23798,1,3,0.01811999179054099,26
23798,2,1,0.039467775900604476,36
23798,2,2,0.019792314924468167,14
23798,2,3,-0.0013818529226499274,10
23798,3,1,0.0692690410330176,9
23798,3,2,0.04952009710789314,27
23798,3,3,0.06255847709693493,24
23799,1,1,0.07983433981058674,23
23799,1,2,0.08334799097966732,19
23799,1,3,0.09557584901314212,19
23799,2,1,0.033802079213611655,24
23799,2,2,0.05448688883219578,20
23799,2,3,0.07292236758039428,16
23799,3,1,0.040381398996538455,14
23799,3,2,0.04155221932965422,21
23799,3,3,0.05623967710590133,25
23800,1,1,0.020973014383466358,18
23800,1,2,0.03616903621129615,18
23800,1,3,0.02622637065272327,25
23800,2,1,3.8588582348085424e-4,23
23800,2,2,-0.011037677642494914,22
23800,2,3,0.03899935287395939,15
23800,3,1,0.03550083471668904,20
23800,3,2,0.03450782698512757,20
23800,3,3,0.07370506455072182,20
23801,1,1,-0.010550242773265037,26
23801,1,2,0.04295094171067575,16
23801,1,3,0.03111940026941023,19
23801,2,1,0.016669452634204763,25
23801,2,2,0.04964694523608296,20
23801,2,3,0.006785443819210959,16
23801,3,1,-0.0016753510444161483,10
23801,3,2,0.06209616441158469,25
23801,3,3,0.08312616570082984,25
23802,1,1,0.0029577175790102177,30
23802,1,2,-0.027667219332179527,16
23802,1,3,-0.05133766360502501,15
23802,2,1,-0.005824846103012074,19
23802,2,2,-0.02046524239390851,20
23802,2,3,-0.04308549619623895,22
23802,3,1,-0.05196777418073595,12
23802,3,2,-0.032837321644849767,25
23802,3,3,-0.06487585825993773,23
23803,1,1,0.0027062518916429828,23
23803,1,2,0.002401758599201093,25
23803,1,3,-0.020995259127573974,13
23803,2,1,-0.010689235215982489,24
23803,2,2,0.015041519391346892,19
23803,2,3,-0.012349274626657449,18
23803,3,1,0.006126167028907004,14
23803,3,2,-0.01167321652298497,17
23803,3,3,-0.009837389262349602,30
23804,1,1,0.052745068725241824,36
23804,1,2,0.0574862909655441,12
23804,1,3,0.05126262168043597,13
23804,2,1,0.029024121331081815,17
23804,2,2,0.03634556451060228,31
23804,2,3,-0.008451749625900803,13
23804,3,1,0.004059868944375449,8
23804,3,2,0.03542629770814966,18
23804,3,3,0.01602158926907562,35
23805,1,1,0.03639664803535246,29
23805,1,2,0.012370953810822854,21
23805,1,3,-0.0014488530918419177,11
23805,2,1,-0.0053824104647240585,20
23805,2,2,-0.023293960455801052,21
23805,2,3,-0.014768345907703359,20
23805,3,1,-0.028837911171605113,12
23805,3,2,-0.06072907568408146,19
23805,3,3,-0.06044393687751985,30
23806,1,1,-0.01211539239729783,28
23806,1,2,0.009851243972021546,18
23806,1,3,0.03945826063555059,15
23806,2,1,0.015859996082086172,16
23806,2,2,0.051341230706166294,30
23806,2,3,0.03797100809040592,15
23806,3,1,0.051955776673759294,17
23806,3,2,0.055980420067816825,13
23806,3,3,0.045109472601709756,31
23807,1,1,-0.025478299927638327,20
23807,1,2,-0.01328639010269212,18
23807,1,3,-0.017440070682335954,23
23807,2,1,-0.005776262003534498,20
23807,2,2,-0.003267157016510909,26
23807,2,3,-0.02244458482846856,15
23807,3,1,0.01274353466855766,21
23807,3,2,-0.013130429229158089,17
23807,3,3,0.025611984024195223,23
23808,1,1,-0.03426382556510267,11
23808,1,2,-0.01800272406283482,24
23808,1,3,-0.008242416904694476,26
23808,2,1,0.0019424952814006875,26
23808,2,2,0.0028418617348526425,21
23808,2,3,-0.05582155306184766,14
23808,3,1,-6.495033120105878e-4,24
23808,3,2,-0.05144193079467628,16
23808,3,3,-0.08586466911616766,21
23809,1,1,-0.015325656883731567,16
23809,1,2,-0.04831004440227486,15
23809,1,3,-0.06247283194978912,30
23809,2,1,-0.050162298185624246,26
23809,2,2,-0.03441758100225945,23
23809,2,3,-0.05607159820955322,12
23809,3,1,-0.041155058272200784,19
23809,3,2,-0.05461247747423147,23
23809,3,3,-0.057367565908823734,19
23810,1,1,-0.007607851176054841,13
23810,1,2,0.01996546933584995,19
23810,1,3,0.014458346627614128,30
23810,2,1,0.014777880866768536,22
23810,2,2,0.0073927804117020586,25
23810,2,3,0.018832504939588858,14
23810,3,1,0.011019368502555086,27
23810,3,2,0.004823826134191479,17
23810,3,3,0.031717592407060194,17
23811,1,1,-0.045622760622781644,12
23811,1,2,-0.011858950638001315,27
23811,1,3,0.02701677255510064,23
23811,2,1,0.01037538664872793,26
23811,2,2,0.031552817044444945,19
23811,2,3,0.012810084780409198,16
23811,3,1,0.0025592757022389057,24
23811,3,2,0.0263960390959521,15
23811,3,3,0.027837862552268514,22
23812,1,1,0.001744863630381887,13
23812,1,2,-0.0549986406049257,19
23812,1,3,-0.058515357636977294,30
23812,2,1,-0.033967127104802416,24
23812,2,2,-0.06481697521591133,22
23812,2,3,-0.05676523836590164,15
23812,3,1,-0.048277673747897626,25
23812,3,2,-0.04266646065001244,20
23812,3,3,-0.07434854020859405,16
23813,1,1,0.06509654159141744,11
23813,1,2,0.026409158022258954,23
23813,1,3,-0.01831743353832175,28
23813,2,1,0.026922604618530615,25
23813,2,2,0.026067215541161794,18
23813,2,3,0.09141690827390361,18
23813,3,1,0.01608863793810843,26
23813,3,2,0.02267006862138928,20
23813,3,3,0.04705252176673372,15
23814,1,1,-0.017190543905930656,12
23814,1,2,-0.026280921212462262,18
23814,1,3,-0.0419757407668543,32
23814,2,1,-0.019449638866913106,24
23814,2,2,0.010238241712688759,21
23814,2,3,-0.03115069603657981,16
23814,3,1,-0.023134259060328486,26
23814,3,2,-0.0096942165234165,22
23814,3,3,-0.020985505449975413,13
23815,1,1,0.1031527818427437,10
23815,1,2,0.10963640771439495,17
23815,1,3,0.13378386658934152,35
23815,2,1,0.12537656103613773,19
23815,2,2,0.12493030481586587,29
23815,2,3,0.1652466150553888,14
23815,3,1,0.06692849743397532,33
23815,3,2,0.08812511012172167,16
23815,3,3,0.11267666864139862,12
23816,1,1,0.030816750962038265,12
23816,1,2,-0.021547268048483937,17
23816,1,3,-0.022814041284432634,34
23816,2,1,0.017257152713831082,26
23816,2,2,-0.011956306411943625,21
23816,2,3,-0.03777131935641047,15
23816,3,1,0.01863427321326181,25
23816,3,2,0.011853792399340101,24
23816,3,3,-0.006225736298609921,13
23817,1,1,0.0407943931938489,6
23817,1,2,-0.002597229549218513,19
23817,1,3,-0.03900847723899299,39
23817,2,1,0.014762281569182682,26
23817,2,2,0.009930056441536349,24
23817,2,3,0.007327085506385429,13
23817,3,1,0.018658865025710437,32
23817,3,2,0.023742702759156624,20
23817,3,3,0.014939931248690055,11
23818,1,1,0.011757268796005882,17
23818,1,2,0.01878241746715196,17
23818,1,3,-0.008569181902488192,30
23818,2,1,0.009322414133497554,29
23818,2,2,0.0041941190829714115,20
23818,2,3,-0.026353773903667208,15
23818,3,1,-0.01749382458340483,18
23818,3,2,-0.002596088676948909,27
23818,3,3,0.014168152015469138,18
23819,1,1,0.01956365199478031,18
23819,1,2,0.010825718284907042,16
23819,1,3,0.03552345768631974,31
23819,2,1,0.01768605773568535,23
23819,2,2,0.0288108340166921,24
23819,2,3,0.03836803109387292,17
23819,3,1,0.0329624865600739,24
23819,3,2,0.01874632735468352,24
23819,3,3,0.0714617137779743,16
23820,1,1,0.13853223904752485,14
23820,1,2,0.09167508654718316,17
23820,1,3,0.17448937491559616,35
23820,2,1,0.08947871641865958,28
23820,2,2,0.07926357867225373,21
23820,2,3,0.09274369023045306,16
23820,3,1,0.046994069572747835,24
23820,3,2,0.1467335339556707,27
23820,3,3,0.06918711383616356,14
23821,1,1,-0.014530556864032072,15
23821,1,2,0.010689002991222354,17
23821,1,3,0.005584977734576494,34
23821,2,1,0.02764279193734919,23
23821,2,2,0.023777524867589318,30
23821,2,3,-0.012708775436441,13
23821,3,1,0.03562541133167748,28
23821,3,2,0.021782138594968824,19
23821,3,3,0.045359581347648566,18
23822,1,1,-7.581730620700051e-4,11
23822,1,2,-0.0041352545666586615,19
23822,1,3,-0.013163862347929907,36
23822,2,1,0.034840676144355175,24
23822,2,2,-0.015746757815061567,22
23822,2,3,-0.013864737153957743,20
23822,3,1,0.04328662658100724,31
23822,3,2,-0.015244661456440114,25
23822,3,3,-0.03432532942216568,9
23823,1,1,-0.0033032186954737378,24
23823,1,2,-0.02340362372122124,23
23823,1,3,0.012011675750441618,19
23823,2,1,-0.01347216470391087,22
23823,2,2,-0.0014423422117021596,23
23823,2,3,0.01193394654478922,21
23823,3,1,0.02122620250690784,20
23823,3,2,0.0021065567291383147,20
23823,3,3,-0.0030460165440532715,25
23824,1,1,0.084850909483713155,18
23824,1,2,0.05661669812246011,19
23824,1,3,0.0572799026666445,29
23824,2,1,0.05953625911161087,26
23824,2,2,0.07737476530888629,23
23824,2,3,0.05455590418059257,17
23824,3,1,0.06684828312030745,22
23824,3,2,0.07577047131939232,24
23824,3,3,0.08973869048186185,19
23825,1,1,0.021438464476968892,15
23825,1,2,0.00882413984630389,20
23825,1,3,0.013545158117076862,31
23825,2,1,0.015366018797231658,29
23825,2,2,0.021997204191524428,20
23825,2,3,0.03304599280175559,17
23825,3,1,0.03294424570820874,22
23825,3,2,0.035096085902557764,26
23825,3,3,0.05069956661727858,17
23826,1,1,0.017532689784560476,17
23826,1,2,0.013243299230980657,20
23826,1,3,0.03152373705777914,29
23826,2,1,0.012783619577808172,27
23826,2,2,0.01047827885776383,19
23826,2,3,0.01282001291780762,20
23826,3,1,-0.01715832205798285,22
23826,3,2,0.0015856305288845856,27
23826,3,3,-0.021270839378799096,17
23827,1,1,-0.0014929291347069047,19
23827,1,2,-0.034113346665902336,16
23827,1,3,-0.04463049492990076,32
23827,2,1,0.006678345131099726,27
23827,2,2,-0.011967318237542268,22
23827,2,3,-0.02511990903527208,18
23827,3,1,0.008580761226654434,21
23827,3,2,-0.0030653344003979065,29
23827,3,3,-0.02062557434874622,16
23828,1,1,-0.02519568213814828,19
23828,1,2,-0.060216331573698226,25
23828,1,3,-0.060047644812157214,23
23828,2,1,-0.03551704544887134,25
23828,2,2,-0.05293134574744219,23
23828,2,3,-0.02925097020702926,19
23828,3,1,-0.0513808291833231,23
23828,3,2,-0.07695473427978995,19
23828,3,3,-0.06395852275156882,25
23829,1,1,0.02406465616270196,26
23829,1,2,0.04649429799927528,18
23829,1,3,-0.004627868676305394,23
23829,2,1,0.04410475833428031,21
23829,2,2,0.054480363841281874,29
23829,2,3,0.05095206458086067,17
23829,3,1,0.08970560205605843,20
23829,3,2,0.0429010094315924,20
23829,3,3,0.07506963166017973,27
23830,1,1,0.09530484768125722,18
23830,1,2,0.09540269214010164,19
23830,1,3,0.09998993158256017,31
23830,2,1,0.07179978973198763,25
23830,2,2,0.08446099920499216,27
23830,2,3,0.0906621118171027,16
23830,3,1,0.08343514124042109,25
23830,3,2,0.09993700032261327,22
23830,3,3,0.11676208822548155,20
23831,1,1,0.05981085247725584,18
23831,1,2,0.04732492647777246,13
23831,1,3,0.06186713024004446,37
23831,2,1,0.046229317332503225,24
23831,2,2,0.023510130859530264,33
23831,2,3,0.034271379286942225,11
23831,3,1,0.03515599786587176,26
23831,3,2,0.0291329316141829,22
23831,3,3,0.04961062556259886,20
23832,1,1,-0.012182967764857116,17
23832,1,2,0.007668241162049918,17
23832,1,3,0.03200694193377113,34
23832,2,1,0.02926214875113796,34
23832,2,2,0.01648563633069204,25
23832,2,3,-0.026509796519505933,9
23832,3,1,0.036631147089233575,17
23832,3,2,0.06460203200386692,26
23832,3,3,0.0907081784214174,25
23833,1,1,0.08873555313931264,15
23833,1,2,0.09136183055830693,21
23833,1,3,0.09511823387343334,32
23833,2,1,0.07628930305550749,26
23833,2,2,0.07592236429935001,26
23833,2,3,0.07466259034858086,16
23833,3,1,0.08084895586234726,27
23833,3,2,0.09164087361629834,21
23833,3,3,0.08880264180370502,20
23834,1,1,0.045083259358689856,18
23834,1,2,0.0187379097732351,28
23834,1,3,0.05961399872556068,22
23834,2,1,0.0512191739703961,27
23834,2,2,0.055794944081066736,24
23834,2,3,0.07778675744593014,17
23834,3,1,0.070586407549868585,23
23834,3,2,0.09576226668583979,16
23834,3,3,0.06170374397415941,29
23835,1,1,0.02278429950818244,17
23835,1,2,-0.005506486106129236,22
23835,1,3,0.02813579328765733,29
23835,2,1,-0.03245224216068977,28
23835,2,2,0.00909717879769591,23
23835,2,3,-0.021706231539857835,17
23835,3,1,-0.014643383731770522,23
23835,3,2,-0.001510265922882332,23
23835,3,3,2.643134699555198e-5,22
23836,1,1,-0.015321237018273051,7
23836,1,2,0.02522287903291836,23
23836,1,3,0.03149557192369311,38
23836,2,1,0.02563933206067904,33
23836,2,2,0.05343860228618706,28
23836,2,3,0.10894219418170119,7
23836,3,1,0.05910960271544512,28
23836,3,2,0.04856073003971115,17
23836,3,3,0.07004092118719654,23
23837,1,1,0.020208063812267953,24
23837,1,2,-0.0035738862373357696,23
23837,1,3,-0.07575822325647358,22
23837,2,1,0.02474119269920405,31
23837,2,2,0.02024071388374683,21
23837,2,3,-0.0056156328513225495,16
23837,3,1,0.04439545402949433,14
23837,3,2,-0.009112996244700345,24
23837,3,3,0.06475537764511743,30
23838,1,1,-0.05501280365276438,20
23838,1,2,-0.07025454607832626,27
23838,1,3,-0.0961662632080306,22
23838,2,1,-0.019804607953002498,34
23838,2,2,-0.06334395490678545,24
23838,2,3,-0.06325790974026113,11
23838,3,1,-0.05595713175152604,15
23838,3,2,-0.05347646635784495,18
23838,3,3,-0.07417448455238257,35
23839,1,1,0.08910284754728626,26
23839,1,2,0.05395279160871134,21
23839,1,3,0.10069537755460324,22
23839,2,1,0.04915185149226092,27
23839,2,2,0.06148052838211735,19
23839,2,3,0.06049621926733243,23
23839,3,1,0.03375272094333741,16
23839,3,2,0.05480501199035952,29
23839,3,3,0.010705724878046352,23
23840,1,1,-0.0490460300278419,28
23840,1,2,-0.04004476314162642,19
23840,1,3,-0.07564237483544707,23
23840,2,1,-0.08071018418536283,27
23840,2,2,-0.07206130380573479,28
23840,2,3,-0.07057262873806552,15
23840,3,1,-0.1246864287139441,15
23840,3,2,-0.10518376540657157,23
23840,3,3,-0.09709846653903947,31
23841,1,1,-0.02371763193084793,17
23841,1,2,0.05013558707603413,21
23841,1,3,0.0238002696141973,32
23841,2,1,0.04975330543445223,23
23841,2,2,0.04909375496999256,24
23841,2,3,0.06063067248749017,23
23841,3,1,0.05116214943120568,30
23841,3,2,0.08338325604070745,25
23841,3,3,0.059207488259597665,15
23842,1,1,0.028439203596527858,24
23842,1,2,0.01163992525342779,15
23842,1,3,-0.0027468633345926986,31
23842,2,1,0.02513685059496394,23
23842,2,2,0.01635087519515107,32
23842,2,3,-0.013941204117599377,15
23842,3,1,0.0032534563882078878,23
23842,3,2,6.233020453826717e-4,23
23842,3,3,0.004409053901564509,24
23843,1,1,-0.003058306996894732,18
23843,1,2,-0.01798448079658644,24
23843,1,3,-0.06628091856530834,28
23843,2,1,-0.024262987959204688,28
23843,2,2,-0.02970720281200887,22
23843,2,3,-0.025576269557271446,20
23843,3,1,-0.029088650491701763,24
23843,3,2,-0.007579339298493137,24
23843,3,3,-0.028502073643529025,22
23844,1,1,0.11737669178522686,17
23844,1,2,0.16261979344655975,22
23844,1,3,0.16634289910321506,32
23844,2,1,0.09989617366979292,26
23844,2,2,0.15972794552729075,26
23844,2,3,0.14600783549883797,18
23844,3,1,0.11048996646294632,28
23844,3,2,0.13273803659271477,22
23844,3,3,0.20993340714836325,20
23845,1,1,0.059232784464225904,16
23845,1,2,0.06842477319747291,26
23845,1,3,0.08015786745928385,29
23845,2,1,0.05021071315378053,28
23845,2,2,0.04720354889912526,18
23845,2,3,0.057841452791189,25
23845,3,1,-4.924640533775791e-4,27
23845,3,2,0.08686593692152161,27
23845,3,3,0.10876597802956375,16
23846,1,1,-0.005881525054024497,18
23846,1,2,-0.003754794502359049,24
23846,1,3,0.04861401892582144,29
23846,2,1,0.0129834488587646,26
23846,2,2,0.030846784778840203,24
23846,2,3,0.01858903666660371,21
23846,3,1,-0.007088335666618676,27
23846,3,2,0.017332851704890358,23
23846,3,3,0.021513337326163437,20
23847,1,1,-0.027147100210969978,18
23847,1,2,-0.04488404158012869,22
23847,1,3,0.002833999669168759,31
23847,2,1,-0.03128062882329164,31
23847,2,2,-0.018658810944049205,22
23847,2,3,-0.04254916993762539,18
23847,3,1,-0.04680445218898782,22
23847,3,2,-0.017587493453963068,27
23847,3,3,-0.04692301067091507,21
23848,1,1,0.00578580678596732,21
23848,1,2,-0.0022755482530239395,23
23848,1,3,-4.389011123627966e-5,28
23848,2,1,-0.012818086118907423,34
23848,2,2,0.016342755628047934,22
23848,2,3,0.012609165270919421,15
23848,3,1,0.010185796132572016,17
23848,3,2,0.008451367506069285,26
23848,3,3,0.023685968509536876,28
23849,1,1,0.03648817194538791,27
23849,1,2,0.05157215693376123,19
23849,1,3,0.009320778158397925,26
23849,2,1,0.020903852495986842,28
23849,2,2,0.049849720629825275,28
23849,2,3,0.03800870006369435,16
23849,3,1,0.06698171451384083,17
23849,3,2,0.06491244262481337,25
23849,3,3,0.006444627400799395,29
23850,1,1,-0.008341143273800075,17
23850,1,2,0.06375728218463772,29
23850,1,3,0.04122496693688569,26
23850,2,1,0.03079021243022309,32
23850,2,2,0.03720870724573739,24
23850,2,3,0.03754617496560314,16
23850,3,1,0.013225179728959134,23
23850,3,2,0.07145935792360285,19
23850,3,3,0.033583803747213106,29
23851,1,1,0.03207877299150945,22
23851,1,2,0.039576658503913315,22
23851,1,3,0.05656766348395513,28
23851,2,1,0.04496918832421716,31
23851,2,2,0.028262112106732892,26
23851,2,3,0.021144031593832442,15
23851,3,1,0.03890859555221532,19
23851,3,2,0.07675049364054316,24
23851,3,3,0.0567330063912009,28
23852,1,1,-0.03352278737067543,32
23852,1,2,-0.010068074663498034,18
23852,1,3,-0.05423164735070319,22
23852,2,1,-0.023375644231343334,19
23852,2,2,-0.03458728459262027,31
23852,2,3,0.0030315752164139977,22
23852,3,1,-0.01709584890600681,21
23852,3,2,-0.004404319716710988,23
23852,3,3,2.2803415020762858e-5,28
23853,1,1,-0.1143731346819862,33
23853,1,2,-0.1527704477634187,16
23853,1,3,-0.2676243843073686,24
23853,2,1,-0.2262072350561601,25
23853,2,2,-0.2637746733079112,28
23853,2,3,-0.29020404105327685,19
23853,3,1,-0.24513942959418686,15
23853,3,2,-0.24480966772190596,28
23853,3,3,-0.31853095078015764,29
23854,1,1,-0.05392533796218962,38
23854,1,2,-0.06295491425684892,19
23854,1,3,-0.05660957561584497,16
23854,2,1,-0.05538213778556837,24
23854,2,2,-0.08967655893708353,28
23854,2,3,-0.10054440586929303,21
23854,3,1,-0.07563923877204483,11
23854,3,2,-0.04193919089548089,26
23854,3,3,-0.057423535721502536,35
23855,1,1,0.010682371275459169,30
23855,1,2,0.027423526254968262,23
23855,1,3,-0.008279466728976196,20
23855,2,1,0.07074112265114392,25
23855,2,2,0.08425402712458743,22
23855,2,3,0.07218836073855153,26
23855,3,1,0.15807364052998676,18
23855,3,2,0.11097551389828068,28
23855,3,3,0.20067186464698628,26
23856,1,1,0.09785629011566006,23
23856,1,2,0.08319407117248682,24
23856,1,3,0.14739322306302097,26
23856,2,1,0.09372569664855494,35
23856,2,2,0.03158333279710521,23
23856,2,3,0.04737157364111798,15
23856,3,1,0.03692007092661688,15
23856,3,2,0.021710805301869345,26
23856,3,3,-0.022683153796918962,31
23857,1,1,0.05517949366512419,15
23857,1,2,0.0340147429808418,27
23857,1,3,0.07311422843254861,31
23857,2,1,0.008778362070089231,31
23857,2,2,0.05644581069731246,23
23857,2,3,0.08157552262639545,19
23857,3,1,0.0371328307316388,27
23857,3,2,0.07310789494816657,23
23857,3,3,0.11419285259833922,22
23858,1,1,-0.003766010929451835,8
23858,1,2,0.017129308079001877,23
23858,1,3,0.010385091908982005,42
23858,2,1,-0.0094685373303691,33
23858,2,2,-0.03090727999624749,28
23858,2,3,0.036801025518831854,12
23858,3,1,-0.006626199922983959,32
23858,3,2,-0.006741897004781435,22
23858,3,3,0.006055974759697537,18
23859,1,1,0.008697975750851343,17
23859,1,2,0.006735117906510373,24
23859,1,3,0.027323621141155427,32
23859,2,1,-0.0062074129642556,26
23859,2,2,0.005617768632033825,27
23859,2,3,0.019250428244738483,20
23859,3,1,-0.004437877943049215,30
23859,3,2,-0.012405655826925337,22
23859,3,3,0.058005576575990835,20
23860,1,1,0.0071797208413684095,17
23860,1,2,0.01295567766157454,19
23860,1,3,-0.0023229917996943246,37
23860,2,1,0.01898124364599436,29
23860,2,2,-0.003486458050914817,26
23860,2,3,-0.01590163478741104,18
23860,3,1,0.016683669198625295,27
23860,3,2,-0.013324808364100417,28
23860,3,3,-0.035548326727108545,17
23861,1,1,0.04449585871982238,13
23861,1,2,0.10678723160059159,23
23861,1,3,0.07478219803953493,37
23861,2,1,0.025125556119535136,26
23861,2,2,0.04660814437450257,25
23861,2,3,0.07140217364851113,22
23861,3,1,0.0327619465326682,34
23861,3,2,0.061787401570581255,25
23861,3,3,0.08332817517219046,14
23862,1,1,0.012911492230077752,20
23862,1,2,-0.0031035263748871505,19
23862,1,3,5.012696285545914e-4,34
23862,2,1,-0.017123384362467565,25
23862,2,2,0.019071928756420626,28
23862,2,3,-0.03329715937218695,20
23862,3,1,0.002837822701448249,28
23862,3,2,-0.026608933822087434,26
23862,3,3,-0.026487447213546282,19
23863,1,1,-7.862511196446778e-4,14
23863,1,2,-0.023073375316388825,29
23863,1,3,0.03733628281040965,31
23863,2,1,-0.01196735024404878,28
23863,2,2,-0.02299567800546907,23
23863,2,3,-0.057420511399590125,23
23863,3,1,-0.010362649849832522,32
23863,3,2,-0.04237524937719546,22
23863,3,3,-0.07286344855520267,19
23864,1,1,0.05219130392337076,18
23864,1,2,0.034682949019588225,24
23864,1,3,0.010607506101752843,33
23864,2,1,0.02276624958608629,25
23864,2,2,0.050009344126239016,24
23864,2,3,0.03648058292376748,25
23864,3,1,0.038333025997818876,32
23864,3,2,0.03463249557010202,26
23864,3,3,0.05488079957665905,16
23865,1,1,0.02631399364289142,18
23865,1,2,0.005044805053335526,28
23865,1,3,0.005440045485146264,29
23865,2,1,0.04171277244547251,24
23865,2,2,0.005182807526111094,29
23865,2,3,-0.013634234047705942,22
23865,3,1,0.03624176949859166,33
23865,3,2,0.009280254722419985,18
23865,3,3,-0.026889719137553378,23
23866,1,1,-0.024902294071552943,18
23866,1,2,-0.01958906295626619,29
23866,1,3,-0.04815463084359519,29
23866,2,1,-0.029702233668194945,26
23866,2,2,-0.01630962239534107,30
23866,2,3,-0.036928843562971776,19
23866,3,1,-0.018392987924609076,32
23866,3,2,-4.8274689117334263e-4,16
23866,3,3,-0.018953932781722943,27
23867,1,1,0.01442246657792093,25
23867,1,2,0.03252514857671438,27
23867,1,3,0.07618249934904793,24
23867,2,1,0.012640827446964495,29
23867,2,2,0.018567322937381323,24
23867,2,3,0.03567586045070713,23
23867,3,1,0.008559555080156192,22
23867,3,2,0.017554664923739652,25
23867,3,3,0.02746756894538091,28
23868,1,1,0.04479101851121522,28
23868,1,2,0.06469199587484092,24
23868,1,3,0.06661517389623038,24
23868,2,1,0.030790380181712377,29
23868,2,2,0.057808062680958755,31
23868,2,3,0.09229130232320541,16
23868,3,1,0.06406577620866523,19
23868,3,2,0.09243721611612236,21
23868,3,3,0.06546661797780831,36
23869,1,1,-0.028831831807269122,17
23869,1,2,-0.010884069421815943,26
23869,1,3,-0.021110264400728055,33
23869,2,1,-0.027753454157784196,36
23869,2,2,-0.017744542079504246,23
23869,2,3,-0.006491049431246478,17
23869,3,1,-0.008352554470540171,23
23869,3,2,0.006423863531821953,27
23869,3,3,0.04129178199305358,26
23870,1,1,0.019210383664411176,27
23870,1,2,0.03350507421723469,23
23870,1,3,0.013114083835128115,27
23870,2,1,0.015546835733556363,34
23870,2,2,0.023145004897333087,25
23870,2,3,0.03387675312893669,17
23870,3,1,0.04562091707613293,16
23870,3,2,0.03311166280535868,28
23870,3,3,0.026612552234239008,32
23871,1,1,0.04182339746989752,26
23871,1,2,0.027544393863960872,26
23871,1,3,0.0695301468203662,25
23871,2,1,0.04706985121628957,33
23871,2,2,0.07312297068596063,23
23871,2,3,0.06596862760266196,20
23871,3,1,0.05949098449131744,18
23871,3,2,0.04752673875929979,27
23871,3,3,0.06271585683549183,31
23872,1,1,0.06100299410680362,23
23872,1,2,0.03563618954975759,28
23872,1,3,0.046403123441965545,26
23872,2,1,0.04005723557478861,34
23872,2,2,0.062272516861985795,24
23872,2,3,0.044073949869064405,18
23872,3,1,0.040812901535385006,20
23872,3,2,0.03757331105707394,24
23872,3,3,0.05531983999299854,32
23873,1,1,-0.0011780853021933874,25
23873,1,2,-0.016803935880683296,22
23873,1,3,-0.07331288915684916,30
23873,2,1,0.0024059363763610335,31
23873,2,2,2.491711527962748e-4,23
23873,2,3,-0.0050063329905136,22
23873,3,1,0.020164139546012372,21
23873,3,2,-0.005019688587239475,31
23873,3,3,-0.0028135536608878227,24
23874,1,1,0.06533017376556459,23
23874,1,2,0.07225372855261442,28
23874,1,3,-0.0144992662055146,26
23874,2,1,0.07100758771284538,34
23874,2,2,0.08962634475464269,26
23874,2,3,0.06521409379974737,17
23874,3,1,0.08521496767010388,20
23874,3,2,0.08743335618588634,23
23874,3,3,0.12259023530521983,33
23875,1,1,0.026724715304027702,35
23875,1,2,0.035687639340891156,19
23875,1,3,0.05989355485664746,23
23875,2,1,-9.852859784435085e-4,25
23875,2,2,0.022105626780893638,29
23875,2,3,0.029298219132223705,23
23875,3,1,0.0045959129247369074,17
23875,3,2,0.03247177760349227,29
23875,3,3,0.03725851679472093,31
23876,1,1,-0.01400766003371114,24
23876,1,2,-0.018012442010932144,28
23876,1,3,0.0022053174085874616,25
23876,2,1,-4.800007060748347e-4,36
23876,2,2,-0.019400679555786268,23
23876,2,3,-0.018693016387803664,18
23876,3,1,-0.002616272749777073,17
23876,3,2,0.023537817495173436,26
23876,3,3,0.017509310211855367,34
23877,1,1,-0.020600595988666735,22
23877,1,2,-0.008787645023388448,20
23877,1,3,-0.08097866234350971,35
23877,2,1,-0.005119154331702491,32
23877,2,2,-0.015867077097962104,24
23877,2,3,-0.020502819494651867,21
23877,3,1,-0.019947058595398942,23
23877,3,2,0.005810998209285302,33
23877,3,3,-0.06111962733055529,21
23878,1,1,0.028241617469458895,27
23878,1,2,-0.00710612179440199,25
23878,1,3,0.023068344062198636,25
23878,2,1,0.011007973957784873,25
23878,2,2,0.03249186862629696,27
23878,2,3,0.0021591994745046882,25
23878,3,1,0.03764159892537707,25
23878,3,2,0.043176077191050835,25
23878,3,3,0.023030448257094403,27
23879,1,1,0.03147684445858276,35
23879,1,2,0.07368242817348719,19
23879,1,3,0.02054344704271123,23
23879,2,1,0.018666647121719518,26
23879,2,2,0.004775412528645813,25
23879,2,3,0.023488152129647645,26
23879,3,1,0.011265814184961906,16
23879,3,2,0.01642119944068963,33
23879,3,3,0.014134803614252456,28
23880,1,1,-0.042820474157361746,29
23880,1,2,-0.027069250535873748,19
23880,1,3,-0.054199586356510225,29
23880,2,1,-0.06696764296664524,29
23880,2,2,-0.06907201531763273,32
23880,2,3,-0.05177453694826065,16
23880,3,1,-0.08823782243299173,19
23880,3,2,-0.09006043586127867,26
23880,3,3,-0.07302279230711976,32
23881,1,1,0.010845385107098957,23
23881,1,2,0.009548062847464296,24
23881,1,3,0.07471693237003403,30
23881,2,1,0.010355177942993565,30
23881,2,2,0.010491312336175094,30
23881,2,3,0.027382240776648824,17
23881,3,1,0.029966122725581246,24
23881,3,2,0.036858904671252225,23
23881,3,3,0.027046600351306693,30
23882,1,1,0.029474070110601224,18
23882,1,2,0.022023773660606004,26
23882,1,3,0.11279735827534992,33
23882,2,1,0.011965740234546756,33
23882,2,2,0.03410576582212589,25
23882,2,3,0.04041311760335918,19
23882,3,1,0.027810545611097533,26
23882,3,2,0.03516601624255097,26
23882,3,3,0.04491915962298165,25
23883,1,1,-0.02675986196933832,20
23883,1,2,-0.036272722333730884,22
23883,1,3,-0.05009320682061126,36
23883,2,1,-0.032802867239748505,37
23883,2,2,-0.020606259353423768,20
23883,2,3,-0.024066777678411127,20
23883,3,1,-0.010620044088195299,21
23883,3,2,-0.01573901574177718,35
23883,3,3,-0.03719910754769089,21
23884,1,1,0.0627357044797466,18
23884,1,2,0.07894454954834021,28
23884,1,3,0.11188526381097355,32
23884,2,1,0.06887411672413546,36
23884,2,2,0.10413649506885346,28
23884,2,3,0.12953386152906674,13
23884,3,1,0.07947997036864154,24
23884,3,2,0.11667295875854539,21
23884,3,3,0.13747602875472,32
23885,1,1,-0.02348428902842191,17
23885,1,2,-0.019852182182973514,24
23885,1,3,0.010113315774244274,37
23885,2,1,0.0035922194732647414,39
23885,2,2,0.010934444077098607,24
23885,2,3,-0.0010384310925200377,14
23885,3,1,0.008209532813143499,22
23885,3,2,0.006489235993956046,29
23885,3,3,0.03235745798167357,26
23886,1,1,-0.040535581142924916,18
23886,1,2,-0.032020377333222536,24
23886,1,3,-0.0569617347596317,36
23886,2,1,0.008549402778627242,43
23886,2,2,-0.013220472285572807,27
23886,2,3,-0.05799997726631016,7
23886,3,1,0.021605818788291792,17
23886,3,2,-0.02041584823973089,26
23886,3,3,0.005740603503035187,34
23887,1,1,-0.11655722792808663,20
23887,1,2,-0.10202252288808117,27
23887,1,3,-0.1208171678295249,31
23887,2,1,-0.08867239742323767,42
23887,2,2,-0.10099230629974024,22
23887,2,3,-0.11215741295547894,14
23887,3,1,-0.11720454702855221,16
23887,3,2,-0.07843597213354168,29
23887,3,3,-0.1265435787067334,33
23888,1,1,-0.08134711885788112,23
23888,1,2,-0.0728847018149891,28
23888,1,3,-0.09155505114870738,28
23888,2,1,-0.05105205274137695,37
23888,2,2,-0.059374332111731626,25
23888,2,3,-0.055806440584892994,16
23888,3,1,-0.07784296523522671,19
23888,3,2,-0.043401600986417314,25
23888,3,3,-0.08336377931764914,34
23889,1,1,-0.029480744978605106,23
23889,1,2,-0.05230716261993207,27
23889,1,3,-0.046345990605967634,29
23889,2,1,0.02718413916280779,37
23889,2,2,0.00200820967233839,26
23889,2,3,0.017883834767098906,15
23889,3,1,0.003981513354108328,19
23889,3,2,-0.022608634842568722,25
23889,3,3,-0.024558976590815115,34
23890,1,1,0.10351484742645103,22
23890,1,2,0.12206521709831786,24
23890,1,3,0.14741795106440583,33
23890,2,1,0.07025152729112615,34
23890,2,2,0.08887769250620567,29
23890,2,3,0.11441504204998648,16
23890,3,1,0.09597065890568918,23
23890,3,2,0.0894324816236888,26
23890,3,3,0.07218410452986926,29
23891,1,1,0.04321824005881483,16
23891,1,2,0.04614995310262087,25
23891,1,3,0.042921009020959924,38
23891,2,1,0.03869981210995978,35
23891,2,2,0.058376744205368675,26
23891,2,3,0.09602521392242282,18
23891,3,1,0.005301320540608045,28
23891,3,2,0.026063279048988672,28
23891,3,3,0.03589744400872665,23
23892,1,1,0.03785800935985262,8
23892,1,2,0.11434595555655958,21
23892,1,3,0.18290666351408943,50
23892,2,1,0.03683797076741067,31
23892,2,2,0.055027675466186435,34
23892,2,3,0.10058803931612949,14
23892,3,1,0.014218843205817825,40
23892,3,2,0.05747230264648309,24
23892,3,3,0.1449093482764806,15
23893,1,1,0.07253638481692058,11
23893,1,2,0.06584351834924604,26
23893,1,3,0.14512420812397894,43
23893,2,1,0.05200855712939714,29
23893,2,2,0.0854397420394846,31
23893,2,3,0.10574517481630827,19
23893,3,1,0.0833997133302892,40
23893,3,2,0.0971666630452622,22
23893,3,3,0.10888361285921935,17
23894,1,1,0.032069512640443096,15
23894,1,2,0.030273852709144254,26
23894,1,3,0.062480601572219616,39
23894,2,1,0.0369907981599067,36
23894,2,2,0.011240983125661868,25
23894,2,3,0.11384613964819901,18
23894,3,1,0.0639472584877327,29
23894,3,2,0.06641933511914469,28
23894,3,3,0.03905668268181799,22
23895,1,1,-5.62642652539755e-4,14
23895,1,2,0.005696863467554949,28
23895,1,3,0.02451828698302193,38
23895,2,1,0.005951591704796013,37
23895,2,2,0.03993526675842868,20
23895,2,3,-0.0055744067031988425,23
23895,3,1,0.011015035162545017,29
23895,3,2,0.009012842715599581,32
23895,3,3,0.03020123400621539,19
23896,1,1,0.05192336528244592,21
23896,1,2,0.07690667111436393,29
23896,1,3,0.08430343861442462,31
23896,2,1,0.031733570651940005,39
23896,2,2,0.03177412563909883,24
23896,2,3,0.035989687224866215,17
23896,3,1,0.04018169222343189,21
23896,3,2,0.06479412084526075,27
23896,3,3,0.03638825937810146,32
23897,1,1,-0.0322278257968245,23
23897,1,2,-0.028623964518850704,28
23897,1,3,-0.023412759124344002,30
23897,2,1,-0.02259654384690183,39
23897,2,2,-0.03965406922608746,23
23897,2,3,-0.060488177548138886,18
23897,3,1,-0.030567939797463962,19
23897,3,2,-0.03691417639072813,29
23897,3,3,-0.049798335200987864,32
23898,1,1,0.016880621131513424,16
23898,1,2,0.04309045288802398,25
23898,1,3,0.010300193201886765,40
23898,2,1,0.025152106870508596,41
23898,2,2,0.05737051618873316,18
23898,2,3,0.04039286166376779,21
23898,3,1,0.06621747824666868,24
23898,3,2,0.07527331903879354,37
23898,3,3,0.05330828068618758,19
23899,1,1,0.028853450765454,21
23899,1,2,0.022003290621052784,29
23899,1,3,0.025825430884789353,31
23899,2,1,0.030354430011998397,40
23899,2,2,0.017154219881435485,20
23899,2,3,0.05537362148024875,20
23899,3,1,0.033920656902608155,20
23899,3,2,0.05189914567998753,31
23899,3,3,0.09322345375224671,29
23900,1,1,-0.01344393265829743,28
23900,1,2,-0.0244660751188648,31
23900,1,3,-0.042479138716917164,22
23900,2,1,0.023603066231835175,38
23900,2,2,-0.010539795585153453,25
23900,2,3,-0.022429923001251885,18
23900,3,1,0.019239834146252934,15
23900,3,2,0.0029084407006401583,25
23900,3,3,8.325715781584086e-4,40
23901,1,1,0.02793091478375086,33
23901,1,2,-0.01774804710658332,21
23901,1,3,0.019165857650127672,27
23901,2,1,0.029179885945571703,34
23901,2,2,0.031139903846068434,30
23901,2,3,0.005915076637728944,17
23901,3,1,0.050651164330912754,14
23901,3,2,0.03485386878812824,30
23901,3,3,0.10207543401860338,36
23902,1,1,-0.013631093942858582,34
23902,1,2,-0.03429880838338453,27
23902,1,3,-0.0682613957573795,20
23902,2,1,-0.007291893831316054,33
23902,2,2,-0.022776440235643763,32
23902,2,3,-0.053577411557920604,16
23902,3,1,-0.026859043021599683,14
23902,3,2,-0.039607792748447654,22
23902,3,3,-0.03275178033014249,44
23903,1,1,0.07931207670565706,33
23903,1,2,0.06059942360321284,25
23903,1,3,0.0831810558696347,23
23903,2,1,0.09844207117438894,34
23903,2,2,0.11882207804052,27
23903,2,3,0.14206442329752553,20
23903,3,1,0.15586579723470156,14
23903,3,2,0.13675171125536464,29
23903,3,3,0.16794733667477976,37
23904,1,1,-0.0020663974183935028,29
23904,1,2,0.0245235978589526,29
23904,1,3,0.06670245735891507,23
23904,2,1,5.055167986108999e-4,36
23904,2,2,0.008587545893432537,27
23904,2,3,0.020453492764259933,18
23904,3,1,0.05462322582958615,16
23904,3,2,-0.017587652607610374,25
23904,3,3,0.0986658619001614,39
23905,1,1,-9.798688156261543e-4,29
23905,1,2,0.009026831258670674,32
23905,1,3,0.012024525018626595,20
23905,2,1,0.01267800138727312,37
23905,2,2,0.021719249791444215,26
23905,2,3,0.03286502942394552,18
23905,3,1,0.02961203956114311,15
23905,3,2,0.041874269039819,23
23905,3,3,0.027708478237282497,42
23906,1,1,-0.005764104147135731,20
23906,1,2,-0.01585327424249307,31
23906,1,3,-0.03405201456733404,30
23906,2,1,-0.008347232975823697,42
23906,2,2,0.017274158351221577,23
23906,2,3,-0.024526372813525668,16
23906,3,1,-0.017698838976751445,19
23906,3,2,-0.031007730269383825,27
23906,3,3,-0.03273632743553737,34
23907,1,1,0.019749952735385483,26
23907,1,2,-0.0011484026821719268,27
23907,1,3,0.07312195207939888,28
23907,2,1,0.02982777567621926,39
23907,2,2,0.01455592722813286,24
23907,2,3,-0.06607743477430872,18
23907,3,1,0.0423430227639726,16
23907,3,2,4.329249172677504e-4,30
23907,3,3,-0.05399924969031165,34
23908,1,1,0.02059524161391261,29
23908,1,2,0.02438128756964185,26
23908,1,3,0.011038333797930795,26
23908,2,1,0.011409842439424549,34
23908,2,2,0.03565301760510149,33
23908,2,3,0.015812981511542236,14
23908,3,1,0.014432286487125422,18
23908,3,2,0.0372301798382053,22
23908,3,3,0.002039313346038362,40
23909,1,1,0.010464915121821593,25
23909,1,2,0.00306265120296223,29
23909,1,3,-0.07998150515882028,28
23909,2,1,-0.0016164855344139735,38
23909,2,2,-0.021252931032726536,29
23909,2,3,-0.022361567515997372,14
23909,3,1,0.007494086038415998,19
23909,3,2,-0.03237266462890341,23
23909,3,3,-0.05771277230530264,39
23910,1,1,0.03016202680451361,24
23910,1,2,0.06697488602150982,25
23910,1,3,0.045279457617698096,33
23910,2,1,0.05710370150899656,30
23910,2,2,0.02646707224748964,29
23910,2,3,0.04876426382391828,22
23910,3,1,0.0721035692675333,28
23910,3,2,0.044538661519298896,27
23910,3,3,0.07090712477381064,26
23911,1,1,-0.017165207037356606,28
23911,1,2,0.002037063723394844,30
23911,1,3,-0.032714693109958407,24
23911,2,1,-0.008239587617001947,39
23911,2,2,-0.011380658241720949,23
23911,2,3,-0.04080013666833268,20
23911,3,1,-0.023653751408478745,15
23911,3,2,-0.04806159730877016,29
23911,3,3,-0.020372969560050785,38
23912,1,1,0.012142984808077332,23
23912,1,2,0.014390694506486735,24
23912,1,3,0.044329985171613316,36
23912,2,1,0.028773795243795607,30
23912,2,2,0.027924943554602677,35
23912,2,3,0.05708387855915851,17
23912,3,1,0.03337671386252304,30
23912,3,2,0.037097907643518266,23
23912,3,3,0.014013352748738285,29
23913,1,1,-0.004249853732393146,25
23913,1,2,0.01043018098616573,19
23913,1,3,0.04725565952682109,39
23913,2,1,0.003102709650342894,35
23913,2,2,0.033473071330723365,32
23913,2,3,0.04744151526964774,16
23913,3,1,0.015520879130849008,23
23913,3,2,0.04772556098896818,32
23913,3,3,0.05855133058797968,27
23914,1,1,0.03811751314733411,20
23914,1,2,0.020214010489486324,24
23914,1,3,0.09450475607311708,39
23914,2,1,0.030163055452547473,39
23914,2,2,0.0363389886428365,28
23914,2,3,0.07099210081145786,16
23914,3,1,0.03383958725971063,24
23914,3,2,0.041601201813641235,31
23914,3,3,0.09935125398306502,28
23915,1,1,0.00744046737343978,21
23915,1,2,0.031031741716959948,23
23915,1,3,-0.0018379909176027115,40
23915,2,1,0.027849461365383812,41
23915,2,2,0.017175816696709485,28
23915,2,3,0.05902792190922666,14
23915,3,1,0.034597001303910385,22
23915,3,2,0.040056487686534345,32
23915,3,3,0.04976856746796236,29
23916,1,1,0.014764609260175096,23
23916,1,2,-0.01611793679620437,29
23916,1,3,0.04582925606626014,32
23916,2,1,0.009998783688220467,35
23916,2,2,0.026638954631022577,30
23916,2,3,0.02371781804541111,19
23916,3,1,0.014415034119727697,26
23916,3,2,0.06172365746022192,25
23916,3,3,0.05910788731448466,33
23917,1,1,0.007552996847491453,30
23917,1,2,-0.040669657948542284,25
23917,1,3,-0.04005368467526063,30
23917,2,1,0.012078578910522709,40
23917,2,2,0.03442476108546429,27
23917,2,3,0.014698912645613637,17
23917,3,1,0.037074408280633686,15
23917,3,2,0.021033152153378518,32
23917,3,3,0.009044672823655609,37
23918,1,1,0.015062104386087146,21
23918,1,2,0.027075840266804194,28
23918,1,3,0.04782973001730271,36
23918,2,1,0.025323796142834698,43
23918,2,2,0.049548979521271845,28
23918,2,3,0.046092654195189806,14
23918,3,1,0.04778594769349512,21
23918,3,2,0.03071628044331308,29
23918,3,3,0.055749366678919825,34
23919,1,1,-0.020148281657631953,27
23919,1,2,-0.01510135214928495,28
23919,1,3,0.021581921559794392,31
23919,2,1,-0.022291686305223823,38
23919,2,2,0.0020076593556719972,29
23919,2,3,-0.014188661522420246,18
23919,3,1,-0.050713333309648945,21
23919,3,2,-0.04144875891565865,28
23919,3,3,-0.02996857378944621,36
23920,1,1,0.028052250950638298,17
23920,1,2,0.053233708403320715,32
23920,1,3,0.06334936651813886,37
23920,2,1,0.013137903862077254,43
23920,2,2,0.007912198365134172,25
23920,2,3,0.035437090053084486,18
23920,3,1,-0.018046879746749435,26
23920,3,2,0.04306094033861647,29
23920,3,3,0.1114120965564722,30
23921,1,1,0.026865866702813705,20
23921,1,2,-0.05589951160019421,26
23921,1,3,-0.010455112446023344,40
23921,2,1,0.015247828436986733,38
23921,2,2,0.002492188604641371,32
23921,2,3,0.027416959580323835,16
23921,3,1,0.0398593611586985,28
23921,3,2,0.031249469985443288,28
23921,3,3,0.025400412026375573,29
23922,1,1,0.004948612241713301,25
23922,1,2,-0.036065425104936606,33
23922,1,3,-0.014019962863167063,28
23922,2,1,0.006270577249125266,36
23922,2,2,-0.0017111725597765137,24
23922,2,3,0.018135113635178536,26
23922,3,1,0.020630069545263148,25
23922,3,2,-0.0018152044426525365,29
23922,3,3,0.032429737180543296,32
23923,1,1,0.04211105099729329,37
23923,1,2,0.028082768541625176,26
23923,1,3,0.08691285768879313,25
23923,2,1,0.028951419101320507,36
23923,2,2,0.05334637624423149,32
23923,2,3,0.11026334819535247,19
23923,3,1,0.06133345536377845,15
23923,3,2,0.05333674121738656,29
23923,3,3,0.09288940583806306,43
23924,1,1,-0.010064754165014782,30
23924,1,2,-0.018882661928715554,32
23924,1,3,0.009274000239441632,26
23924,2,1,-7.763454696901307e-5,39
23924,2,2,0.006831278292650644,31
23924,2,3,0.016066400194580686,17
23924,3,1,0.0270390275035022,19
23924,3,2,0.03382416402750847,24
23924,3,3,0.04444290990770601,44
23925,1,1,-0.008220239495797844,24
23925,1,2,0.05983364994411558,34
23925,1,3,0.9547489984876758,30
23925,2,1,-0.0086670468730012,42
23925,2,2,0.0066872637305873455,29
23925,2,3,-0.034737087026906796,16
23925,3,1,0.035542113919673685,22
23925,3,2,-0.02581447316864192,24
23925,3,3,0.002119283635645697,41
23926,1,1,-0.004105321783074323,30
23926,1,2,-0.011674996487221822,31
23926,1,3,0.01605445608192755,27
23926,2,1,-0.021042463062550282,43
23926,2,2,-0.014229233470784235,30
23926,2,3,-0.048662712949319585,14
23926,3,1,-0.01926233205396807,15
23926,3,2,-0.034145650620072195,26
23926,3,3,-0.026137710029159066,46
23927,1,1,0.027414358062210854,23
23927,1,2,0.019111221854675776,36
23927,1,3,-0.0024494258279150398,29
23927,2,1,0.02683750747492973,49
23927,2,2,0.027606383860045637,23
23927,2,3,0.04383629901806367,15
23927,3,1,0.045520823318399614,16
23927,3,2,0.02677860314634395,28
23927,3,3,0.04112483763572561,43
23928,1,1,0.014589983600638368,29
23928,1,2,0.033637293514775415,34
23928,1,3,0.028025779764390708,25
23928,2,1,0.013181954318642917,41
23928,2,2,0.02697813313317575,28
23928,2,3,0.08981182060418665,18
23928,3,1,0.014376387009866137,18
23928,3,2,0.02395928900409299,25
23928,3,3,0.03490346882947326,44
23929,1,1,-0.025891946651297338,31
23929,1,2,-0.029948571335473767,29
23929,1,3,0.028187116016972973,28
23929,2,1,-0.027471680095502684,44
23929,2,2,-0.012793382003417723,25
23929,2,3,0.017267348856992867,18
23929,3,1,-0.00782707119885193,13
23929,3,2,0.00281975911809269,33
23929,3,3,9.278812808851491e-4,41
23930,1,1,-0.0215381051837026,29
23930,1,2,-0.053660791568328946,26
23930,1,3,-0.025321147695890073,33
23930,2,1,-0.05800617509261915,36
23930,2,2,-0.04128190544872612,34
23930,2,3,-0.035211238142848225,17
23930,3,1,-0.026438505987713728,23
23930,3,2,-0.03797274536231945,27
23930,3,3,-0.06183488226559051,37
23931,1,1,0.018850549678029217,33
23931,1,2,0.019940527489480175,31
23931,1,3,0.024863183622033665,24
23931,2,1,0.025976714759513974,40
23931,2,2,0.01856213918582794,26
23931,2,3,-0.005989890881080327,22
23931,3,1,0.015033511478938597,15
23931,3,2,0.0023049930503894114,31
23931,3,3,-0.009113662489262852,41
23932,1,1,0.012302039237609039,37
23932,1,2,0.0016524643480828173,30
23932,1,3,-0.022037456093388898,22
23932,2,1,0.0041439157007735206,42
23932,2,2,0.009539840802152415,25
23932,2,3,0.003346173244721259,22
23932,3,1,0.015958164724984108,10
23932,3,2,-0.010099446155256993,34
23932,3,3,0.007709117538613957,44
23933,1,1,-0.01161894571385202,32
23933,1,2,-0.02127566490704887,37
23933,1,3,-0.04129044555505349,21
23933,2,1,-0.0154323261314058,39
23933,2,2,-0.011419454342058377,30
23933,2,3,-0.03860870872385376,20
23933,3,1,-0.016832732729117044,19
23933,3,2,-0.015906809848148448,22
23933,3,3,-0.02023252595438334,48
23934,1,1,0.022757229972908428,26
23934,1,2,0.027547871249913963,31
23934,1,3,0.058465630576902156,33
23934,2,1,0.029387901200788456,35
23934,2,2,0.02891502060291224,36
23934,2,3,0.030721524534555053,19
23934,3,1,0.028229688200170088,29
23934,3,2,0.027414864651773084,23
23934,3,3,0.04196618218628518,37
23935,1,1,0.03518846350926668,30
23935,1,2,0.043749459063911776,29
23935,1,3,0.07149570854656552,31
23935,2,1,0.04343187850541963,35
23935,2,2,0.029054367409997717,34
23935,2,3,0.07975399492363856,21
23935,3,1,0.04201106302095759,25
23935,3,2,0.04426992829404886,27
23935,3,3,0.0968053303883539,38
23936,1,1,-0.020069197799359166,29
23936,1,2,-0.03245202161990889,28
23936,1,3,0.0027061585720149885,34
23936,2,1,-0.02614377380224458,35
23936,2,2,-0.033727263878613516,35
23936,2,3,-0.0070158321086692035,20
23936,3,1,-0.005590713036734348,27
23936,3,2,-0.00985951573401523,27
23936,3,3,0.01949337140787075,36
23937,1,1,0.012918135176056722,30
23937,1,2,0.013933886213537743,26
23937,1,3,0.037051375919739685,35
23937,2,1,0.02088182581059699,30
23937,2,2,0.0065870817336877545,37
23937,2,3,0.03587119589416511,24
23937,3,1,0.29987155785401887,31
23937,3,2,0.03780877933609564,28
23937,3,3,0.0557179668147219,31
23938,1,1,-0.020755858741192755,32
23938,1,2,-0.0377926019359095,27
23938,1,3,-0.03681700757766596,32
23938,2,1,-0.03707462402448393,38
23938,2,2,-0.043608841948161343,36
23938,2,3,-0.03788425176011484,17
23938,3,1,-0.02583134028314691,21
23938,3,2,-0.04629595644191057,28
23938,3,3,-0.026799822072597707,41
23939,1,1,0.003942558877522197,30
23939,1,2,1.515572011375249e-4,30
23939,1,3,-0.03342724213292331,32
23939,2,1,0.02680255725158305,44
23939,2,2,0.023035049729035847,27
23939,2,3,0.0015430779954404754,20
23939,3,1,0.048713310940391455,18
23939,3,2,0.023343385577239265,34
23939,3,3,0.021062176174953123,39
23940,1,1,0.03456198879339904,24
23940,1,2,0.04497927217114559,35
23940,1,3,0.0784580370194034,33
23940,2,1,0.01211110615056115,46
23940,2,2,0.05246242317854389,31
23940,2,3,0.02135281589539712,15
23940,3,1,0.007180500900501885,22
23940,3,2,-4.192795305229132e-4,26
23940,3,3,-0.010212641815037093,44
23941,1,1,0.04259183886106925,30
23941,1,2,0.04093792775942166,30
23941,1,3,0.06586182592085943,33
23941,2,1,0.03660314859808931,36
23941,2,2,0.06193652041655745,31
23941,2,3,0.06105954136786811,25
23941,3,1,0.029077637015179465,27
23941,3,2,0.07277233920121635,31
23941,3,3,0.054230925273989976,34
23942,1,1,0.030826979679619858,25
23942,1,2,0.013630848904192607,33
23942,1,3,0.019398502392272903,35
23942,2,1,0.016275684421719692,37
23942,2,2,0.029616129902809363,36
23942,2,3,0.06519683854193949,20
23942,3,1,0.03808525538461174,31
23942,3,2,0.04862921404936847,24
23942,3,3,0.05284461248213437,37
23943,1,1,0.0449866174510186,20
23943,1,2,0.03160906070895763,36
23943,1,3,0.0016689352706626755,38
23943,2,1,0.01545209563765048,47
23943,2,2,0.011431964294327142,24
23943,2,3,0.05818834566514858,23
23943,3,1,0.04302946229238994,27
23943,3,2,0.015002296806695643,34
23943,3,3,0.04119819770771291,32
23944,1,1,0.05290118454999367,23
23944,1,2,0.06107352967394087,33
23944,1,3,0.027779467555104888,39
23944,2,1,0.039499750941851416,50
23944,2,2,0.035702924807156464,28
23944,2,3,-0.016113017366894782,16
23944,3,1,0.026040543285787792,22
23944,3,2,0.008340173068949817,33
23944,3,3,0.044565197069369435,39
23945,1,1,-0.0026830892015375254,36
23945,1,2,0.01728817111256113,32
23945,1,3,0.0579854468099206,27
23945,2,1,0.010014014121512326,41
23945,2,2,0.01913362070185334,30
23945,2,3,0.028393521033669537,23
23945,3,1,0.03644650197177812,18
23945,3,2,0.053616894299028064,32
23945,3,3,0.11464643345214401,44
23946,1,1,0.029423399190876966,29
23946,1,2,0.05454546483693064,32
23946,1,3,0.03719362344760574,34
23946,2,1,0.023826966828002047,39
23946,2,2,0.04131524085630415,33
23946,2,3,0.06571772825058235,22
23946,3,1,0.07114560273658418,27
23946,3,2,0.03062500928618818,29
23946,3,3,0.09265258854449439,38
23947,1,1,0.027481651136776333,33
23947,1,2,0.012139785836560137,33
23947,1,3,0.009875764901058888,29
23947,2,1,0.005628852838305397,41
23947,2,2,0.020321462482754783,37
23947,2,3,0.03367306327706374,17
23947,3,1,0.010060519867593659,21
23947,3,2,0.0169720127029071,25
23947,3,3,0.024076457104381572,48
23948,1,1,0.031079619899716197,35
23948,1,2,0.014401359740768775,38
23948,1,3,0.004074072657845413,22
23948,2,1,0.0396186680588003,40
23948,2,2,0.010152919350913486,38
23948,2,3,0.003456899977156548,17
23948,3,1,0.07262859496960432,20
23948,3,2,0.055629989135664505,19
23948,3,3,0.025985013024665563,55
23949,1,1,-0.013844006248768064,28
23949,1,2,-0.029363034392579677,36
23949,1,3,-0.04118647129912124,31
23949,2,1,0.009681332253273651,45
23949,2,2,-0.007021826033810372,36
23949,2,3,-0.05011552691578486,14
23949,3,1,0.007222001452140201,22
23949,3,2,0.01668100677477276,23
23949,3,3,0.005331870124475522,49
23950,1,1,0.051535504568182275,34
23950,1,2,0.04618643657260885,37
23950,1,3,0.07826537429854036,24
23950,2,1,0.0445599122328758,44
23950,2,2,0.045326334112059205,35
23950,2,3,0.027909101633877748,16
23950,3,1,0.03602434400559832,17
23950,3,2,0.0606441385860302,23
23950,3,3,0.02560646908476546,54
23951,1,1,0.027261137108794783,37
23951,1,2,0.0046764388286017694,30
23951,1,3,-0.006697035523610932,28
23951,2,1,0.05824617069730611,39
23951,2,2,0.029141126621919068,34
23951,2,3,0.020041372546815373,22
23951,3,1,0.04004251567928213,19
23951,3,2,0.030248188279587047,31
23951,3,3,-0.01613524822896457,45
23952,1,1,0.035051416797351784,25
23952,1,2,0.0021014630113035974,37
23952,1,3,0.02319380292659877,35
23952,2,1,0.025525367323410424,50
23952,2,2,0.032735451432248965,28
23952,2,3,-0.018668570268995797,18
23952,3,1,0.04230705357979745,22
23952,3,2,0.06005565554166196,31
23952,3,3,-0.02609216561668497,43
23953,1,1,-0.002078158338567536,33
23953,1,2,0.03918628587444046,34
23953,1,3,0.028935728422644993,30
23953,2,1,-0.00837539853606277,40
23953,2,2,0.015530096983550661,36
23953,2,3,0.015139369699562675,20
23953,3,1,0.012396191892512547,24
23953,3,2,0.019938115323945967,26
23953,3,3,0.028509649671518575,46
23954,1,1,0.014060529024805965,43
23954,1,2,0.06742566295159305,23
23954,1,3,0.02526313070931517,31
23954,2,1,0.012579732374280707,39
23954,2,2,0.013314984432608559,38
23954,2,3,-0.03291867530693966,20
23954,3,1,-0.0030420750480454175,15
23954,3,2,0.022155900123429596,36
23954,3,3,0.014959181052792706,45
23955,1,1,-0.0083929503138438135,32
23955,1,2,0.041714031364599516,28
23955,1,3,0.10097670486237553,37
23955,2,1,-0.0034263181555547074,40
23955,2,2,0.0350406289976823,37
23955,2,3,0.03984842236408596,20
23955,3,1,0.02017271158136277,25
23955,3,2,0.011896760693505516,32
23955,3,3,0.062490135497703075,39
23956,1,1,0.004320138141934297,25
23956,1,2,0.024638696316452408,32
23956,1,3,0.0035871353072796197,40
23956,2,1,0.012075123702408184,46
23956,2,2,0.02280925915023177,34
23956,2,3,0.05993678605137884,17
23956,3,1,0.00563695785502677,26
23956,3,2,0.042370503944428345,31
23956,3,3,0.0524005515777768,40
23957,1,1,0.03884392058257091,33
23957,1,2,-0.009798792017552644,26
23957,1,3,-0.062453833239197364,39
23957,2,1,0.013162218763670649,41
23957,2,2,2.60093684184801e-4,35
23957,2,3,-0.024234439472620224,21
23957,3,1,0.021303566772046513,24
23957,3,2,0.014005845248994502,36
23957,3,3,-0.03506516801176953,37
23958,1,1,-0.05623804465244298,31
23958,1,2,-0.07121686919448096,37
23958,1,3,-0.09973328693973263,30
23958,2,1,-0.05019728327952919,45
23958,2,2,-0.05486031378641605,29
23958,2,3,-0.041437377301106595,24
23958,3,1,-0.010685715442205503,22
23958,3,2,-0.06585681830797172,32
23958,3,3,-0.075819179100595685,43
23959,1,1,0.03658167424878115,34
23959,1,2,0.027140169541303032,32
23959,1,3,0.043222762219547003,33
23959,2,1,0.03160901476276637,46
23959,2,2,0.04154746328612039,33
23959,2,3,0.05523068636439955,19
23959,3,1,0.024359724542631477,19
23959,3,2,0.0584950362635618,33
23959,3,3,0.06732454669262274,46
23960,1,1,0.026109795127186492,32
23960,1,2,0.024220397357391583,25
23960,1,3,0.08097106772345235,42
23960,2,1,0.03858908849465311,39
23960,2,2,0.04623784654390669,35
23960,2,3,0.06588866320329959,25
23960,3,1,0.04696681337671561,28
23960,3,2,0.07120741009809159,39
23960,3,3,0.06873001513735441,31
23961,1,1,0.018461554109737176,22
23961,1,2,0.008195112452160928,31
23961,1,3,-0.021805248370922414,46
23961,2,1,0.0248006824009115,49
23961,2,2,0.025494419410239173,27
23961,2,3,0.010344256032297647,23
23961,3,1,0.05747646610654099,28
23961,3,2,0.036042130600138805,41
23961,3,3,0.00326409654839389,30
23962,1,1,0.058911941564115805,27
23962,1,2,0.08604444452437235,27
23962,1,3,0.11680475736718515,46
23962,2,1,0.04232297615775171,40
23962,2,2,0.07065406562883995,38
23962,2,3,0.06529313194608252,21
23962,3,1,0.06331052360195558,33
23962,3,2,0.04756266634224576,34
23962,3,3,0.06765630045725751,32
23963,1,1,0.017513204500523162,29
23963,1,2,-1.8564713350121368e-4,30
23963,1,3,0.025818598046005257,42
23963,2,1,0.006213417934004227,45
23963,2,2,-0.01712986836443477,38
23963,2,3,0.01858674293023825,17
23963,3,1,-0.00888667197941863,27
23963,3,2,-0.012423279272939031,32
23963,3,3,0.007898692855908308,41
23964,1,1,1.287633602082581e-5,30
23964,1,2,0.034711217728200974,26
23964,1,3,0.08171117157497251,46
23964,2,1,0.024811129589415545,42
23964,2,2,0.030031348576708018,40
23964,2,3,0.04435134476982929,20
23964,3,1,0.05550677243407544,30
23964,3,2,0.057416909607028215,36
23964,3,3,0.03970802091009927,36
23965,1,1,0.009895079387733447,34
23965,1,2,-4.726581296600718e-4,33
23965,1,3,-0.013084221749291428,36
23965,2,1,0.01852912194475804,46
23965,2,2,0.019059068493381983,33
23965,2,3,0.014187101769910133,23
23965,3,1,0.036712577122834156,23
23965,3,2,0.0044296357903486445,36
23965,3,3,-0.035429724853946354,43
23966,1,1,-0.02618312587917434,39
23966,1,2,-0.009702827671668171,32
23966,1,3,-0.07953659994625595,32
23966,2,1,-0.017404631716036477,43
23966,2,2,-0.028067311485147586,36
23966,2,3,-0.0016673740347459783,23
23966,3,1,-0.004549277667150257,21
23966,3,2,-0.04551291772594923,34
23966,3,3,-0.05301214378963036,47
23967,1,1,0.006755804005056939,41
23967,1,2,0.026824289523274227,32
23967,1,3,0.0077111850633098476,30
23967,2,1,0.01873828316524297,39
23967,2,2,0.04106301067037659,38
23967,2,3,0.044111760248253855,26
23967,3,1,0.035594462470414354,23
23967,3,2,0.04785923818281657,33
23967,3,3,0.05672822799367,46
23968,1,1,0.04609003069099648,34
23968,1,2,0.08880823800389041,34
23968,1,3,0.12202576599834082,35
23968,2,1,0.05481939225664534,43
23968,2,2,0.06636105862714789,34
23968,2,3,0.13117524275864909,26
23968,3,1,0.03371544619497083,26
23968,3,2,0.06347830488873464,35
23968,3,3,0.10357726778898727,41
23969,1,1,0.06451403936978924,36
23969,1,2,0.045156849269110705,25
23969,1,3,0.0379093433899654,42
23969,2,1,0.03677858533541238,44
23969,2,2,0.03939684840855599,34
23969,2,3,0.060511746304699326,25
23969,3,1,0.058089954062094835,23
23969,3,2,0.04194676447838466,44
23969,3,3,0.0543967674745635,35
23970,1,1,0.03657524344316115,16
23970,1,2,0.04523280140366486,27
23970,1,3,0.08191896397451828,60
23970,2,1,0.05602990072929805,52
23970,2,2,0.061059388843340924,28
23970,2,3,0.08080794169454611,23
23970,3,1,0.0736375118546277,35
23970,3,2,0.1095268450831959,48
23970,3,3,0.14107510216240168,20
23971,1,1,-0.002167552073276138,40
23971,1,2,0.03437245749272873,23
23971,1,3,0.048757304143155274,40
23971,2,1,-0.019612946161717427,36
23971,2,2,-0.04611641724774375,38
23971,2,3,-0.01838387033593212,29
23971,3,1,-0.039980193413633056,27
23971,3,2,-0.04271729908994438,42
23971,3,3,0.008309181806223458,34
23972,1,1,0.04026455643937594,40
23972,1,2,0.09342422921946142,32
23972,1,3,0.08051683638319308,32
23972,2,1,0.062472149775804946,37
23972,2,2,0.059710573627890146,39
23972,2,3,0.05719403433687227,27
23972,3,1,0.05730070634896271,27
23972,3,2,0.08714239164125673,32
23972,3,3,0.0629828006581803,44
23973,1,1,-0.007982367807399568,41
23973,1,2,-0.01463383091259099,20
23973,1,3,-0.01812089540100198,43
23973,2,1,-0.03180323417182697,38
23973,2,2,-0.02919262761625612,45
23973,2,3,-0.049803649484736895,20
23973,3,1,-0.027499644648274223,25
23973,3,2,-0.04171111950394743,38
23973,3,3,-0.09060029629560065,40
23974,1,1,0.05455541876487573,45
23974,1,2,0.017674050217167312,27
23974,1,3,0.024721811025831854,32
23974,2,1,0.020808291362580205,35
23974,2,2,0.046387730045040265,38
23974,2,3,0.0325632740620496,30
23974,3,1,0.04048889435748419,24
23974,3,2,0.03320916774814763,38
23974,3,3,0.01601696517896095,41
23975,1,1,0.03396333732898801,40
23975,1,2,0.004429750599933601,33
23975,1,3,0.022781210908957072,31
23975,2,1,0.04804506394791533,46
23975,2,2,0.02347597340389733,32
23975,2,3,-0.018015175649886767,25
23975,3,1,0.0928034592545768,18
23975,3,2,0.017638164911195114,38
23975,3,3,-0.005965564692196007,47
23976,1,1,-0.016569559299692095,39
23976,1,2,0.006124151194312144,34
23976,1,3,0.03403126480260476,31
23976,2,1,-0.008362973827189722,42
23976,2,2,-0.010064356259499287,36
23976,2,3,0.009808273518979579,26
23976,3,1,-0.009366005456909984,23
23976,3,2,-0.028845243416545506,34
23976,3,3,0.025718447211257416,46
23977,1,1,0.04602320927781875,41
23977,1,2,0.06410532398826653,31
23977,1,3,0.10915443973584298,32
23977,2,1,0.05276235469225946,47
23977,2,2,0.07539526906364143,27
23977,2,3,0.0852040873685704,30
23977,3,1,0.049809454523987204,16
23977,3,2,0.09102208155316457,46
23977,3,3,0.09817098357006557,42
23978,1,1,0.05766973779476271,29
23978,1,2,0.03947157123293787,31
23978,1,3,0.0291692213170184,44
23978,2,1,0.07330844088816356,47
23978,2,2,0.039140652173233294,33
23978,2,3,0.04030516150940263,24
23978,3,1,0.09614062261710564,28
23978,3,2,0.04331874118568686,40
23978,3,3,0.032664240815686106,36
23979,1,1,-0.02155284393673909,28
23979,1,2,0.022627374975035513,31
23979,1,3,0.05126929371202321,46
23979,2,1,0.002734938340255528,50
23979,2,2,-0.0021431406952462898,35
23979,2,3,0.0352098159067611,19
23979,3,1,0.01903973820612323,27
23979,3,2,0.0027628509641277276,38
23979,3,3,0.04233670538353704,39
23980,1,1,-0.004935762770719181,44
23980,1,2,-0.03971391222120518,25
23980,1,3,-0.07949960935532588,36
23980,2,1,-0.016563160444071738,39
23980,2,2,-0.028626037808559997,39
23980,2,3,-0.03809024902039167,26
23980,3,1,-0.010887888427071788,22
23980,3,2,-0.020675755025752328,40
23980,3,3,-0.04088028126315299,42
23981,1,1,-0.028555122763303402,41
23981,1,2,0.001730734236417487,28
23981,1,3,-0.03599503131310954,36
23981,2,1,0.008271605757498487,45
23981,2,2,0.050337306279299006,34
23981,2,3,0.01907024336877316,26
23981,3,1,0.016692004454542695,19
23981,3,2,0.06575638283357033,43
23981,3,3,0.06539370837265338,42
23982,1,1,-0.062348809987683364,46
23982,1,2,-0.04758651865488241,31
23982,1,3,-0.024837941310539426,29
23982,2,1,-0.05711772690480257,36
23982,2,2,-0.043475062600184765,33
23982,2,3,-0.05078318127355287,37
23982,3,1,-0.007847665428624459,24
23982,3,2,-0.00919776744564893,42
23982,3,3,-0.012294416256574524,39
23983,1,1,-0.11146102870371048,48
23983,1,2,-0.17052388556279538,22
23983,1,3,-0.2429719261958335,37
23983,2,1,-0.11996700663603782,41
23983,2,2,-0.1387184881675674,37
23983,2,3,-0.17550453454598525,29
23983,3,1,-0.1376317576520538,18
23983,3,2,-0.1521587841215184,48
23983,3,3,-0.18779976724745223,40
23984,1,1,0.08379242464029919,31
23984,1,2,0.09898050057828306,30
23984,1,3,0.10502139817799723,46
23984,2,1,0.057589535854403406,47
23984,2,2,0.034361117649014596,37
23984,2,3,0.06215000166222677,23
23984,3,1,0.06359867050836757,29
23984,3,2,0.10328225402587572,40
23984,3,3,0.09372135268010225,37
23985,1,1,0.086246756379403,43
23985,1,2,0.04215552694982657,26
23985,1,3,0.18802513290856568,38
23985,2,1,0.06745552851028523,38
23985,2,2,0.10794473245828948,38
23985,2,3,0.08521419659393885,31
23985,3,1,0.0490124642693122,26
23985,3,2,0.09897137987566984,43
23985,3,3,0.09049516503555341,37
23986,1,1,0.012322742456452403,24
23986,1,2,0.05798310447822795,30
23986,1,3,0.0489122146560866,53
23986,2,1,0.03503558878795443,35
23986,2,2,0.04986112900749533,46
23986,2,3,0.07016181530833418,26
23986,3,1,0.028692908280581877,48
23986,3,2,0.0638731601964968,31
23986,3,3,0.08636364491514419,28
23987,1,1,-0.0038986963342116598,26
23987,1,2,0.058759994095645855,33
23987,1,3,0.057604856746635055,49
23987,2,1,0.01795765006064973,35
23987,2,2,0.02372588234994156,42
23987,2,3,0.09892891353356273,30
23987,3,1,0.046483567099033875,47
23987,3,2,0.14061727679666383,32
23987,3,3,0.1211958247841431,28
23988,1,1,-0.042806113545979387,24
23988,1,2,-0.005510359763722105,35
23988,1,3,0.05437239796410982,50
23988,2,1,-0.034637973886902,47
23988,2,2,-0.030294744771990723,37
23988,2,3,0.08731991436804616,24
23988,3,1,-0.0010477622266236522,38
23988,3,2,0.008191249483707759,36
23988,3,3,0.06515294697022828,34
23989,1,1,-0.022879662088576655,33
23989,1,2,-0.012092383277400639,39
23989,1,3,-0.027551339390494,37
23989,2,1,-0.017470664600244885,46
23989,2,2,-0.005335119434310106,30
23989,2,3,-0.042754688418082144,33
23989,3,1,-0.03115740349172046,30
23989,3,2,-0.015231666621716898,40
23989,3,3,-0.06827933254308717,38
23990,1,1,0.00536006676982822,42
23990,1,2,0.010236333600818326,25
23990,1,3,0.032412848216078594,42
23990,2,1,-0.0032032678673927077,47
23990,2,2,0.025678227210464387,30
23990,2,3,0.033974948967939775,32
23990,3,1,0.026346188666931957,20
23990,3,2,0.037490569053117345,54
23990,3,3,0.02718729719584397,35
23991,1,1,0.10891522460632751,32
23991,1,2,0.16819399958181463,36
23991,1,3,0.09710279693684132,42
23991,2,1,0.07195202230776156,55
23991,2,2,0.09965261559553423,33
23991,2,3,0.09966758649138129,22
23991,3,1,0.04362008445913298,23
23991,3,2,0.011662177971477809,41
23991,3,3,0.049588124777355296,45
23992,1,1,0.015665161599623636,38
23992,1,2,0.021015759524043234,27
23992,1,3,0.038656215017897774,46
23992,2,1,0.026160052055622187,55
23992,2,2,-0.032526595379903635,38
23992,2,3,0.016099699754232914,17
23992,3,1,-0.02966959289837591,18
23992,3,2,-0.035455676929768566,45
23992,3,3,-0.009183069725458425,47
23993,1,1,7.150975430233837e-4,26
23993,1,2,0.044783217003526186,32
23993,1,3,0.02574788059266765,53
23993,2,1,-0.005681506702969399,51
23993,2,2,0.010422572390609874,36
23993,2,3,0.11529613706788801,23
23993,3,1,0.036147325186771155,34
23993,3,2,0.0908497621789059,42
23993,3,3,0.14035714581144035,34
23994,1,1,-0.020839032768130268,31
23994,1,2,-0.05193134541138857,34
23994,1,3,-0.03267499728148565,46
23994,2,1,-0.022708880634093882,54
23994,2,2,-0.03596993521111872,37
23994,2,3,-0.008858921788464116,19
23994,3,1,-0.014116901370011935,26
23994,3,2,-0.023483499185026215,39
23994,3,3,0.002647074793753677,45
23995,1,1,-0.027223771247058583,36
23995,1,2,-0.023281888122362086,38
23995,1,3,-0.030213179454220893,37
23995,2,1,-0.014037752302284916,53
23995,2,2,-0.030504415334103925,34
23995,2,3,-0.020678549104804305,24
23995,3,1,-0.014612173624811375,22
23995,3,2,-0.027039943296388747,39
23995,3,3,0.018777300209617927,50
23996,1,1,-0.042809553414944045,41
23996,1,2,-0.0675985589880438,31
23996,1,3,-0.04658100414639858,40
23996,2,1,-0.03720152644773887,48
23996,2,2,-0.03933565914507372,38
23996,2,3,-0.006042083342776024,26
23996,3,1,-0.01006701119036002,23
23996,3,2,0.0027147673150808133,43
23996,3,3,0.0055686263205379765,45
23997,1,1,0.003406114559989773,54
23997,1,2,-0.002440960608602526,32
23997,1,3,-0.041112199077140164,26
23997,2,1,0.021940109763600987,43
23997,2,2,0.04071984894485557,38
23997,2,3,0.05060759779773608,31
23997,3,1,-0.04686359992712259,15
23997,3,2,0.08413175163064471,42
23997,3,3,0.06807138522270131,55
23998,1,1,-0.04044282436516754,47
23998,1,2,0.02933706313214854,34
23998,1,3,0.023688917525841985,32
23998,2,1,-0.010044579780910461,50
23998,2,2,-0.017990562477200583,34
23998,2,3,0.028664625899831837,28
23998,3,1,0.01930472808439261,16
23998,3,2,0.026351373816849037,44
23998,3,3,0.1107979415920741,52
23999,1,1,-0.020480326476725493,39
23999,1,2,4.954555644489161e-4,36
23999,1,3,0.04840058436181659,38
23999,2,1,0.016856014652061577,51
23999,2,2,-0.011716684055022537,33
23999,2,3,0.06238971066199791,28
23999,3,1,0.08031082645385115,23
23999,3,2,0.09455822600544678,43
23999,3,3,0.19394620720517872,46
24000,1,1,-0.02305244263418062,39
24000,1,2,-0.04738558952596596,31
24000,1,3,0.008298827593811696,43
24000,2,1,-0.039023077034605363,52
24000,2,2,-0.01483036687736302,40
24000,2,3,-0.09876967350962287,20
24000,3,1,-0.08305067104309141,22
24000,3,2,-0.037170403636238275,41
24000,3,3,-0.008070864790216624,49
24001,1,1,-0.08604200342463904,43
24001,1,2,-0.06774096463598155,35
24001,1,3,0.030393192434625033,35
24001,2,1,-0.058236954635363866,46
24001,2,2,-0.05800283497468828,41
24001,2,3,0.1261740313026984,25
24001,3,1,-0.05915566521287728,24
24001,3,2,0.03015640631490637,36
24001,3,3,0.21301130407002958,52
24002,1,1,0.10682415209387223,45
24002,1,2,0.11738214288069816,36
24002,1,3,0.12913767081741012,32
24002,2,1,0.11500215772289137,38
24002,2,2,0.13177203111486394,46
24002,2,3,0.137451316684979,29
24002,3,1,0.14529092266707944,30
24002,3,2,0.07472418945358704,31
24002,3,3,-0.0036913957982754528,51
24003,1,1,0.04806458950757272,45
24003,1,2,0.020425161552709757,41
24003,1,3,-0.007911433973764183,27
24003,2,1,0.05744968693313573,50
24003,2,2,0.03685186935566679,42
24003,2,3,-0.027263824943890874,21
24003,3,1,0.05927426480220173,18
24003,3,2,-0.02249781109831641,30
24003,3,3,-0.015796537381512328,64
24004,1,1,0.024048094548095637,28
24004,1,2,0.06816636308704785,46
24004,1,3,0.049807463898872396,39
24004,2,1,0.02875268727492371,48
24004,2,2,-0.008133347390502246,38
24004,2,3,0.00575635210846027,27
24004,3,1,-0.02382645102241511,37
24004,3,2,-0.029193756212883306,29
24004,3,3,-0.018603216897492506,46
24005,1,1,-0.06919063723854062,37
24005,1,2,-0.053909476902611456,51
24005,1,3,-0.03648926871916905,25
24005,2,1,-0.04548922573490446,56
24005,2,2,0.004426159487859526,39
24005,2,3,-0.05012613234404038,18
24005,3,1,-0.03188725555534726,20
24005,3,2,0.06078109264387623,23
24005,3,3,0.1380843418409198,70
24006,1,1,0.04324002927785245,34
24006,1,2,0.057077094927895484,41
24006,1,3,0.038973131387720364,39
24006,2,1,0.04872317183461269,59
24006,2,2,0.0434118626580708,41
24006,2,3,-0.011744165439724435,13
24006,3,1,0.027981331109539025,21
24006,3,2,0.03770653239331811,31
24006,3,3,-0.026836267652188127,61
24007,1,1,0.06423145940690676,35
24007,1,2,0.04558735974556076,41
24007,1,3,0.08530476381798198,38
24007,2,1,0.04775017029907071,51
24007,2,2,0.013778972481839303,43
24007,2,3,0.07280672991257327,20
24007,3,1,0.08419720634143826,28
24007,3,2,0.07429118604059459,30
24007,3,3,0.1706702187193539,56
24008,1,1,0.012615216691307914,33
24008,1,2,-0.002250771703118894,43
24008,1,3,-0.006379725317594553,39
24008,2,1,0.04288864678639009,55
24008,2,2,0.03632045005267403,33
24008,2,3,-0.004681302073432019,26
24008,3,1,0.010082965417042261,27
24008,3,2,-0.0378986887236414,38
24008,3,3,-0.05154401444902474,49
24009,1,1,0.04389363984308086,40
24009,1,2,0.07860365707284232,34
24009,1,3,0.03682576072648996,41
24009,2,1,0.04326168527119413,48
24009,2,2,0.007866984014264018,43
24009,2,3,0.024613675301254925,23
24009,3,1,0.0012873521225730783,27
24009,3,2,-0.00395195605427017,37
24009,3,3,-0.051991277945871175,50
24010,1,1,0.018405704192579576,46
24010,1,2,0.01758918936981228,35
24010,1,3,-0.031047741995342493,34
24010,2,1,0.033221840885496776,46
24010,2,2,-0.00907197585210253,45
24010,2,3,-0.04462918536738938,23
24010,3,1,-0.029717786459732737,23
24010,3,2,-0.02941647864522549,34
24010,3,3,-0.15315397687892382,57
24011,1,1,0.06183041086712183,29
24011,1,2,0.07994215134580977,42
24011,1,3,0.05274705491868472,44
24011,2,1,0.07492865941886803,50
24011,2,2,0.07534484204038512,41
24011,2,3,0.08791214685926955,24
24011,3,1,0.09888887812956489,36
24011,3,2,0.08205268371244276,32
24011,3,3,0.04701272438042895,47
24012,1,1,0.06610181338133117,32
24012,1,2,0.030711202718628185,43
24012,1,3,0.23125483564907637,42
24012,2,1,-0.018767297362013616,53
24012,2,2,-0.01732241246320092,36
24012,2,3,0.04954459615539743,27
24012,3,1,-0.06516699849929575,32
24012,3,2,-0.03618377770150745,37
24012,3,3,0.009047174457074975,47
24013,1,1,-0.005330555551744631,22
24013,1,2,-0.02805533532398793,39
24013,1,3,-0.1502513384773647,56
24013,2,1,0.0026388812734388744,59
24013,2,2,-0.009852632486469653,33
24013,2,3,-0.10629876915145772,24
24013,3,1,0.029125963588504316,36
24013,3,2,0.031032194081575558,44
24013,3,3,-0.0885760636474983,36
24014,1,1,-0.030272164648532614,19
24014,1,2,-0.04982233993210155,36
24014,1,3,-0.05763260541443352,62
24014,2,1,-0.004446247670091975,55
24014,2,2,-0.03226516322711455,34
24014,2,3,-0.10484008285983874,28
24014,3,1,-0.010011868302990177,43
24014,3,2,-0.03892042095284139,47
24014,3,3,-0.04722440744102431,26
24015,1,1,0.03944765250752604,17
24015,1,2,0.15275779442444537,38
24015,1,3,0.1808497462040252,62
24015,2,1,0.029689771006958868,54
24015,2,2,0.07077314501896997,37
24015,2,3,0.1041694511905994,26
24015,3,1,0.046596072278019214,46
24015,3,2,0.07096911640298721,42
24015,3,3,0.09136064477584857,28
24016,1,1,0.04591173727224967,15
24016,1,2,0.045992132078857405,37
24016,1,3,0.052228239028476967,65
24016,2,1,0.02577432064597577,55
24016,2,2,0.031186684747277173,37
24016,2,3,0.028388101662868537,25
24016,3,1,0.028166090975415604,47
24016,3,2,0.023402808060799873,43
24016,3,3,0.04145457999091921,27
24017,1,1,-0.00714371157922492,9
24017,1,2,-0.03170697826881673,32
24017,1,3,0.009706939144692037,77
24017,2,1,-0.006825991717772196,50
24017,2,2,-0.02948047115635114,44
24017,2,3,-0.010681403758283105,23
24017,3,1,3.286871871086723e-4,59
24017,3,2,-0.009142186964433686,41
24017,3,3,0.014382271816305666,17
24018,1,1,-0.007572075226422799,19
24018,1,2,0.007514670711919247,36
24018,1,3,-0.007595979689061815,63
24018,2,1,-0.0025769261838304593,55
24018,2,2,0.04451572579654769,35
24018,2,3,-0.0023629652393230946,28
24018,3,1,-0.0037592593802036455,44
24018,3,2,0.020695378724739373,47
24018,3,3,-5.942914533413506e-4,26
24019,1,1,-0.018012892310283427,24
24019,1,2,-0.03365371387476888,27
24019,1,3,-0.07899353236987472,68
24019,2,1,0.0019535732152760957,55
24019,2,2,-0.004717573480898712,41
24019,2,3,-0.037870224014779,22
24019,3,1,-0.01628141014099581,40
24019,3,2,-0.018268923140130726,50
24019,3,3,-0.0142132941012163,28
24020,1,1,-0.07610614603536399,27
24020,1,2,-0.12742233926100452,27
24020,1,3,-0.18129518625444419,65
24020,2,1,-0.05669860975380845,58
24020,2,2,-0.11113536866154108,34
24020,2,3,-0.16488177483894054,26
24020,3,1,-0.028025192031599866,34
24020,3,2,-0.04597094968522508,57
24020,3,3,-0.13827500587046626,27
24021,1,1,0.034480065940195315,19
24021,1,2,0.057444562983823666,31
24021,1,3,0.13568076783961022,69
24021,2,1,-0.008876272628304224,59
24021,2,2,0.023923337422757873,39
24021,2,3,0.1325295040857463,21
24021,3,1,0.011922062551470523,41
24021,3,2,0.01658051007468277,49
24021,3,3,0.1233558030514865,28
24022,1,1,0.09070865832708683,21
24022,1,2,0.10801127436549553,41
24022,1,3,0.16669061831860799,57
24022,2,1,0.04123517263505813,52
24022,2,2,0.08747048984216509,39
24022,2,3,0.09219962021066774,28
24022,3,1,0.05235889052084602,46
24022,3,2,0.06909115540559013,39
24022,3,3,0.07908189521061502,33
24023,1,1,0.02024964136721631,17
24023,1,2,0.03976364326297833,38
24023,1,3,0.05321319500341965,64
24023,2,1,0.02538961834105728,51
24023,2,2,0.04301315841479992,43
24023,2,3,0.07745342264063013,25
24023,3,1,0.03070427563151821,51
24023,3,2,0.037565556866553405,38
24023,3,3,0.06903808555155526,30
24024,1,1,-0.004856042295052092,22
24024,1,2,-7.157603110850715e-5,44
24024,1,3,-0.027274201485350893,53
24024,2,1,-0.01745470043392445,48
24024,2,2,0.019449986675700623,44
24024,2,3,0.003436053099739445,27
24024,3,1,0.024383284159387078,49
24024,3,2,0.032668193720802895,31
24024,3,3,0.023201340004243603,39
24025,1,1,0.011093737790887966,29
24025,1,2,-0.013924864858020088,41
24025,1,3,-0.08606288891066878,50
24025,2,1,0.016561797432325647,54
24025,2,2,0.016663636232756775,40
24025,2,3,-0.019519874546140188,25
24025,3,1,0.015355128630986018,37
24025,3,2,0.032666899335385476,38
24025,3,3,-0.015167786615530875,44
24026,1,1,0.08839288394169677,29
24026,1,2,0.06982958797856417,35
24026,1,3,0.1255695842840387,56
24026,2,1,0.051727559624751784,52
24026,2,2,0.0433851707099134,45
24026,2,3,0.05119689217492886,23
24026,3,1,0.051136962170984984,39
24026,3,2,0.04439315108990597,40
24026,3,3,0.05878228185112305,41
24027,1,1,-0.03597814879988251,31
24027,1,2,-0.031087675840331157,39
24027,1,3,-0.12159407756470154,50
24027,2,1,-0.00341679699053111,54
24027,2,2,-0.0073281796939102094,39
24027,2,3,-0.031989460504336584,27
24027,3,1,0.009537764730142548,35
24027,3,2,0.014338228143592955,42
24027,3,3,-0.003930640887348221,43
24028,1,1,5.437549374351674e-4,33
24028,1,2,-0.02706468567515815,35
24028,1,3,-0.06451162677174863,52
24028,2,1,0.0055967643701147615,56
24028,2,2,0.005286494969945849,36
24028,2,3,-0.03822704353255566,28
24028,3,1,-0.0028098904486537233,31
24028,3,2,0.011070159906780227,49
24028,3,3,-0.032430485489262764,40
24029,1,1,-0.06839344027533434,25
24029,1,2,-0.0706394718502041,40
24029,1,3,-0.12524386551888314,55
24029,2,1,-0.0364224944415334,61
24029,2,2,-0.051083817758589264,34
24029,2,3,-0.09251665414039142,25
24029,3,1,-0.027604866303737645,34
24029,3,2,-0.03737076592262662,46
24029,3,3,-0.020190691769978307,40
24030,1,1,-0.10743659961280845,22
24030,1,2,-0.08796904298656275,29
24030,1,3,-0.1481957467678261,69
24030,2,1,-0.057814943120830346,53
24030,2,2,-0.07604303665150076,43
24030,2,3,-0.08634850127806078,24
24030,3,1,-0.04355359487341555,45
24030,3,2,-0.09124942172199219,48
24030,3,3,-0.08014527412180042,27
24031,1,1,0.003913106534418736,25
24031,1,2,0.014063082034348076,32
24031,1,3,0.035231663953132,65
24031,2,1,0.01456651186448764,51
24031,2,2,-0.004725946466352634,43
24031,2,3,0.03235101977561021,27
24031,3,1,0.0010537982092539001,46
24031,3,2,0.023304254571509652,46
24031,3,3,0.010709758450327414,29
24032,1,1,-0.1314519095899325,17
24032,1,2,-0.10044786749492572,40
24032,1,3,-0.15239554360430418,65
24032,2,1,-0.06798193849073784,56
24032,2,2,-0.07015973525240071,42
24032,2,3,-0.05047880944229154,24
24032,3,1,-0.029058466412810496,49
24032,3,2,-0.05379115925560401,40
24032,3,3,-0.01620410991904274,33
24033,1,1,0.012350858111069798,14
24033,1,2,0.10035586332269009,36
24033,1,3,0.09924627054476202,73
24033,2,1,-0.005069910638643828,50
24033,2,2,0.07069626674854852,48
24033,2,3,0.03952694029115945,24
24033,3,1,0.034373407146988236,59
24033,3,2,0.02194766606220173,38
24033,3,3,0.06713530252710297,25
24034,1,1,0.08000585921081846,19
24034,1,2,0.08976057895806994,49
24034,1,3,0.2793792712582649,55
24034,2,1,0.027049224247165337,58
24034,2,2,0.10045930918205855,33
24034,2,3,0.11367387527589705,31
24034,3,1,0.020969430130885668,46
24034,3,2,0.040089307924975864,40
24034,3,3,0.13312121492605886,36
24035,1,1,-0.06379927386503276,16
24035,1,2,-0.060740135472236986,33
24035,1,3,-0.11386718623721073,74
24035,2,1,-0.003802403827821534,43
24035,2,2,-0.02176629484156005,51
24035,2,3,-0.06625436172362374,29
24035,3,1,-0.0067914331932653164,64
24035,3,2,-0.016740727964220367,39
24035,3,3,-0.041507177994066294,20
24036,1,1,-0.02910178360285741,10
24036,1,2,-0.023456366627135516,34
24036,1,3,-0.015561768938847377,79
24036,2,1,-0.027542169782375222,45
24036,2,2,-0.027215224010051508,57
24036,2,3,-0.015568498203993808,21
24036,3,1,-0.021851686239512426,68
24036,3,2,-0.04246157387044487,32
24036,3,3,-0.013831660580513083,23
24037,1,1,-0.025738759621968227,17
24037,1,2,-0.03263760461961754,41
24037,1,3,-0.007079651014717709,66
24037,2,1,-0.020914631829702303,61
24037,2,2,-0.020993831886531443,39
24037,2,3,-0.0011226954846651892,24
24037,3,1,-0.00907547197824543,46
24037,3,2,0.0036030736689872276,44
24037,3,3,0.006433111362648184,33
24038,1,1,0.043731137846873325,13
24038,1,2,6.490142642434301e-4,38
24038,1,3,0.03493857118806716,73
24038,2,1,0.0058851602472350445,51
24038,2,2,0.024371433857517,48
24038,2,3,0.013987839554294869,25
24038,3,1,0.02261543126987434,60
24038,3,2,0.021473719801184774,38
24038,3,3,0.009902525345694397,25
24039,1,1,0.10574660977812866,23
24039,1,2,0.12197180164784949,34
24039,1,3,0.17491810340273037,67
24039,2,1,0.06004398996748615,47
24039,2,2,0.07654560556866612,48
24039,2,3,0.08524232304541429,29
24039,3,1,0.05227540437059037,54
24039,3,2,0.05544620929154735,42
24039,3,3,0.06398105669578827,27
24040,1,1,0.09415065975083083,13
24040,1,2,0.1185974343526827,37
24040,1,3,0.2216325156390596,74
24040,2,1,0.06243343613265977,49
24040,2,2,0.05360749477056357,46
24040,2,3,0.11791816607742282,29
24040,3,1,0.06157866655570041,62
24040,3,2,0.05943010193215484,41
24040,3,3,0.10348233445065017,20
24041,1,1,0.008684358686848947,14
24041,1,2,0.017119915939848636,44
24041,1,3,0.023661115568891646,66
24041,2,1,0.006158243493025254,47
24041,2,2,0.009519802297686206,47
24041,2,3,0.02326599819310003,30
24041,3,1,0.003732665926098761,63
24041,3,2,0.017641330717663654,33
24041,3,3,0.002780984994633719,27
24042,1,1,0.008992045923030552,19
24042,1,2,0.03493255090976508,48
24042,1,3,0.10110428726595683,57
24042,2,1,0.022037177337876954,56
24042,2,2,0.039586200328399754,36
24042,2,3,0.0427326284574024,32
24042,3,1,0.024584259286229163,49
24042,3,2,0.018045932839627122,40
24042,3,3,0.08755144750890238,35
24043,1,1,0.025702787922715197,29
24043,1,2,0.03027062441612455,44
24043,1,3,0.06359093621028263,51
24043,2,1,0.009695134433188944,61
24043,2,2,0.03709849406819556,38
24043,2,3,0.07117082046665132,25
24043,3,1,0.02201951522768769,34
24043,3,2,0.036347284492297516,42
24043,3,3,0.10633791275968528,48
24044,1,1,-0.0020987852145992825,41
24044,1,2,-0.02670700252769197,45
24044,1,3,-0.01277969211258682,39
24044,2,1,0.020605166546542902,49
24044,2,2,-0.013342686325215819,48
24044,2,3,-0.014858800642216261,27
24044,3,1,0.008388403657226198,35
24044,3,2,-0.011694063962449371,31
24044,3,3,-0.0355999243833159,58
24045,1,1,0.05363858718368569,56
24045,1,2,0.055994097183380644,40
24045,1,3,0.07553588973537777,29
24045,2,1,0.047406895106761104,52
24045,2,2,0.06743614494823331,45
24045,2,3,0.08080181986814641,27
24045,3,1,0.059064203966795764,17
24045,3,2,0.0821836865365542,39
24045,3,3,0.17956775077611234,68
24046,1,1,0.024415297412227515,49
24046,1,2,0.020582300320983273,47
24046,1,3,0.013570302699719875,29
24046,2,1,0.025265098609722102,59
24046,2,2,0.02197487915513631,42
24046,2,3,0.022045145265108715,23
24046,3,1,0.01756603082452436,17
24046,3,2,0.0293996184110686,35
24046,3,3,0.049178087518354875,72
24047,1,1,0.05464867509650637,49
24047,1,2,0.04882330708605852,50
24047,1,3,0.07306374362627045,26
24047,2,1,0.04983161687071074,49
24047,2,2,0.043693874043764375,46
24047,2,3,0.05715487919053748,30
24047,3,1,0.03628699999338208,27
24047,3,2,0.04630350552328294,29
24047,3,3,-7.171725092020118e-4,68
24048,1,1,0.020106005835181507,45
24048,1,2,0.01995201110756125,49
24048,1,3,0.0272640525187244,31
24048,2,1,0.027516522731522126,55
24048,2,2,0.02188134582253195,42
24048,2,3,0.009825770734431439,28
24048,3,1,0.022232341278622753,25
24048,3,2,0.040573846600196216,34
24048,3,3,0.05076668463170312,65
24049,1,1,0.03393392997564599,56
24049,1,2,0.027020478088939603,42
24049,1,3,0.026981976304744443,28
24049,2,1,0.020932669401580072,49
24049,2,2,0.01759901582517235,47
24049,2,3,0.011896736601062254,29
24049,3,1,0.02704303647665036,21
24049,3,2,0.029949871498643834,36
24049,3,3,0.014463361588274166,68
24050,1,1,0.002486094788844799,54
24050,1,2,-0.019687411864010906,42
24050,1,3,7.03447793964405e-4,30
24050,2,1,0.02007007123976026,52
24050,2,2,0.002046914343493819,44
24050,2,3,0.026030426844825337,29
24050,3,1,0.024741599756789624,20
24050,3,2,0.02118158637334229,39
24050,3,3,0.007977458484920532,66
24051,1,1,0.003565364861807858,63
24051,1,2,-0.003619826605233496,40
24051,1,3,-0.01964265408435258,23
24051,2,1,-0.010126865491148905,47
24051,2,2,-0.029464258274559063,47
24051,2,3,-0.023571837665654162,31
24051,3,1,-0.023911105645342733,16
24051,3,2,-0.02111384304603081,38
24051,3,3,-0.060181069276698536,71
24052,1,1,0.01970957949122361,60
24052,1,2,0.014861363834961939,41
24052,1,3,0.009563378940765421,25
24052,2,1,0.022292896593920846,51
24052,2,2,0.012648979060747483,51
24052,2,3,0.029343591558904942,23
24052,3,1,0.02254818808630309,15
24052,3,2,0.00982617917601137,33
24052,3,3,0.061058878013131104,77
24053,1,1,0.02387684083609311,50
24053,1,2,0.020907256637884827,44
24053,1,3,0.040393805512831636,32
24053,2,1,0.020096101546583662,49
24053,2,2,0.02166356876179505,40
24053,2,3,0.04072299429881044,36
24053,3,1,0.05051199219466203,27
24053,3,2,0.03917843582686482,41
24053,3,3,0.059692599945404295,57
24054,1,1,-0.011578146340162597,53
24054,1,2,-0.02518271472005143,36
24054,1,3,-0.07871071326862408,37
24054,2,1,-0.024250914473543873,47
24054,2,2,-0.03792514230335675,47
24054,2,3,-0.03340584972267392,31
24054,3,1,-0.03460563943308168,26
24054,3,2,-0.04010297741461241,42
24054,3,3,-0.056235411541221754,57
24055,1,1,0.026395834422350235,55
24055,1,2,5.916866807179867e-4,43
24055,1,3,0.010519820135968132,28
24055,2,1,0.012688091655014343,55
24055,2,2,0.005596090269990005,42
24055,2,3,-0.026741832078491,28
24055,3,1,0.026208398482776216,16
24055,3,2,-0.004524205420094972,40
24055,3,3,-0.010796679262594071,69
24056,1,1,-2.2094322025623114e-4,48
24056,1,2,0.01892853151888528,44
24056,1,3,0.05612035379568635,34
24056,2,1,0.01816711276608972,57
24056,2,2,0.033173444805644776,42
24056,2,3,0.04486792015757958,26
24056,3,1,0.02345437361348337,21
24056,3,2,0.04131903068295501,39
24056,3,3,0.08267075994645164,65
24057,1,1,0.015311429085537107,38
24057,1,2,0.0414933721940058,37
24057,1,3,0.040390158976913816,51
24057,2,1,0.011148061882450723,62
24057,2,2,0.018891350314316442,39
24057,2,3,0.020114735122841305,24
24057,3,1,0.019185654195212693,26
24057,3,2,0.03192688779088061,49
24057,3,3,0.025535280540499018,50
24058,1,1,0.02847115962515327,39
24058,1,2,0.06500037937916647,31
24058,1,3,0.06352851467970727,56
24058,2,1,0.04484987924147057,59
24058,2,2,0.0650854907071456,40
24058,2,3,0.05831345815326355,26
24058,3,1,0.05274881353915625,28
24058,3,2,0.06160358452413463,54
24058,3,3,0.11121060343430281,43
24059,1,1,0.03785208405679235,28
24059,1,2,0.060764014771623354,50
24059,1,3,0.0616593430200462,48
24059,2,1,0.03683505916244858,57
24059,2,2,0.04497985335567909,40
24059,2,3,0.04958478754413749,28
24059,3,1,0.030988187917800596,41
24059,3,2,0.04416330175218591,35
24059,3,3,0.05021411487198131,49
24060,1,1,-0.017713003829699744,39
24060,1,2,-0.05669339403331408,38
24060,1,3,-0.052623310438717465,49
24060,2,1,-0.024630953380364418,54
24060,2,2,-0.02054429656341452,44
24060,2,3,-0.006556738434271109,27
24060,3,1,-0.017501538524108146,33
24060,3,2,-0.029398928484921132,43
24060,3,3,-0.032173409175358346,49
24061,1,1,0.017316156343000533,33
24061,1,2,0.01582455522563834,50
24061,1,3,0.04554176454005936,43
24061,2,1,0.01188589404308711,62
24061,2,2,0.0259225655169388,35
24061,2,3,0.02916764600334219,29
24061,3,1,0.03226231589869406,31
24061,3,2,0.04864754157169459,41
24061,3,3,0.029306454955429672,53
24062,1,1,-0.012085570701511828,41
24062,1,2,-0.014132352127891564,42
24062,1,3,-0.02017804318765234,43
24062,2,1,-0.004541089711691405,58
24062,2,2,-0.023056366966062364,41
24062,2,3,-0.007830652261146345,27
24062,3,1,-0.019009771808561938,27
24062,3,2,-0.00953014790821931,43
24062,3,3,-0.02455270161682934,55
24063,1,1,-0.006046803099360515,41
24063,1,2,-0.02612597466779217,32
24063,1,3,-0.02364928613213703,53
24063,2,1,-0.01193786057183747,53
24063,2,2,2.811731254373363e-4,46
24063,2,3,-0.019163165039608434,27
24063,3,1,-0.01420729286336421,32
24063,3,2,-0.03391060690498236,48
24063,3,3,-0.07380189557628763,46
24064,1,1,0.03312024612360825,43
24064,1,2,0.04754907017279658,38
24064,1,3,0.08182622923748104,45
24064,2,1,0.04246292213029695,51
24064,2,2,0.018759651272169837,47
24064,2,3,0.07367018803871592,28
24064,3,1,0.04102385781157383,32
24064,3,2,0.05312009764421826,41
24064,3,3,0.08438219187731606,53
24065,1,1,0.006555363130314124,46
24065,1,2,-0.015742832845758704,46
24065,1,3,0.023182319533603692,34
24065,2,1,0.02070812766663501,47
24065,2,2,0.028534428807854208,43
24065,2,3,0.02909821663325277,36
24065,3,1,0.055683115340383255,33
24065,3,2,0.029018913253056194,37
24065,3,3,0.015302781380132665,56
24066,1,1,0.055967916260468535,38
24066,1,2,0.05818550289068344,41
24066,1,3,0.081868070170083,47
24066,2,1,0.028947066430600913,54
24066,2,2,0.05711730839956984,41
24066,2,3,0.0743499232423071,31
24066,3,1,0.036062334211210786,34
24066,3,2,0.05426662856437729,44
24066,3,3,0.06989380114707638,48
24067,1,1,8.966965823393882e-4,39
24067,1,2,-0.02342035609637223,45
24067,1,3,-0.01578025246700774,43
24067,2,1,-0.008991248191577574,49
24067,2,2,-0.020789740502554867,44
24067,2,3,-0.0038640326941385516,34
24067,3,1,-0.022854161993795516,39
24067,3,2,-0.003341790490153856,38
24067,3,3,0.0032690691973312528,49
24068,1,1,0.014265310524873898,34
24068,1,2,0.002346149046489128,42
24068,1,3,0.012692427367844223,51
24068,2,1,0.010206809647278322,59
24068,2,2,0.005347190990266278,40
24068,2,3,0.02091513423596314,28
24068,3,1,0.01590825335180782,34
24068,3,2,0.043090973071639456,45
24068,3,3,0.027546209452523975,48
24069,1,1,0.006724468092987814,64
24069,1,2,0.0017951426400239618,33
24069,1,3,-0.008593169592726373,31
24069,2,1,-0.00400228501109148,46
24069,2,2,-0.013569719666699493,48
24069,2,3,-0.02800405021031131,34
24069,3,1,0.002518934381295468,18
24069,3,2,-0.017025666525108545,47
24069,3,3,-0.03529143413032678,63
24070,1,1,0.05789811189904372,56
24070,1,2,0.035479461883882714,36
24070,1,3,0.05514085129941967,36
24070,2,1,0.030713779193500355,46
24070,2,2,0.04447886955289591,44
24070,2,3,0.07313998075348165,38
24070,3,1,0.05040079309860605,26
24070,3,2,0.04758364498181029,48
24070,3,3,0.0760030262871079,54
24071,1,1,0.014561886760744281,49
24071,1,2,-0.0123909122618746,42
24071,1,3,8.107461953388356e-4,37
24071,2,1,0.0015517837994560725,50
24071,2,2,0.008423704338164294,48
24071,2,3,-1.1684516417831414e-4,30
24071,3,1,-0.002174197540737322,29
24071,3,2,0.0123240034295669,38
24071,3,3,0.022514034999063837,61
24072,1,1,0.03201592020591039,55
24072,1,2,0.0340924535821379,40
24072,1,3,0.08872389448157172,34
24072,2,1,0.020977943823151178,50
24072,2,2,0.055873456486740754,43
24072,2,3,0.06252127681472049,36
24072,3,1,0.03246037833680457,24
24072,3,2,0.06452914808077985,46
24072,3,3,0.09349759904108816,58
24073,1,1,0.012378069550255602,42
24073,1,2,0.025946706589583066,44
24073,1,3,0.014642923934786885,43
24073,2,1,0.012384070601099494,62
24073,2,2,0.027903876368637354,38
24073,2,3,2.798029702228192e-4,29
24073,3,1,0.037267121045425296,25
24073,3,2,0.019235782379367163,47
24073,3,3,-0.015194763112382558,57
24074,1,1,0.02704057583286825,45
24074,1,2,0.017997442829944213,43
24074,1,3,0.04252047185191,41
24074,2,1,0.004030821646506452,55
24074,2,2,0.013023667895382528,38
24074,2,3,0.04128718485118894,36
24074,3,1,0.03861864464679339,29
24074,3,2,0.026382458778576937,48
24074,3,3,0.055487339837444354,52
24075,1,1,0.013314037415343842,47
24075,1,2,0.013248298749938556,45
24075,1,3,-0.004505681506934277,37
24075,2,1,0.013184087338210155,55
24075,2,2,0.018134560458233744,38
24075,2,3,0.003037084742720209,36
24075,3,1,-0.03382091161636964,27
24075,3,2,0.0011087906042415313,46
24075,3,3,0.0291112470512153,56
24076,1,1,-0.010160021799401219,52
24076,1,2,-0.02288782565912261,49
24076,1,3,-0.051547839568578745,28
24076,2,1,-0.010470200772379635,56
24076,2,2,-0.04777701823141726,43
24076,2,3,-0.04709871246598231,30
24076,3,1,-0.04942816671798055,21
24076,3,2,-0.03331613119204129,37
24076,3,3,-0.055953384463694474,71
24077,1,1,0.007072160950450484,56
24077,1,2,0.002141267336437473,41
24077,1,3,-0.03321558957046745,33
24077,2,1,-0.00235465389974639,46
24077,2,2,0.01689751066812005,45
24077,2,3,-0.0012806506149531463,38
24077,3,1,-6.966015489467904e-4,28
24077,3,2,0.016610004296922023,43
24077,3,3,0.017918707166938243,58
24078,1,1,0.010257620783354312,61
24078,1,2,0.011678070699898149,38
24078,1,3,-0.031250177894163275,31
24078,2,1,-0.0012969060195982102,50
24078,2,2,0.010128540759226383,51
24078,2,3,-0.005934872851132367,28
24078,3,1,-0.011589253042309466,19
24078,3,2,-0.017440492464543773,40
24078,3,3,-0.051471851357696566,70
24079,1,1,0.03723556774904,59
24079,1,2,0.04512299716641542,45
24079,1,3,0.070051039035862,26
24079,2,1,0.020396161646306078,59
24079,2,2,0.03217569353432831,49
24079,2,3,0.031062798119723362,22
24079,3,1,0.03536102179034176,12
24079,3,2,0.02539511096712078,36
24079,3,3,0.010095183195113109,81
24080,1,1,0.0333099754929295,51
24080,1,2,0.02434828613113123,41
24080,1,3,0.04184113005336924,39
24080,2,1,0.009854016629793948,52
24080,2,2,0.05143210013012304,47
24080,2,3,0.031172521973491747,31
24080,3,1,0.019867072901687297,28
24080,3,2,0.023519924331582027,42
24080,3,3,0.022915633167659072,60
24081,1,1,0.046576481985638296,37
24081,1,2,0.0593048816773578,33
24081,1,3,0.054618497904268794,61
24081,2,1,0.022061917405798263,61
24081,2,2,0.04177446402304921,47
24081,2,3,0.04470960395640716,23
24081,3,1,0.028013432409088497,33
24081,3,2,0.046606986702751256,51
24081,3,3,0.05494452038297275,46
24082,1,1,0.027681690659140213,33
24082,1,2,0.03514834767446171,46
24082,1,3,0.04977084548807748,52
24082,2,1,0.02474784380474364,57
24082,2,2,0.03532068705669766,43
24082,2,3,0.03417489674742006,31
24082,3,1,0.024412387313154957,41
24082,3,2,0.01803734920275112,42
24082,3,3,0.0382507574694118,48
24083,1,1,0.007231598845308204,36
24083,1,2,0.007035366983723848,45
24083,1,3,-0.018556041837636112,50
24083,2,1,0.020587326780050798,59
24083,2,2,0.009259039482339415,41
24083,2,3,7.116201252196734e-4,31
24083,3,1,5.428780922439817e-4,36
24083,3,2,0.003657131686165909,45
24083,3,3,5.381296034914218e-4,50
24084,1,1,0.017930706419167386,38
24084,1,2,0.013534696088237569,44
24084,1,3,0.04230421928307387,50
24084,2,1,0.014910827098521845,66
24084,2,2,0.0319236671980553,40
24084,2,3,0.04383103133044512,25
24084,3,1,0.038911852393996624,28
24084,3,2,0.04667533591911342,47
24084,3,3,0.05163179093637936,56
24085,1,1,0.007520496617594813,43
24085,1,2,0.0018377566524315214,44
24085,1,3,-0.0090143277607069,45
24085,2,1,0.00267464983257458,55
24085,2,2,-0.021861172864725956,40
24085,2,3,-0.006686751031490507,37
24085,3,1,0.004369345142519014,34
24085,3,2,-0.018246595661950464,48
24085,3,3,0.009421416393071615,50
24086,1,1,-0.009927570754411332,22
24086,1,2,-0.005238112220159184,47
24086,1,3,-0.0048365104929595035,64
24086,2,1,0.0061603166047428486,62
24086,2,2,0.011581199402794746,39
24086,2,3,0.023547302298302555,31
24086,3,1,0.016527551389359296,49
24086,3,2,0.012462067373403675,46
24086,3,3,0.015317460400172594,37
24087,1,1,0.031047031422760565,36
24087,1,2,0.04927276393211713,46
24087,1,3,0.04263397488371125,51
24087,2,1,0.028980891465462552,62
24087,2,2,0.04314079048764129,42
24087,2,3,0.05466063529856222,29
24087,3,1,0.03337218909575484,35
24087,3,2,0.01883946388529896,45
24087,3,3,0.045950290124631046,52
24088,1,1,0.04068329983596859,52
24088,1,2,0.0473817464603724,38
24088,1,3,0.045255130721092156,43
24088,2,1,0.03777453639573339,45
24088,2,2,0.04267240731539089,53
24088,2,3,0.03977343836309639,35
24088,3,1,0.007639579327870649,36
24088,3,2,0.03203493930104133,42
24088,3,3,0.033125651174744614,55
24089,1,1,-0.014710894367218268,27
24089,1,2,-0.011501784509595357,46
24089,1,3,-0.01067264876124744,60
24089,2,1,-0.019737493114216124,55
24089,2,2,-0.0010845444012871353,40
24089,2,3,-0.006901430507285248,38
24089,3,1,-0.03255451602056889,51
24089,3,2,-0.021110045101024582,47
24089,3,3,-0.009322289510429753,35
24090,1,1,-0.03230335028366635,44
24090,1,2,-0.020615821905493648,41
24090,1,3,-0.04248844993626149,49
24090,2,1,-0.04324075954872036,52
24090,2,2,-0.012174668493542842,47
24090,2,3,-0.017612381747659455,34
24090,3,1,-0.03294617257846836,38
24090,3,2,-0.045520393065090384,45
24090,3,3,-0.027012249815509835,50
24091,1,1,0.01491941384435063,57
24091,1,2,0.03230538523433432,42
24091,1,3,0.027471813834095818,35
24091,2,1,0.021080351846895894,50
24091,2,2,0.03041518256097947,45
24091,2,3,0.01393142953655236,38
24091,3,1,0.006815114920385186,27
24091,3,2,0.024881932568712954,46
24091,3,3,0.0189219661814075,60
24092,1,1,0.01704270412323045,53
24092,1,2,0.021715482194521487,45
24092,1,3,0.023927783351412553,36
24092,2,1,0.03488855220488166,51
24092,2,2,0.048669090431087095,42
24092,2,3,0.029393099945334084,40
24092,3,1,0.03495067277758472,30
24092,3,2,0.03881251403219275,46
24092,3,3,0.06543993149015706,57
24093,1,1,0.016061762735740816,44
24093,1,2,0.001716995920259587,43
24093,1,3,0.01317748393222336,47
24093,2,1,0.015088234931717664,56
24093,2,2,0.030657318162191447,42
24093,2,3,0.06252157790407988,35
24093,3,1,0.024068850588493142,34
24093,3,2,0.06443870064066687,48
24093,3,3,0.03442390395218663,51
24094,1,1,-0.03893654792556371,51
24094,1,2,-0.05227017892346769,47
24094,1,3,-0.06792601142315295,36
24094,2,1,-0.009617957003451427,50
24094,2,2,-0.03437656591104862,48
24094,2,3,-0.03739262656119738,35
24094,3,1,-0.032197553709094495,33
24094,3,2,-0.050703907516461734,38
24094,3,3,-0.05238211871942179,62
24095,1,1,-0.020705092227713665,47
24095,1,2,-0.046120410517769925,53
24095,1,3,0.0023285515945961335,34
24095,2,1,-0.0024211305960979653,51
24095,2,2,-0.021929278210702112,46
24095,2,3,0.0043034620755875,37
24095,3,1,0.004279133034874448,36
24095,3,2,0.0237978246545583,35
24095,3,3,0.011396531372869176,62
24096,1,1,-0.05072160858309617,37
24096,1,2,-0.012166319768602944,53
24096,1,3,0.030044229841946206,44
24096,2,1,-0.05853934702892975,57
24096,2,2,-0.06349653615019492,41
24096,2,3,-0.040303993582615855,36
24096,3,1,-0.06963863499971606,40
24096,3,2,-0.10174350801998719,40
24096,3,3,-0.10968662712354371,54
24097,1,1,-0.03067909105747927,34
24097,1,2,-0.052308549500328025,39
24097,1,3,-0.01962317612022495,61
24097,2,1,-0.022455848182187776,60
24097,2,2,-0.04477837317470356,48
24097,2,3,-0.019445188116276522,26
24097,3,1,-0.017407888264955942,40
24097,3,2,-0.02596438729357987,47
24097,3,3,0.01215749650912488,47
24098,1,1,0.00447577153263819,20
24098,1,2,0.010506426138966126,43
24098,1,3,0.00695836022635074,71
24098,2,1,-0.005125048065408096,58
24098,2,2,0.009977619201239676,46
24098,2,3,0.003084050873937302,30
24098,3,1,-0.01377550033430517,56
24098,3,2,-0.008298304792895806,45
24098,3,3,-0.0016498668109689231,33
24099,1,1,0.042970682843755444,27
24099,1,2,0.055546290998063755,46
24099,1,3,0.0928073187760663,61
24099,2,1,0.04361407401042748,58
24099,2,2,0.05386806755498614,46
24099,2,3,0.06619030499337519,30
24099,3,1,0.05177416579615309,49
24099,3,2,0.084547923586886925,42
24099,3,3,0.07882590182353201,43
24100,1,1,0.03199959874244505,31
24100,1,2,0.02426192376180948,40
24100,1,3,-0.007860824593410346,64
24100,2,1,0.03898638672220922,56
24100,2,2,0.043297144145138876,50
24100,2,3,0.012305152527160175,29
24100,3,1,0.028129787273789314,48
24100,3,2,0.035707163846380605,45
24100,3,3,0.04684944362722134,41
24101,1,1,-0.07870788565060734,28
24101,1,2,-0.11890466914383822,38
24101,1,3,-0.15957805439880407,69
24101,2,1,-0.06690418130665042,54
24101,2,2,-0.09630807209783775,49
24101,2,3,-0.10477940653147882,32
24101,3,1,-0.0465006712366664,53
24101,3,2,-0.07528163634221413,48
24101,3,3,-0.06881552768360652,34
24102,1,1,0.01856121536870162,29
24102,1,2,0.04141291637485693,42
24102,1,3,0.03792681673005409,65
24102,2,1,0.011375539205746455,52
24102,2,2,0.03706818606977428,53
24102,2,3,0.0027704668199930553,31
24102,3,1,0.01934538044612348,55
24102,3,2,-0.029102308793717033,41
24102,3,3,-0.03339723941707125,40
24103,1,1,0.0540433562803984,45
24103,1,2,0.06190437044578338,35
24103,1,3,0.06684630550778276,57
24103,2,1,0.027140720991643368,60
24103,2,2,0.033427975578456455,50
24103,2,3,0.0023029917901293715,27
24103,3,1,0.006644625065349982,32
24103,3,2,-0.01577687832931115,52
24103,3,3,0.007658463205507855,52
24104,1,1,-0.08997803275836876,20
24104,1,2,-0.10230642255995231,44
24104,1,3,-0.06514403680644394,73
24104,2,1,-0.07152681115853587,63
24104,2,2,-0.08700345117463512,41
24104,2,3,-0.02723904405774076,33
24104,3,1,-0.08307801788271493,54
24104,3,2,-0.13527640285701276,52
24104,3,3,-0.11691240887373426,31
24105,1,1,-0.1527331447108262,16
24105,1,2,-0.21626819596118402,42
24105,1,3,-0.22627439601804578,79
24105,2,1,-0.16310604659555022,60
24105,2,2,-0.18441329032437548,52
24105,2,3,-0.16441834363713814,25
24105,3,1,-0.15948546668416624,61
24105,3,2,-0.21455333294554438,43
24105,3,3,-0.19342738895851547,33
24106,1,1,-0.09150088342266514,29
24106,1,2,-0.10056007145093944,44
24106,1,3,-0.16916852807467092,64
24106,2,1,-0.03490623906276954,60
24106,2,2,-0.05296573448838413,44
24106,2,3,-0.11746142493740765,33
24106,3,1,-0.08883015945362252,48
24106,3,2,-0.06255753780361328,49
24106,3,3,-0.1296344627277433,40
24107,1,1,0.11411012949991171,26
24107,1,2,0.08514312258087268,40
24107,1,3,0.07252275791328296,72
24107,2,1,0.027952115552723523,43
24107,2,2,0.03941447552084183,56
24107,2,3,0.08869011004313962,38
24107,3,1,0.02979111691471699,69
24107,3,2,0.03930289892481934,41
24107,3,3,0.05153070789340804,27
24108,1,1,-0.005184822204292505,17
24108,1,2,-0.07737382606185823,47
24108,1,3,-0.13463875699403188,74
24108,2,1,-0.05476250318602398,48
24108,2,2,-0.04311114965338703,52
24108,2,3,-0.12800328096225422,38
24108,3,1,-0.04949329521553284,73
24108,3,2,-0.09511445748989038,39
24108,3,3,-0.12417599043873714,25
24109,1,1,-0.08813950926434178,11
24109,1,2,-0.11721669574863243,45
24109,1,3,-0.12034765088027774,82
24109,2,1,-0.09475998603312488,45
24109,2,2,-0.0838507889425633,56
24109,2,3,-0.12900939802864012,37
24109,3,1,-0.0955368890564642,82
24109,3,2,-0.08905404172180223,37
24109,3,3,-0.14957807928904346,18
24110,1,1,0.08644224521055115,8
24110,1,2,0.13910145756518963,49
24110,1,3,0.16012525694784188,81
24110,2,1,0.08198881105005874,43
24110,2,2,0.10918715395900914,57
24110,2,3,0.12528143229967048,38
24110,3,1,0.052859186347856864,87
24110,3,2,0.08938050680134356,32
24110,3,3,0.10254878716299219,19
24111,1,1,0.2096335234580375,15
24111,1,2,0.2660780144281044,41
24111,1,3,0.37650328818810846,82
24111,2,1,0.13046210482960363,42
24111,2,2,0.1389857147489022,62
24111,2,3,0.18124241795452226,34
24111,3,1,0.04207132747342855,81
24111,3,2,0.08567349970051509,35
24111,3,3,0.07790190933341859,22
24112,1,1,0.060601797486462244,8
24112,1,2,0.06410475748412225,40
24112,1,3,0.10427464574483193,91
24112,2,1,0.04659375709389455,42
24112,2,2,0.03755163679457164,59
24112,2,3,0.009735833707615415,38
24112,3,1,0.011587053395216455,89
24112,3,2,0.006486291547726528,40
24112,3,3,0.0230766255977791,9
24113,1,1,-0.019412499504579538,6
24113,1,2,-0.03396320946369839,41
24113,1,3,-0.02189425007370031,92
24113,2,1,0.03857789754421684,41
24113,2,2,0.004547121582896529,65
24113,2,3,0.016320794699768132,33
24113,3,1,0.03088082608678502,92
24113,3,2,0.017774011285008957,33
24113,3,3,0.027199157976354228,14
24114,1,1,0.04525211224305455,14
24114,1,2,0.12218584701043,47
24114,1,3,0.13405384443767682,79
24114,2,1,0.0505799668978753,46
24114,2,2,0.09740920640244473,54
24114,2,3,0.10435992682230734,39
24114,3,1,0.052581665732900885,80
24114,3,2,0.08898981120455898,38
24114,3,3,0.10957224121543661,21
24115,1,1,0.08219431286573134,23
24115,1,2,0.07864544263214539,41
24115,1,3,0.13948326359900332,76
24115,2,1,0.0368656288293649,53
24115,2,2,0.04495024674371409,51
24115,2,3,0.05651669170194861,36
24115,3,1,0.03714019175346156,64
24115,3,2,0.023762224263269276,48
24115,3,3,0.030748928447278907,27
24116,1,1,0.04552133679470961,16
24116,1,2,0.06979014778697616,48
24116,1,3,0.07487778524915982,76
24116,2,1,0.038508153387909576,55
24116,2,2,0.03800955109152877,49
24116,2,3,0.03778837695795001,36
24116,3,1,0.027401340963614244,69
24116,3,2,0.04517403130129302,43
24116,3,3,0.026661850753362235,27
24117,1,1,-0.01074183927751383,13
24117,1,2,-0.03225758666884041,49
24117,1,3,-0.06447218399072295,78
24117,2,1,-0.016927161882178972,58
24117,2,2,-0.015037919631621035,47
24117,2,3,-0.054901948243956916,35
24117,3,1,-0.012586705008134268,69
24117,3,2,-0.033141963143011904,44
24117,3,3,-0.04841880961508335,26
24118,1,1,0.05288012105431745,23
24118,1,2,0.047507262861972904,45
24118,1,3,0.06372684579902527,72
24118,2,1,0.05904503686590082,55
24118,2,2,0.057175374391221744,52
24118,2,3,0.08073213924048483,33
24118,3,1,0.060065110420262635,62
24118,3,2,0.06245727803578645,43
24118,3,3,0.07203908526224545,34
24119,1,1,0.03273362844150539,53
24119,1,2,0.053631049109498855,42
24119,1,3,0.04313623089747703,45
24119,2,1,0.042543898880196974,66
24119,2,2,0.05740615878018995,48
24119,2,3,0.0333908867812107,26
24119,3,1,0.03128093305971168,21
24119,3,2,0.06446151990468123,50
24119,3,3,0.061644548261100864,68
24120,1,1,-0.016244790011199627,65
24120,1,2,-0.03743097922365192,38
24120,1,3,0.024401713174106436,37
24120,2,1,-0.033347607936121466,46
24120,2,2,-0.02084422979521224,55
24120,2,3,-0.03994881798911598,39
24120,3,1,-0.04133390898242856,29
24120,3,2,-0.045963415763410106,47
24120,3,3,-0.03919384484058723,63
24121,1,1,0.0218048983492246,51
24121,1,2,0.023963177485100278,53
24121,1,3,0.03585287456392159,36
24121,2,1,0.0367158408399018,65
24121,2,2,0.053621300373428125,40
24121,2,3,0.05411948055456419,35
24121,3,1,0.044598802903732596,24
24121,3,2,0.03648685475465715,47
24121,3,3,0.06440958836488442,68
24122,1,1,0.04645545559263531,73
24122,1,2,0.07904222021581887,34
24122,1,3,0.05246829156434793,33
24122,2,1,0.05261098042063426,46
24122,2,2,0.06827745782001168,53
24122,2,3,0.07899968668948218,41
24122,3,1,0.05402145621560131,21
24122,3,2,0.08668254690040383,53
24122,3,3,0.09530169809842694,65
24123,1,1,0.010880024532494648,72
24123,1,2,0.04496702049212564,35
24123,1,3,0.029280808267472938,33
24123,2,1,0.03358750350634207,47
24123,2,2,0.04206005282219045,60
24123,2,3,0.041295639350641955,33
24123,3,1,0.02924837583138509,21
24123,3,2,0.05509468607680437,45
24123,3,3,0.05247572916459352,73
24124,1,1,-0.05485738355787785,73
24124,1,2,-0.06470301822242266,40
24124,1,3,-0.07604309574983642,27
24124,2,1,-0.06779613355927085,50
24124,2,2,-0.06726750938970717,51
24124,2,3,-0.0627264048214641,39
24124,3,1,-0.0668462695109209,17
24124,3,2,-0.07452585823881946,49
24124,3,3,-0.07272449233008985,73
24125,1,1,-0.029359747376633685,59
24125,1,2,-0.055376008675857104,45
24125,1,3,-0.0808728653737376,36
24125,2,1,-0.019397879334339268,60
24125,2,2,-0.055361166264883126,42
24125,2,3,-0.057803891507708975,38
24125,3,1,-0.05637635593715523,21
24125,3,2,-0.06258790693525702,53
24125,3,3,-0.07426147817196718,65
24126,1,1,0.06220697826989637,75
24126,1,2,0.0651128938838663,39
24126,1,3,0.06119980059809269,26
24126,2,1,0.05326195746394805,52
24126,2,2,0.06192105229179095,57
24126,2,3,0.1071042523363925,31
24126,3,1,0.048214468489909054,13
24126,3,2,0.06832824070370096,44
24126,3,3,0.1002561426656712,82
24127,1,1,-0.020944519069093136,61
24127,1,2,-0.032752215771373404,43
24127,1,3,-0.05444816765606439,36
24127,2,1,-0.01643552671573864,56
24127,2,2,-0.04769252235252084,52
24127,2,3,-0.06212924136852417,32
24127,3,1,-0.027010295020462,23
24127,3,2,-0.043565311309758624,45
24127,3,3,-0.06583321323989946,71
24128,1,1,0.07767039818250811,46
24128,1,2,0.10220761581790903,47
24128,1,3,0.12050651122163604,47
24128,2,1,0.06993148220944402,68
24128,2,2,0.10243885980629895,47
24128,2,3,0.12088835273602484,25
24128,3,1,0.05765312553596292,26
24128,3,2,0.1142281644572409,46
24128,3,3,0.1305340766107768,67
24129,1,1,0.02353861897074705,40
24129,1,2,0.038252502881024615,55
24129,1,3,0.032700371951339055,45
24129,2,1,0.023790176450841024,65
24129,2,2,0.044563548069035716,37
24129,2,3,0.04384787206970402,38
24129,3,1,0.04630567341849398,35
24129,3,2,0.04447825882943438,48
24129,3,3,0.06483829015873557,57
24130,1,1,-0.010601596498344343,23
24130,1,2,0.008184109304831402,54
24130,1,3,0.004098713733133614,63
24130,2,1,-0.010569889345459098,61
24130,2,2,0.01067610739177969,44
24130,2,3,0.007400581208420362,35
24130,3,1,-0.0031185858408907577,56
24130,3,2,0.001077741230297449,42
24130,3,3,0.05451236191062699,42
24131,1,1,0.06619744474549895,47
24131,1,2,0.10271396191655964,50
24131,1,3,0.09964524949422593,44
24131,2,1,0.047099347575609664,57
24131,2,2,0.0721649671864198,52
24131,2,3,0.083289784447464807,31
24131,3,1,0.04952154880722764,37
24131,3,2,0.07284397539229429,38
24131,3,3,0.05712845347323629,65
24132,1,1,0.023656313664241795,49
24132,1,2,0.03013342527466618,40
24132,1,3,0.03583757599173821,52
24132,2,1,0.01020070259896535,61
24132,2,2,0.04255623831399443,41
24132,2,3,0.041393619798511326,39
24132,3,1,0.014242309569918425,31
24132,3,2,0.01936060478259216,60
24132,3,3,0.026084971738697626,50
24133,1,1,0.020876458301640383,43
24133,1,2,0.026283143102437553,45
24133,1,3,0.031353070497430316,53
24133,2,1,0.04393823253572779,61
24133,2,2,0.029908161476880333,46
24133,2,3,0.06206520972905906,34
24133,3,1,0.0465937142048127,37
24133,3,2,0.03323631608124873,50
24133,3,3,0.04525485477805401,54
24134,1,1,0.009826774460397578,44
24134,1,2,0.008870040616020713,46
24134,1,3,0.0209526535913148,52
24134,2,1,0.012400556174640903,64
24134,2,2,0.006147033202800803,41
24134,2,3,0.010813877014163547,36
24134,3,1,0.023705256575964354,34
24134,3,2,0.026517545202237612,54
24134,3,3,0.018360106817595645,53
24135,1,1,0.03548343185038581,49
24135,1,2,0.03698941038630408,45
24135,1,3,0.030572237630043325,48
24135,2,1,0.04593967021909828,57
24135,2,2,0.02708621092988152,51
24135,2,3,0.04847450103480298,34
24135,3,1,0.021509672048185123,36
24135,3,2,0.0340049197075165,46
24135,3,3,0.03103317709727285,59
24136,1,1,0.015119711853781368,47
24136,1,2,6.281851162243329e-4,50
24136,1,3,-0.017237450568265887,45
24136,2,1,0.0060711502001378655,63
24136,2,2,1.4013943974599226e-4,47
24136,2,3,-0.011563588379754202,32
24136,3,1,0.011881985665344215,32
24136,3,2,-0.014398499192058229,45
24136,3,3,-0.019033655637093617,64
24137,1,1,-0.011043837838522745,52
24137,1,2,-0.02561744157840946,56
24137,1,3,-0.041773140075988376,34
24137,2,1,-0.019609879448169477,64
24137,2,2,-0.00978462271683352,39
24137,2,3,-0.0237243160300854,39
24137,3,1,4.1564277616352573e-4,26
24137,3,2,-0.0069835040793878944,47
24137,3,3,-0.011321095172629988,69
24138,1,1,-0.03621726988771721,55
24138,1,2,-0.022293853399407024,48
24138,1,3,-0.05078457790015385,39
24138,2,1,-0.035562578590036246,66
24138,2,2,-0.03111152430758096,48
24138,2,3,-0.036504351409290696,28
24138,3,1,-0.030030944215651036,21
24138,3,2,-0.04117847072884964,46
24138,3,3,-0.032371957279074284,75
24139,1,1,-0.004086215242419223,60
24139,1,2,-0.06193612990089152,39
24139,1,3,-0.09827354242530624,44
24139,2,1,-0.016037745949755173,61
24139,2,2,-0.05689711162914554,57
24139,2,3,-0.08764144986433668,25
24139,3,1,-0.017494784309205886,22
24139,3,2,-0.05674488324171099,47
24139,3,3,-0.09041852813615163,73
24140,1,1,-0.06260660317779414,53
24140,1,2,-0.06629256532862952,42
24140,1,3,-0.1022504677006091,48
24140,2,1,-0.051314896223045824,57
24140,2,2,-0.07721220218661108,53
24140,2,3,-0.10807352395993837,33
24140,3,1,-0.07613766651787875,33
24140,3,2,-0.07995482477261237,48
24140,3,3,-0.10476038545275457,62
24141,1,1,0.07458030477339174,61
24141,1,2,0.13280684574191712,46
24141,1,3,0.14357605756324865,37
24141,2,1,0.08899713926547483,54
24141,2,2,0.15386624214331307,48
24141,2,3,0.1443175536054343,41
24141,3,1,0.13283501580203777,29
24141,3,2,0.14798809736303603,49
24141,3,3,0.16708823049660929,65
24142,1,1,0.0022302783841773154,33
24142,1,2,-0.009080998293909383,40
24142,1,3,-0.013139412958095427,71
24142,2,1,0.011970911518218035,57
24142,2,2,-0.0029013200545631454,51
24142,2,3,0.016191293942784526,35
24142,3,1,0.006101141664689739,54
24142,3,2,-0.001696830534349523,52
24142,3,3,1.453475604858498e-4,37
24143,1,1,0.015573845650701707,12
24143,1,2,-0.012025396413664926,55
24143,1,3,0.009757150109338576,77
24143,2,1,0.021149660304195857,56
24143,2,2,0.01443858883685138,51
24143,2,3,-0.011941962308556245,36
24143,3,1,0.025614679338787718,76
24143,3,2,0.008308746476375403,37
24143,3,3,-0.02457471831358015,30
24144,1,1,0.04016075813847729,21
24144,1,2,0.07334792044510648,49
24144,1,3,0.15208112278696517,74
24144,2,1,0.024644191783447327,62
24144,2,2,0.04415234492176228,50
24144,2,3,0.10086740830987653,32
24144,3,1,0.010229376913730224,61
24144,3,2,0.06265797509830758,45
24144,3,3,0.09690021733623844,37
24145,1,1,0.05796229428351357,16
24145,1,2,0.033155604935928375,45
24145,1,3,0.05114869646507931,84
24145,2,1,0.01564679183776006,58
24145,2,2,0.04228435443154794,55
24145,2,3,0.04981460283240512,31
24145,3,1,0.024587298238312145,71
24145,3,2,0.04127978221186926,44
24145,3,3,0.06460369491418304,29
24146,1,1,0.031573762866904165,7
24146,1,2,0.027600783823662437,55
24146,1,3,0.024653787268111464,83
24146,2,1,0.027968294852976635,54
24146,2,2,0.035316545232725725,51
24146,2,3,0.036254507504551566,39
24146,3,1,0.032232869767081576,84
24146,3,2,0.04407935837042245,38
24146,3,3,0.04158438567167936,22
24147,1,1,-0.004209121027298001,23
24147,1,2,-0.01117264265418244,50
24147,1,3,-0.04647321131021233,72
24147,2,1,-0.0021597817787565093,64
24147,2,2,-0.011833088760400201,50
24147,2,3,-0.011636482920725458,31
24147,3,1,0.03190242536784148,58
24147,3,2,0.01926764367752313,45
24147,3,3,0.03500577027477714,41
24148,1,1,-0.04384411226884053,23
24148,1,2,-0.08542793581366975,54
24148,1,3,-0.07906699085913488,69
24148,2,1,-0.038007552800034816,60
24148,2,2,-0.04543849696944575,52
24148,2,3,-0.07000946778925339,34
24148,3,1,-0.021681312812990072,63
24148,3,2,-0.05249043636732611,40
24148,3,3,-0.06163812964087005,42
24149,1,1,0.0445466045793406,31
24149,1,2,0.037635287510910546,46
24149,1,3,0.028062364290108593,69
24149,2,1,0.04639491770475502,68
24149,2,2,0.046000387482269235,47
24149,2,3,0.04637964972003479,31
24149,3,1,0.035569317078974594,47
24149,3,2,0.024016616879024507,53
24149,3,3,0.018913712888717883,45
24150,1,1,0.008791076699487291,26
24150,1,2,-0.00960063152991307,62
24150,1,3,-0.022979660507740064,58
24150,2,1,0.015209768840926459,64
24150,2,2,0.012904798068275249,45
24150,2,3,0.008952284069459932,37
24150,3,1,0.016668429893192293,56
24150,3,2,0.01234917207642102,39
24150,3,3,0.003942399743753525,50
24151,1,1,0.051123664123064606,25
24151,1,2,0.028522397813581308,46
24151,1,3,0.046512741285895734,75
24151,2,1,0.008483750954529431,55
24151,2,2,0.031290553534317894,54
24151,2,3,0.0586915359284598,37
24151,3,1,-0.0019977683412624888,66
24151,3,2,0.014724328929911632,46
24151,3,3,0.05985375494849771,34
24152,1,1,0.020041696319254752,26
24152,1,2,0.028386808054964647,52
24152,1,3,0.024289887741644624,68
24152,2,1,0.019890567973625758,57
24152,2,2,0.024116279807601625,52
24152,2,3,0.017806370683465706,37
24152,3,1,0.014348650142701322,63
24152,3,2,0.029630839440321223,42
24152,3,3,0.030298731475165243,41
24153,1,1,0.011260322382457508,31
24153,1,2,-0.008615403073771517,43
24153,1,3,-0.017417249546140552,72
24153,2,1,-0.0020942308111005325,57
24153,2,2,0.004749384285268201,53
24153,2,3,-0.002103689137535314,36
24153,3,1,-0.0013108531613612133,58
24153,3,2,-0.02146098137955718,50
24153,3,3,0.009864622594531414,38
24154,1,1,-0.008629357195982533,53
24154,1,2,0.02400181118399499,41
24154,1,3,0.02899135415651432,52
24154,2,1,0.010833989508143467,58
24154,2,2,0.018423196021999117,47
24154,2,3,0.036667101304831515,41
24154,3,1,0.001826667457283137,35
24154,3,2,0.020853469438344083,58
24154,3,3,0.03610443304496409,53
24155,1,1,0.012381460457228493,34
24155,1,2,0.036646023458955006,58
24155,1,3,0.04117860131113004,55
24155,2,1,0.004647535636542328,70
24155,2,2,0.01156053827804233,44
24155,2,3,0.027240801138078936,32
24155,3,1,0.019316868758611116,43
24155,3,2,0.010240350167552443,44
24155,3,3,0.025653406868896403,59
24156,1,1,0.04673941365081082,32
24156,1,2,0.06670806958694472,51
24156,1,3,0.07299483945314163,64
24156,2,1,0.06132343611588833,70
24156,2,2,0.07609187041432917,49
24156,2,3,0.07716915451950832,28
24156,3,1,0.056190251261514765,45
24156,3,2,0.07640266752704535,47
24156,3,3,0.07282421787801449,54
24157,1,1,0.01427640463125137,47
24157,1,2,0.017149654893692332,52
24157,1,3,0.0060810573145141985,48
24157,2,1,0.034495523262214084,64
24157,2,2,0.014838775750269049,43
24157,2,3,0.010134089720286411,40
24157,3,1,0.02309036565303065,36
24157,3,2,0.014238447115698032,52
24157,3,3,0.010750404528051415,58
24158,1,1,0.0374158305212933,46
24158,1,2,0.03244664409710421,48
24158,1,3,0.05392112907250716,53
24158,2,1,0.046324381026580895,62
24158,2,2,0.048828001344905995,44
24158,2,3,0.044036392594408676,41
24158,3,1,0.04686600776928923,39
24158,3,2,0.049926356679161,55
24158,3,3,0.043032181339700167,52
24159,1,1,0.017785420766450538,46
24159,1,2,0.007778197561122764,51
24159,1,3,0.03261470472272561,50
24159,2,1,0.026989671308197308,60
24159,2,2,0.01580607614467363,48
24159,2,3,0.0330077627351389,39
24159,3,1,0.013724381323626831,41
24159,3,2,0.026215436086720174,48
24159,3,3,0.013444942022806812,58
24160,1,1,0.011181929226278186,48
24160,1,2,0.03471413998856907,43
24160,1,3,0.06785137674394445,56
24160,2,1,0.011683771324341317,54
24160,2,2,0.019365142643088824,54
24160,2,3,0.04852038977407518,39
24160,3,1,-0.006941129730900664,45
24160,3,2,0.019079941494767584,50
24160,3,3,0.043496117818440524,52
24161,1,1,-0.0016390162619378424,38
24161,1,2,-0.010832804018558469,49
24161,1,3,-0.009942955014828015,61
24161,2,1,0.0026877977858080393,66
24161,2,2,-0.015960337344016078,50
24161,2,3,-0.017381747168517585,31
24161,3,1,0.0043218974170536285,44
24161,3,2,-0.013389166648132023,48
24161,3,3,-0.026976064878462852,55
24162,1,1,0.023568628997995184,54
24162,1,2,0.0608875375211138,50
24162,1,3,0.07200838178827901,44
24162,2,1,0.052373267678540204,63
24162,2,2,0.05956292772661905,49
24162,2,3,0.04279356043197212,36
24162,3,1,0.05108885291247253,31
24162,3,2,0.06856013435273972,49
24162,3,3,0.057437752480083766,68
24163,1,1,-0.02483257704803139,62
24163,1,2,-0.019907553393635553,42
24163,1,3,-0.01770079477257228,44
24163,2,1,-0.026752308049413275,58
24163,2,2,-0.027193008753316553,54
24163,2,3,-0.03625744124590216,36
24163,3,1,-0.006306069655819156,28
24163,3,2,-0.020362567973757992,52
24163,3,3,-0.017764222919858266,68
24164,1,1,0.024045812211421262,59
24164,1,2,0.04054056012906382,48
24164,1,3,0.04670073477976708,42
24164,2,1,0.031346208506992185,57
24164,2,2,0.05033497897381274,49
24164,2,3,0.07128838673911472,43
24164,3,1,0.03859841348842963,33
24164,3,2,0.05545092025123706,52
24164,3,3,0.0779390556333075,63
24165,1,1,0.03923058372625634,54
24165,1,2,0.0260563155909951,49
24165,1,3,0.031589268222146694,46
24165,2,1,0.05024746781357934,61
24165,2,2,0.041769911964891125,52
24165,2,3,0.048105780267392796,36
24165,3,1,0.052828542496781275,34
24165,3,2,0.05234659514133152,48
24165,3,3,0.052637063633497426,66
24166,1,1,0.02411037286607455,41
24166,1,2,-4.965357148352419e-4,48
24166,1,3,-0.002258850827188099,60
24166,2,1,0.0321753765775391,67
24166,2,2,0.030348755893228652,51
24166,2,3,0.009701582255906649,31
24166,3,1,0.04529929313213294,41
24166,3,2,0.047837678366646375,50
24166,3,3,0.03683866762864089,57
24167,1,1,0.018507190996142873,74
24167,1,2,0.02948844780576564,49
24167,1,3,0.044919740887806946,27
24167,2,1,0.010304879753529254,54
24167,2,2,0.03367330730884423,51
24167,2,3,0.04455058224201157,44
24167,3,1,0.016486507766890836,22
24167,3,2,0.04405106411694049,49
24167,3,3,0.03488967469479712,78
24168,1,1,7.770182197640954e-4,72
24168,1,2,-0.009992038051912008,44
24168,1,3,-0.020167714708495925,34
24168,2,1,-0.03361607006790011,60
24168,2,2,-0.031084544762117756,48
24168,2,3,-0.012559265435535271,41
24168,3,1,-0.028362245954162854,18
24168,3,2,-0.0115895364098436,57
24168,3,3,0.0073876308283362625,74
24169,1,1,0.04299946965103238,68
24169,1,2,0.04504165360898387,42
24169,1,3,0.07073695809536006,40
24169,2,1,0.03740260980157841,50
24169,2,2,0.05689908430633535,54
24169,2,3,0.04501581787297011,45
24169,3,1,0.0557138574904121,32
24169,3,2,0.051716387290787175,53
24169,3,3,0.06779607931326379,64
24170,1,1,0.022693739354192877,59
24170,1,2,0.011467658706592387,53
24170,1,3,-0.014724691493685337,38
24170,2,1,0.015678618036528348,60
24170,2,2,0.018885458071633172,55
24170,2,3,0.009634457025363622,35
24170,3,1,-0.005357371376442358,31
24170,3,2,-0.0017377254599878862,42
24170,3,3,-0.020608918977017703,77
24171,1,1,0.030987419553183584,68
24171,1,2,0.010406579534771825,50
24171,1,3,-0.005174105342304602,33
24171,2,1,-0.004748459195701279,56
24171,2,2,-0.008167705632653706,49
24171,2,3,-9.849533055850622e-4,45
24171,3,1,-0.010194631489477588,27
24171,3,2,-0.01900335653745369,51
24171,3,3,-0.03125426090545879,72
24172,1,1,0.017543883197706108,77
24172,1,2,0.017827146293792125,37
24172,1,3,0.009135695311597383,37
24172,2,1,0.027569832965013568,50
24172,2,2,0.013357171257387234,54
24172,2,3,0.03549085372040004,46
24172,3,1,0.03692980177371937,24
24172,3,2,0.04878219612177016,59
24172,3,3,0.02264657214230786,67
24173,1,1,0.015180001291044905,76
24173,1,2,0.025990006500204402,45
24173,1,3,0.0342993221773948,30
24173,2,1,0.020914326070762188,54
24173,2,2,0.025887513113834186,61
24173,2,3,0.0414448432143252,35
24173,3,1,0.0222161502495709,21
24173,3,2,0.02789815624095079,44
24173,3,3,0.042302916362185125,85
24174,1,1,-0.014217881537005931,68
24174,1,2,-0.014106012716902691,45
24174,1,3,-0.022314389223366916,38
24174,2,1,-0.031243593668323164,54
24174,2,2,-0.012590929598994018,46
24174,2,3,-0.029973684488501084,51
24174,3,1,-0.036640809872293,29
24174,3,2,-0.021774166935916814,60
24174,3,3,-0.028399957164792072,61
24175,1,1,0.042607664019571584,55
24175,1,2,0.04455948761279059,54
24175,1,3,0.06214001648610971,43
24175,2,1,0.03977827460122933,55
24175,2,2,0.04316257131210354,48
24175,2,3,0.04701217737579143,49
24175,3,1,0.03973181639469259,42
24175,3,2,0.03651528908115628,50
24175,3,3,0.06304083876171424,59
24176,1,1,-0.022961806482693525,62
24176,1,2,-0.009676895205222382,49
24176,1,3,-0.029226710446694042,41
24176,2,1,-0.020842403359677332,63
24176,2,2,-0.023598478222090723,48
24176,2,3,-0.019765201010502095,41
24176,3,1,-0.017959351871137497,27
24176,3,2,-0.020860309345430494,55
24176,3,3,-0.017168977991147704,69
24177,1,1,0.025964504975783093,49
24177,1,2,0.035283033983043215,46
24177,1,3,0.05480159292612446,57
24177,2,1,0.05534104999084738,59
24177,2,2,0.052832827682661974,55
24177,2,3,0.061803356101473306,38
24177,3,1,0.03229396834668756,44
24177,3,2,0.028621883505462135,51
24177,3,3,0.021437668902273856,56
24178,1,1,0.024214510989737797,57
24178,1,2,0.04150929587690829,44
24178,1,3,0.05486397844194219,51
24178,2,1,0.03389834592448803,65
24178,2,2,0.02226656105124738,54
24178,2,3,0.024925051312666667,33
24178,3,1,0.025606735335773005,30
24178,3,2,0.036985091942794736,54
24178,3,3,0.03218358502074894,67
24179,1,1,0.0060916748670279755,60
24179,1,2,0.010701252941503682,47
24179,1,3,0.025081687327798034,45
24179,2,1,0.011435082885341372,61
24179,2,2,0.011713631524648568,57
24179,2,3,-1.665223963254795e-4,34
24179,3,1,0.010861167117715915,31
24179,3,2,-0.00754853245933889,48
24179,3,3,-0.0030553714609487122,72
24180,1,1,-0.049798672592924115,49
24180,1,2,-0.012609290137052023,43
24180,1,3,-0.03150907236667796,60
24180,2,1,-0.034556659495012215,69
24180,2,2,-0.0012874920889851963,46
24180,2,3,-0.021802663561302282,37
24180,3,1,0.028649712881695683,34
24180,3,2,0.005732790441676183,63
24180,3,3,-0.00841206678091885,55
24181,1,1,0.07114348388989779,38
24181,1,2,0.07474700640942114,52
24181,1,3,0.09381297519521951,63
24181,2,1,0.04509515613564504,65
24181,2,2,0.057896270959568466,48
24181,2,3,0.0805620095592212,39
24181,3,1,-2.20018626408765e-4,50
24181,3,2,0.047560571811905886,52
24181,3,3,0.058025576634376436,50
24182,1,1,-0.009215756520329786,42
24182,1,2,-0.007921137139218808,44
24182,1,3,-0.013264151806420061,67
24182,2,1,4.308442896992064e-4,52
24182,2,2,0.0010300369307225182,57
24182,2,3,0.008228563984221301,43
24182,3,1,-4.526591424941737e-4,59
24182,3,2,0.012816781230660938,51
24182,3,3,0.005778364080658896,42
24183,1,1,0.01404606747071528,25
24183,1,2,0.013988740088305541,51
24183,1,3,0.042443081389389875,77
24183,2,1,-0.008701725639933554,66
24183,2,2,-0.004402932423018577,53
24183,2,3,0.004107151774969172,33
24183,3,1,-0.035714416915642956,62
24183,3,2,-0.018120070459017246,48
24183,3,3,-0.023979505784572846,42
24184,1,1,0.0038021749348317903,60
24184,1,2,0.009343306793604102,40
24184,1,3,-0.012229721924525065,53
24184,2,1,0.01698148844146809,50
24184,2,2,0.02034795152560358,59
24184,2,3,0.03371006993444906,43
24184,3,1,0.019031135029199436,43
24184,3,2,0.021459897782659255,53
24184,3,3,0.059577066011239695,56
24185,1,1,-0.016913464219793145,34
24185,1,2,-0.01555820333005624,50
24185,1,3,-0.029683092196820686,69
24185,2,1,-0.019556610988425833,66
24185,2,2,-0.011942838573152086,53
24185,2,3,-0.024521761971845062,33
24185,3,1,-0.021031261883734408,53
24185,3,2,0.0010795255377952166,49
24185,3,3,-0.007121195608567125,50
24186,1,1,-0.006922179739241471,58
24186,1,2,-0.0012078925789707781,46
24186,1,3,-0.016547924750178404,49
24186,2,1,0.05140456352832571,66
24186,2,2,0.04005603490622883,48
24186,2,3,0.013081274664710643,39
24186,3,1,0.030676511487425867,29
24186,3,2,0.04987185755234282,59
24186,3,3,0.024532893222850984,64
24187,1,1,-0.061817872916544475,58
24187,1,2,-0.056201470999070136,41
24187,1,3,-0.058455397037419615,54
24187,2,1,-0.057117083225525035,58
24187,2,2,-0.051707397778030295,64
24187,2,3,-0.05273554114333595,31
24187,3,1,-0.04709810674902826,37
24187,3,2,-0.043899676125906575,48
24187,3,3,-0.05557191367137889,68
24188,1,1,-0.032886062771301704,53
24188,1,2,-0.027481259574708292,47
24188,1,3,-0.06455361989710573,53
24188,2,1,-0.01026445072211941,63
24188,2,2,-0.0015467222840025935,53
24188,2,3,-0.015979253378365026,37
24188,3,1,-0.01481194749039665,37
24188,3,2,-0.017911335706157903,53
24188,3,3,-0.03542423009470139,63
24189,1,1,0.07351866442297499,43
24189,1,2,0.08102069384686043,43
24189,1,3,0.10142632454669286,68
24189,2,1,0.05081573723491841,68
24189,2,2,0.06875800833622192,47
24189,2,3,0.07992671496157047,38
24189,3,1,0.06459528110942826,43
24189,3,2,0.06640122048016898,63
24189,3,3,0.06272993086891862,47
24190,1,1,-0.007755926173017493,49
24190,1,2,0.015732898315711306,45
24190,1,3,-0.007629639184328648,60
24190,2,1,0.005980406275016333,70
24190,2,2,0.017498316687929158,50
24190,2,3,0.020840577217895267,34
24190,3,1,0.0206366038002178,35
24190,3,2,0.010664943795478249,59
24190,3,3,0.018976031496048384,59
24191,1,1,-0.019429219614088715,24
24191,1,2,-0.038022432884128134,63
24191,1,3,-0.05174822378786204,67
24191,2,1,0.0026300063722826572,72
24191,2,2,-0.02171049813548728,51
24191,2,3,-0.024024270569587135,31
24191,3,1,-0.004880450283727138,58
24191,3,2,-0.0018557958836871082,40
24191,3,3,-0.022076224893077808,56
24192,1,1,-0.049209003254510254,39
24192,1,2,-0.05630223930311314,50
24192,1,3,-0.08086035845990233,65
24192,2,1,-0.023575839152560514,62
24192,2,2,-0.051022961300201675,51
24192,2,3,-0.0814521156445151,41
24192,3,1,-0.03717148687091771,53
24192,3,2,-0.03094775698813988,53
24192,3,3,-0.07794077370585553,48
24193,1,1,0.021802960777469366,38
24193,1,2,0.037361377665157215,42
24193,1,3,0.0457368390202603,74
24193,2,1,0.019271510500231022,62
24193,2,2,0.00525175557151122,55
24193,2,3,-0.0037079750933064703,37
24193,3,1,0.014192348672349385,54
24193,3,2,-0.01059888817392448,57
24193,3,3,-0.014087129658892826,43
24194,1,1,0.08447846399809872,38
24194,1,2,0.0963657349552506,42
24194,1,3,0.10246842462750985,74
24194,2,1,0.07782875459868856,67
24194,2,2,0.07398234293141216,53
24194,2,3,0.09214611808956467,34
24194,3,1,0.049058611814976144,49
24194,3,2,0.07545134836650962,59
24194,3,3,0.08003154401065142,46
24195,1,1,-9.429944192157046e-4,16
24195,1,2,0.017351265208143368,56
24195,1,3,0.03575279587722637,82
24195,2,1,0.007109201402706205,63
24195,2,2,0.018097578707752644,57
24195,2,3,0.004859832484043046,34
24195,3,1,-0.020428706379821148,75
24195,3,2,0.005001643948756367,41
24195,3,3,-0.012209905515824926,38
24196,1,1,0.04401102217165857,16
24196,1,2,0.011931488531809451,48
24196,1,3,0.027490766377857946,90
24196,2,1,0.016059753923650156,52
24196,2,2,0.024079758284526666,62
24196,2,3,0.02565926201906098,40
24196,3,1,0.01865528884839664,86
24196,3,2,0.040150776136282956,44
24196,3,3,0.07315703320046163,24
24197,1,1,0.02393566590471345,13
24197,1,2,-0.013484735066666564,46
24197,1,3,-0.040090712905988785,96
24197,2,1,0.023058484869618347,55
24197,2,2,0.004343493335348857,64
24197,2,3,0.00659171918845831,35
24197,3,1,0.03728252189741463,87
24197,3,2,0.02455520403126514,44
24197,3,3,-0.0025838957148304636,23
24198,1,1,0.04384917669980211,18
24198,1,2,0.07724825329009383,57
24198,1,3,0.06267639724522203,80
24198,2,1,0.029426751465539896,62
24198,2,2,0.04752503382001399,53
24198,2,3,0.044705484628134104,39
24198,3,1,0.0192875484192465,75
24198,3,2,0.02365925350897447,44
24198,3,3,0.055342177198676845,35
24199,1,1,0.016987031593523366,26
24199,1,2,0.02173620096320672,41
24199,1,3,0.03797174259347922,88
24199,2,1,-0.0024431226556750445,57
24199,2,2,0.012243542981672574,57
24199,2,3,7.858286398457256e-4,40
24199,3,1,-0.024485114829396366,72
24199,3,2,0.0035322515550644017,56
24199,3,3,-0.009060501709809803,26
24200,1,1,-3.487301960449088e-4,16
24200,1,2,-0.007972711941354889,49
24200,1,3,0.019602628532181032,91
24200,2,1,0.0015894571131117483,56
24200,2,2,0.005566972108442168,60
24200,2,3,0.007509120088602643,39
24200,3,1,-0.004309486464853888,84
24200,3,2,0.0010552715437869196,46
24200,3,3,0.026464384123872153,25
24201,1,1,-0.034861650726201135,14
24201,1,2,1.0049018733176158e-4,47
24201,1,3,-0.015354583602651696,95
24201,2,1,-0.03876352101118502,62
24201,2,2,-0.025335025492654692,57
24201,2,3,-0.017962930122260988,36
24201,3,1,-0.03158863694011109,80
24201,3,2,-0.013899286983529784,51
24201,3,3,-0.03429169881057019,24
24202,1,1,0.09060361693687496,47
24202,1,2,0.0600649757569051,48
24202,1,3,0.0820038262996722,61
24202,2,1,0.03782045406101593,59
24202,2,2,0.016691230076087204,51
24202,2,3,0.05175017248411402,45
24202,3,1,0.030461824425634592,50
24202,3,2,0.01113158307168128,56
24202,3,3,0.07511015537978119,49
24203,1,1,0.011821042313885722,40
24203,1,2,0.021135626390541215,48
24203,1,3,0.023211979896028367,68
24203,2,1,0.010628932201866531,63
24203,2,2,0.024066577356467875,49
24203,2,3,0.012257230186762974,44
24203,3,1,0.004198574218050175,53
24203,3,2,0.014784182634964393,59
24203,3,3,0.01727803477162208,43
24204,1,1,0.034170299733734456,33
24204,1,2,0.03822499201054418,50
24204,1,3,0.028026377275702407,73
24204,2,1,0.01770152968059956,63
24204,2,2,0.040812584864566875,53
24204,2,3,0.037422671001974064,40
24204,3,1,0.02011006297853753,60
24204,3,2,0.03890250646153699,53
24204,3,3,0.02470098688227234,43
24205,1,1,0.04628930661711304,47
24205,1,2,0.04324799683445136,47
24205,1,3,0.05432607431732936,62
24205,2,1,0.04493105997203309,56
24205,2,2,0.03873800092639277,57
24205,2,3,0.03089167611355595,43
24205,3,1,0.03277017576435864,53
24205,3,2,0.03376841386020043,52
24205,3,3,0.03201490859077645,51
24206,1,1,-0.001446631659792815,54
24206,1,2,-9.472081854348889e-4,53
24206,1,3,-4.34711029940332e-4,49
24206,2,1,0.0033071358664382073,68
24206,2,2,-0.0016206902204738203,43
24206,2,3,0.025792285145795586,45
24206,3,1,0.00193241289187344,34
24206,3,2,-1.4393143253825017e-4,60
24206,3,3,0.008326711951734723,62
24207,1,1,0.010001223286952177,52
24207,1,2,-8.001504998597866e-4,48
24207,1,3,0.012251344650675004,56
24207,2,1,0.013787793392599201,62
24207,2,2,0.01750381865896063,56
24207,2,3,0.016783076724071727,38
24207,3,1,0.016399748153628664,42
24207,3,2,0.01232656569294118,52
24207,3,3,0.0077467779612944935,62
24208,1,1,0.013969922163404456,55
24208,1,2,0.0200703026153494,55
24208,1,3,0.0173007141779876,46
24208,2,1,0.02569999452374283,69
24208,2,2,0.018745118152341235,52
24208,2,3,0.01776867091758957,35
24208,3,1,0.04000602034866707,32
24208,3,2,0.02156565891811556,49
24208,3,3,0.00902658304172651,75
24209,1,1,-0.00449070175426804,64
24209,1,2,0.010444992956937257,51
24209,1,3,0.04233345298985456,41
24209,2,1,0.0010810169480430438,68
24209,2,2,0.03177643138812115,48
24209,2,3,0.01511687140219341,40
24209,3,1,0.007693820123437605,24
24209,3,2,-0.0015131971566503624,57
24209,3,3,0.015092625490760112,75
24210,1,1,0.011266228330641092,57
24210,1,2,0.006542844270658145,49
24210,1,3,0.022079263935067917,50
24210,2,1,0.013870728991098773,69
24210,2,2,0.009050705121717498,48
24210,2,3,0.0218564055434665,39
24210,3,1,0.014988198444055103,30
24210,3,2,0.030114064063396857,59
24210,3,3,0.03780751917296734,67
24211,1,1,-0.0016968688486486878,48
24211,1,2,-0.01578978055199603,52
24211,1,3,-3.370257481263972e-4,56
24211,2,1,0.0027271868399773237,69
24211,2,2,-3.031139962123171e-4,54
24211,2,3,-0.009162269769809285,33
24211,3,1,0.025253744333646976,39
24211,3,2,0.002911372292125023,50
24211,3,3,0.01189496042114679,67
24212,1,1,0.00240571287555445,56
24212,1,2,0.01564889835813024,52
24212,1,3,0.046210002375272036,49
24212,2,1,0.013906493734664625,63
24212,2,2,0.036581789278532416,54
24212,2,3,0.03010734114870994,39
24212,3,1,0.02360941287876812,38
24212,3,2,0.036984665790223276,50
24212,3,3,0.038753639528780456,68
24213,1,1,-0.005448585523144683,52
24213,1,2,-0.004616112457092045,53
24213,1,3,0.01785946292924715,52
24213,2,1,0.038663632808315994,73
24213,2,2,0.02810853854102588,50
24213,2,3,0.03197513708193229,34
24213,3,1,0.037500047035758,32
24213,3,2,0.05001983477376627,54
24213,3,3,0.0411975209486533,70
24214,1,1,0.04957593754625146,39
24214,1,2,0.05407820782318907,56
24214,1,3,0.0509876440258807,62
24214,2,1,0.030528658124367503,71
24214,2,2,0.0401463817841294,50
24214,2,3,0.021701953151881923,36
24214,3,1,0.026959647130518332,47
24214,3,2,0.03372919535996431,51
24214,3,3,0.006438117887496097,59
24215,1,1,0.007665271936026446,59
24215,1,2,0.0014032128932009729,47
24215,1,3,0.03699924321936805,52
24215,2,1,-0.00502726353344663,62
24215,2,2,0.02130265314145834,50
24215,2,3,0.01971797927445371,45
24215,3,1,0.0048449850824498365,37
24215,3,2,0.008209364737980823,60
24215,3,3,-0.0020480146191098245,60
24216,1,1,0.026018272839414186,33
24216,1,2,0.028692821832496752,52
24216,1,3,0.05209732844608306,73
24216,2,1,0.015819326532889432,73
24216,2,2,0.04378363333750502,52
24216,2,3,0.07920286328180144,33
24216,3,1,0.06899205203890071,52
24216,3,2,0.0792451624841244,54
24216,3,3,0.06870343870336487,51
24217,1,1,-0.07365204730952707,41
24217,1,2,-0.05029800011416729,46
24217,1,3,-0.05703689832603626,71
24217,2,1,-0.02679395885567978,65
24217,2,2,-0.033435476480624976,56
24217,2,3,-0.03252997222357205,37
24217,3,1,-0.03264268743798121,52
24217,3,2,-0.02896439158430687,56
24217,3,3,-2.0359781583065e-4,49
24218,1,1,0.008695632898929809,49
24218,1,2,0.0091209655336433,47
24218,1,3,-0.009608805077387091,62
24218,2,1,9.150727023017458e-4,60
24218,2,2,-0.00702901852575873,51
24218,2,3,-0.009253254607190977,47
24218,3,1,-5.042787747592087e-4,49
24218,3,2,-0.013307967347037623,60
24218,3,3,-0.008647742652822843,48
24219,1,1,0.0020713509683433114,57
24219,1,2,-9.4369351442978e-4,56
24219,1,3,0.01929914500878091,45
24219,2,1,0.003543077026663522,60
24219,2,2,-0.0023575703016144108,50
24219,2,3,-0.004278215876659202,48
24219,3,1,-0.0045765063980305765,41
24219,3,2,-0.0029072887578176815,52
24219,3,3,-0.005447173717958269,65
24220,1,1,-0.001990819637264161,71
24220,1,2,0.014576497758696396,49
24220,1,3,0.012829142474578626,38
24220,2,1,0.00934722907471892,63
24220,2,2,0.027378688616767448,52
24220,2,3,0.035916286324837086,43
24220,3,1,0.04112844116126649,24
24220,3,2,0.0318970003271009,57
24220,3,3,0.07022268001018653,77
24221,1,1,0.026450331047187955,61
24221,1,2,0.03639051772909193,52
24221,1,3,0.028297151540518366,45
24221,2,1,0.008207865455580183,57
24221,2,2,0.005680613940487727,61
24221,2,3,-0.009895587407468862,40
24221,3,1,-2.52087299008043e-4,40
24221,3,2,-0.004688344844723554,45
24221,3,3,-0.0031196692683739943,73
24222,1,1,0.04226180811232664,55
24222,1,2,0.047162854256402306,54
24222,1,3,0.018414792483107366,50
24222,2,1,0.032802771537692586,55
24222,2,2,0.04718284852095405,55
24222,2,3,0.04123245732324364,49
24222,3,1,0.02952120131033445,49
24222,3,2,0.028298715732996967,50
24222,3,3,0.01874211722896829,59
24223,1,1,0.011078483513879961,47
24223,1,2,0.008698835358005133,58
24223,1,3,0.033748307387024404,54
24223,2,1,0.02563445321700177,68
24223,2,2,0.019811510207717764,53
24223,2,3,0.051058967185321595,38
24223,3,1,0.04775805695703808,44
24223,3,2,0.04414847709368674,48
24223,3,3,0.06896993488131725,66
24224,1,1,0.0017326815006189252,52
24224,1,2,-0.0055355268920562325,49
24224,1,3,0.013338150728604763,58
24224,2,1,0.0010808854772284913,58
24224,2,2,-0.012642929540032356,47
24224,2,3,-0.004863148445540669,54
24224,3,1,0.0064287251254519645,49
24224,3,2,0.01436169737930391,63
24224,3,3,-0.00887127438530945,46
24225,1,1,-0.027019839872219387,60
24225,1,2,-0.05776895416829394,51
24225,1,3,-0.06123331150617324,48
24225,2,1,-0.06951491121927647,62
24225,2,2,-0.07433139399102394,55
24225,2,3,-0.06647343095036029,42
24225,3,1,-0.07202258299590299,37
24225,3,2,-0.108728290692047,53
24225,3,3,-0.10399656870558371,68
24226,1,1,0.036233533184631475,41
24226,1,2,0.03838325487201786,59
24226,1,3,0.02491268351472565,59
24226,2,1,0.04617845723192849,62
24226,2,2,0.05287816513414827,51
24226,2,3,0.028753867385068344,46
24226,3,1,0.01996075863985574,56
24226,3,2,0.01955649480676394,49
24226,3,3,0.0014924953794846424,53
24227,1,1,-0.09024084337891225,54
24227,1,2,-0.10413808742211408,51
24227,1,3,-0.08409445368496438,54
24227,2,1,-0.08384845658599449,74
24227,2,2,-0.10158298406958832,52
24227,2,3,-0.08244511184165218,33
24227,3,1,-0.08420024545035289,31
24227,3,2,-0.09093966876136318,56
24227,3,3,-0.08381270442702916,71
24228,1,1,0.09617517568772521,39
24228,1,2,0.13165520978616468,50
24228,1,3,0.11702642011018557,70
24228,2,1,0.08197758642107096,87
24228,2,2,0.08535410687359336,52
24228,2,3,0.08192271802276914,20
24228,3,1,0.054555207132483824,33
24228,3,2,0.07617179396590745,57
24228,3,3,0.11824231486091737,68
24229,1,1,0.03438835659681504,50
24229,1,2,0.035356789970456916,56
24229,1,3,0.04348769261450529,53
24229,2,1,0.03270516786564683,65
24229,2,2,0.050644050365140345,47
24229,2,3,0.03828188509260594,47
24229,3,1,0.039750644462184584,44
24229,3,2,0.06225798881231579,56
24229,3,3,0.07116874072905395,58
24230,1,1,0.01027142282590033,25
24230,1,2,-1.4180084305713187e-4,53
24230,1,3,-0.0014389489666046238,81
24230,2,1,0.01655339563472084,55
24230,2,2,0.01692919125669552,63
24230,2,3,0.015002151225259875,41
24230,3,1,0.02904671231264871,79
24230,3,2,0.019893870644965624,43
24230,3,3,0.019251462905441732,37
24231,1,1,0.05477842939914467,22
24231,1,2,0.07032130854834115,58
24231,1,3,0.059386134348228314,79
24231,2,1,0.03212466357961199,59
24231,2,2,0.05562145201275686,55
24231,2,3,0.03435544257291442,45
24231,3,1,0.00943906175898399,78
24231,3,2,0.019590044864128082,46
24231,3,3,0.04074480358430527,35
24232,1,1,-0.05121263187771116,28
24232,1,2,-0.09692419080705686,56
24232,1,3,-0.11488829914252788,75
24232,2,1,-0.024040562132404433,70
24232,2,2,-0.04156051742416931,52
24232,2,3,-0.07132515066055745,37
24232,3,1,-0.014530800804717199,61
24232,3,2,-0.055808935742451875,51
24232,3,3,-0.05584190095032418,47
24233,1,1,0.09197400151162737,21
24233,1,2,0.07531789320925956,49
24233,1,3,0.1073235550441032,89
24233,2,1,0.06239218168914481,65
24233,2,2,0.08313889820890538,59
24233,2,3,0.07899279930443455,35
24233,3,1,0.05358745207303334,73
24233,3,2,0.07924546140000083,51
24233,3,3,0.06317343300834724,35
24234,1,1,0.027580974046836605,40
24234,1,2,0.007631467375237411,45
24234,1,3,0.012840982353637684,74
24234,2,1,0.017739352070146493,64
24234,2,2,0.011147006905740168,58
24234,2,3,-0.006245074279271715,37
24234,3,1,0.019328095235823302,55
24234,3,2,0.008779524502061636,56
24234,3,3,0.018336531174240875,48
24235,1,1,-0.03088394339698229,27
24235,1,2,-0.03850582374914277,39
24235,1,3,-0.07606651996285292,93
24235,2,1,0.006703637078457262,65
24235,2,2,0.004876245307187987,57
24235,2,3,-0.04459211673199101,37
24235,3,1,0.0178698553376985,67
24235,3,2,0.0030355497769014384,63
24235,3,3,0.013848240359711364,29
24236,1,1,0.05287888296097427,27
24236,1,2,0.057948268977594954,55
24236,1,3,0.04153591546109595,77
24236,2,1,0.034840704438464355,58
24236,2,2,0.03177488885881456,56
24236,2,3,0.02578888602226104,45
24236,3,1,5.166358469655271e-4,74
24236,3,2,-0.006080331520539252,48
24236,3,3,-0.02256564785840036,37
24237,1,1,0.04383140222958293,38
24237,1,2,0.025251312539510837,56
24237,1,3,0.015293566155287465,66
24237,2,1,0.002464610200251922,56
24237,2,2,0.018722389350380828,53
24237,2,3,0.013536081668895342,50
24237,3,1,-1.5373973535523047e-4,66
24237,3,2,0.007691999870896839,50
24237,3,3,0.010030632374405206,43
24238,1,1,0.04511981770435255,16
24238,1,2,0.06499303173737933,57
24238,1,3,0.05811878450781446,87
24238,2,1,0.02782956160288256,63
24238,2,2,0.029874866758196426,52
24238,2,3,0.03631125479859622,44
24238,3,1,0.007474878527004233,81
24238,3,2,0.02378397852986434,50
24238,3,3,0.07505540377311704,28
24239,1,1,0.021364598677959278,35
24239,1,2,0.03732746828607236,53
24239,1,3,0.05786991157555125,72
24239,2,1,0.02659043441176498,69
24239,2,2,0.013087622890427676,48
24239,2,3,0.025341594760508578,42
24239,3,1,0.013435573131776712,56
24239,3,2,0.019275363158866313,58
24239,3,3,0.030725701485930422,45
24240,1,1,-0.005423327468966553,28
24240,1,2,-0.035226052112840626,54
24240,1,3,-0.04605204342079969,78
24240,2,1,0.013407409025004502,76
24240,2,2,-0.012593197712569646,47
24240,2,3,-0.01177094392934201,36
24240,3,1,0.028271376720845946,56
24240,3,2,0.023984968498828994,58
24240,3,3,-0.001166683683643361,45
24241,1,1,-0.06513043464485105,37
24241,1,2,-0.08386383712638094,54
24241,1,3,-0.08997190454840648,69
24241,2,1,-0.08376752118382129,65
24241,2,2,-0.09359330244186612,54
24241,2,3,-0.08959110175508882,41
24241,3,1,-0.0795952758840827,58
24241,3,2,-0.07972194501062481,52
24241,3,3,-0.05178302396110909,49
24242,1,1,-0.17673008964801423,53
24242,1,2,-0.157105260406223,47
24242,1,3,-0.21790603844898523,60
24242,2,1,-0.14693790403882506,64
24242,2,2,-0.17112703737510399,54
24242,2,3,-0.19777196656289517,42
24242,3,1,-0.1327135969432285,43
24242,3,2,-0.15993253910911612,59
24242,3,3,-0.1450152579869687,57
24243,1,1,0.10841727865768527,35
24243,1,2,0.17757793678406725,54
24243,1,3,0.23754275886000512,71
24243,2,1,0.09866732441018518,68
24243,2,2,0.14742892130399998,50
24243,2,3,0.105894074380655,42
24243,3,1,0.08719429625918451,57
24243,3,2,0.12950975689119557,56
24243,3,3,0.16483109355847864,46
24244,1,1,0.062011208396783396,46
24244,1,2,0.046384449780104975,47
24244,1,3,0.048375495377666014,68
24244,2,1,0.049198033821851735,54
24244,2,2,0.06634334358226919,58
24244,2,3,0.043392407878151316,49
24244,3,1,0.07047252267107289,61
24244,3,2,0.07754283241117965,56
24244,3,3,0.10582588262304647,43
24245,1,1,0.012356153309758415,24
24245,1,2,0.008102607945844758,45
24245,1,3,0.03412348338083474,92
24245,2,1,0.006254078048742309,59
24245,2,2,0.012703547610394645,64
24245,2,3,0.020578276397850058,38
24245,3,1,-0.010735459536182124,78
24245,3,2,0.009718586032418052,52
24245,3,3,0.04763899263296343,30
24246,1,1,0.0526434922139956,9
24246,1,2,0.03722645751728403,52
24246,1,3,0.009451491625969411,101
24246,2,1,0.06822694345514205,71
24246,2,2,0.06872515176194155,57
24246,2,3,0.057192417406473996,33
24246,3,1,0.06005676305169355,82
24246,3,2,0.07827540836762589,52
24246,3,3,0.06995055195156606,27
24247,1,1,0.038804391813357944,12
24247,1,2,0.055880241134489014,51
24247,1,3,0.06848938243136955,99
24247,2,1,0.0201917740382579,71
24247,2,2,0.05393687795175951,61
24247,2,3,0.05532461483282273,30
24247,3,1,0.04063426915452628,79
24247,3,2,0.03141081645789064,50
24247,3,3,0.07650690708591329,32
24248,1,1,-0.02742923132810206,21
24248,1,2,-0.021296921636046982,58
24248,1,3,-0.060710707579464465,83
24248,2,1,-0.007136241400469621,76
24248,2,2,-0.0071092053501006685,54
24248,2,3,-0.003535559066825391,32
24248,3,1,-0.016451947058541104,65
24248,3,2,-0.030801197053848955,50
24248,3,3,-0.02294104538500488,46
24249,1,1,0.015471430086242868,18
24249,1,2,-0.0025709157187067963,60
24249,1,3,0.003390888016004592,84
24249,2,1,-0.022607251030797193,82
24249,2,2,-0.011199949431061137,49
24249,2,3,0.016898793297094747,31
24249,3,1,-0.017263199901807354,62
24249,3,2,-0.0020498664374070646,53
24249,3,3,-0.020971705101249936,46
24250,1,1,0.1430747315159108,39
24250,1,2,0.15833015010035367,48
24250,1,3,0.2694296849129946,75
24250,2,1,0.10021793453864447,82
24250,2,2,0.1374078820945,47
24250,2,3,0.12610939171073235,33
24250,3,1,0.10037784496336491,41
24250,3,2,0.08441213608721757,67
24250,3,3,0.1796283777461462,54
24251,1,1,0.03342212275172494,28
24251,1,2,0.04487778965629489,53
24251,1,3,0.06686187810513713,81
24251,2,1,0.031910126067230794,82
24251,2,2,0.04301432937147419,49
24251,2,3,0.030502709329946715,31
24251,3,1,0.02687771051074177,52
24251,3,2,0.02946817710404745,60
24251,3,3,0.04119886107232731,50
24252,1,1,0.02681295512245354,19
24252,1,2,0.017852464878952628,38
24252,1,3,-0.022121164837737888,105
24252,2,1,-0.02082443451816649,74
24252,2,2,-0.01875129090912693,58
24252,2,3,-0.01820910985223608,30
24252,3,1,-0.01126890846297881,69
24252,3,2,-0.0014234892925269694,66
24252,3,3,0.06014579731334426,27
24253,1,1,0.04053044842845928,39
24253,1,2,0.08077350992505651,46
24253,1,3,0.15932042436087374,77
24253,2,1,0.007328909386830769,73
24253,2,2,0.06615347385077902,60
24253,2,3,0.06912675903740755,29
24253,3,1,0.019700243750873613,50
24253,3,2,0.026480252137818048,56
24253,3,3,0.032619872058083234,56
24254,1,1,0.08359538397764023,57
24254,1,2,0.064221901630279,46
24254,1,3,0.06336107237423035,59
24254,2,1,0.06410996123863393,69
24254,2,2,0.07972798123751546,47
24254,2,3,0.05556029729988138,46
24254,3,1,0.052944106959796164,36
24254,3,2,0.04278946388431244,69
24254,3,3,0.01275087899070418,57
24255,1,1,0.04716957228081893,52
24255,1,2,0.05050790854834344,58
24255,1,3,0.04459758457555718,52
24255,2,1,0.05533138809154665,68
24255,2,2,0.05344838996373335,52
24255,2,3,0.049213220915994865,42
24255,3,1,0.05799343742114518,42
24255,3,2,0.04486269024597622,52
24255,3,3,0.04358180785666336,68
24256,1,1,0.009633588077069885,89
24256,1,2,0.023036562978298106,54
24256,1,3,-0.0037651587733669345,20
24256,2,1,0.016086233195167898,54
24256,2,2,0.010058464467192892,62
24256,2,3,0.01802822933386484,47
24256,3,1,0.03977197803748305,20
24256,3,2,0.045155266539094234,47
24256,3,3,0.01775219428348589,95
24257,1,1,0.0065532222723587545,74
24257,1,2,0.009988864129344839,54
24257,1,3,0.0016303931153966715,35
24257,2,1,0.0027754939289152086,63
24257,2,2,0.004494912855986168,60
24257,2,3,0.01781440587749296,40
24257,3,1,-0.007973071155783265,26
24257,3,2,-0.013195046462567991,49
24257,3,3,0.021836432181380275,87
24258,1,1,0.024747446686722147,74
24258,1,2,0.025970677191435674,54
24258,1,3,-0.007640105065718343,35
24258,2,1,0.04283096639289936,66
24258,2,2,0.03481829180608799,56
24258,2,3,-0.004017413811497326,41
24258,3,1,0.0328748078692513,23
24258,3,2,0.010550862622151592,53
24258,3,3,-0.009655229539032825,86
24259,1,1,0.006456666408247349,83
24259,1,2,0.022140272243079656,44
24259,1,3,0.028044188868908,36
24259,2,1,0.02370809186817105,55
24259,2,2,0.036601000359678074,66
24259,2,3,0.02283394079391207,42
24259,3,1,0.0267431454402549,25
24259,3,2,0.03520256279999754,53
24259,3,3,0.03534927826129584,84
24260,1,1,-0.04547721041803415,98
24260,1,2,-0.040003688366600065,47
24260,1,3,-0.02835226084770817,18
24260,2,1,-0.04868183790692416,47
24260,2,2,-0.045379267982573246,67
24260,2,3,-0.0515267920300996,49
24260,3,1,-0.04791102891816031,18
24260,3,2,-0.05186562748828671,49
24260,3,3,-0.006411339927643143,95
24261,1,1,0.03382802395429355,74
24261,1,2,0.0551184266396173,48
24261,1,3,0.0585353390294706,41
24261,2,1,0.058184066352553916,63
24261,2,2,0.07295138510036639,54
24261,2,3,0.04655003138572252,46
24261,3,1,0.08014897666149114,26
24261,3,2,0.05837034345742601,61
24261,3,3,0.07432264582716862,75
24262,1,1,-0.0017984267558050324,79
24262,1,2,-0.03582029828433504,51
24262,1,3,-0.03935236041313334,33
24262,2,1,-0.019209204594125683,51
24262,2,2,-0.010111605767268512,64
24262,2,3,-0.03255664225758301,48
24262,3,1,-0.015181526837894999,33
24262,3,2,-0.0014443568897285644,48
24262,3,3,-0.03296528860072365,81
24263,1,1,0.08173608144311055,71
24263,1,2,0.08150407817551977,55
24263,1,3,0.06589323784020239,37
24263,2,1,0.07776321672296194,56
24263,2,2,0.07748093845549373,55
24263,2,3,0.05088805250585131,52
24263,3,1,0.05332044829670564,36
24263,3,2,0.05476547906434814,53
24263,3,3,0.029118503208183707,74
24264,1,1,-0.012747196162876373,70
24264,1,2,-0.03235234073474144,39
24264,1,3,-0.021743593051625227,54
24264,2,1,-0.03759428514524258,50
24264,2,2,-0.07735168969712489,66
24264,2,3,-0.06649490825104805,47
24264,3,1,-0.06355177581881458,43
24264,3,2,-0.012882858644483334,58
24264,3,3,-0.08045529516569037,62
24265,1,1,-0.02348634259023392,75
24265,1,2,0.008728205529300639,36
24265,1,3,-0.024710529391633106,53
24265,2,1,-0.008255928512616174,54
24265,2,2,-0.021228466195080935,71
24265,2,3,0.019625458499644213,39
24265,3,1,-0.031690264282874914,35
24265,3,2,-0.025308795362889693,57
24265,3,3,0.0022165045328393918,71
24266,1,1,0.03503047956493018,51
24266,1,2,0.014908073639287683,45
24266,1,3,0.020255298209089462,68
24266,2,1,0.041585482096912464,68
24266,2,2,0.015704732178770577,56
24266,2,3,0.04578249217706515,40
24266,3,1,0.0379627001182549,45
24266,3,2,0.03711331413512512,63
24266,3,3,0.048300727844048874,55
24267,1,1,-0.05612284563613651,46
24267,1,2,-0.06473415313496383,47
24267,1,3,-0.1119290575182953,71
24267,2,1,-0.03996953113601316,67
24267,2,2,-0.035703279186572255,52
24267,2,3,-0.06605427814013222,45
24267,3,1,-0.04565029769924712,51
24267,3,2,-0.06409641758419227,65
24267,3,3,-0.09446092411135781,48
24268,1,1,0.03230529059614166,44
24268,1,2,0.01609799488119011,52
24268,1,3,-0.01786664944442768,68
24268,2,1,-0.0030157684876477666,69
24268,2,2,0.01628912023322667,59
24268,2,3,-0.023456935680569772,36
24268,3,1,0.0029320580750212696,51
24268,3,2,-0.0011639187352639447,53
24268,3,3,0.058041469425344765,60
24269,1,1,-0.06820191886770935,37
24269,1,2,-0.07957863113543955,47
24269,1,3,-0.13473146474286804,81
24269,2,1,-0.06689710399217283,65
24269,2,2,-0.09042021283454117,63
24269,2,3,-0.11630900881332998,37
24269,3,1,-0.06089677789470552,63
24269,3,2,-0.08659809609433027,55
24269,3,3,-0.12349141744895568,46
24270,1,1,0.06989911312064337,25
24270,1,2,0.10159881280328634,59
24270,1,3,0.13713505828943265,81
24270,2,1,0.06553125340807625,59
24270,2,2,0.09956960137608481,74
24270,2,3,0.12443107288595902,32
24270,3,1,0.046902776510825535,81
24270,3,2,0.07642076984140854,32
24270,3,3,0.12411717348955201,51
24271,1,1,-0.048740296532963696,31
24271,1,2,-0.04715902492428629,49
24271,1,3,-0.03283093528139462,85
24271,2,1,-0.03254394726386186,69
24271,2,2,-0.04339600531682739,59
24271,2,3,-0.03972270735979118,37
24271,3,1,-0.01967031772567735,65
24271,3,2,-0.005363227036242792,57
24271,3,3,0.02144596088780913,42
24272,1,1,-0.08319804568936501,17
24272,1,2,-0.11265981712620096,68
24272,1,3,-0.10183647608240329,80
24272,2,1,-0.09349884836036301,57
24272,2,2,-0.08659915645899358,57
24272,2,3,-0.09378160384570401,51
24272,3,1,-0.06585396562670046,91
24272,3,2,-0.08875999291294046,40
24272,3,3,-0.08693330412856082,34
24273,1,1,0.07436238658902726,19
24273,1,2,0.10782680649982473,59
24273,1,3,0.08322571987877954,87
24273,2,1,0.0823133383914148,68
24273,2,2,0.1131276969275235,62
24273,2,3,0.09149099776114517,35
24273,3,1,0.08292197819649247,78
24273,3,2,0.11767052335868751,44
24273,3,3,0.1647938422835691,43
24274,1,1,0.0778775839615779,25
24274,1,2,0.09003452477513271,50
24274,1,3,0.05554011955726413,90
24274,2,1,0.07754538728028838,78
24274,2,2,0.08460182010695977,55
24274,2,3,0.08383064798197247,32
24274,3,1,0.04339532776973131,62
24274,3,2,0.0591728134520002,60
24274,3,3,0.050593875805368525,43
24275,1,1,-0.05736207104018933,25
24275,1,2,-0.055637580360935635,55
24275,1,3,-0.08731174472380071,85
24275,2,1,-0.038777908734439634,68
24275,2,2,-0.0423920958434304,62
24275,2,3,-0.03401831356184621,35
24275,3,1,-0.030860300270412446,72
24275,3,2,-0.04484304084476537,48
24275,3,3,-0.06111956713559401,45
24276,1,1,0.06527741564955426,8
24276,1,2,0.10204264715110854,45
24276,1,3,0.1638885136784111,112
24276,2,1,0.03946936840225894,48
24276,2,2,0.05898097220182481,72
24276,2,3,0.11527136178600851,45
24276,3,1,0.008737096314871594,109
24276,3,2,0.05430156823202142,48
24276,3,3,0.036995396794048147,8
24277,1,1,-0.04702556420556993,20
24277,1,2,-0.04152890044304824,54
24277,1,3,-0.020560934629286636,91
24277,2,1,-0.016641908640059794,58
24277,2,2,-0.022914707192836795,68
24277,2,3,-0.026701894068116343,39
24277,3,1,-0.01867992947402533,87
24277,3,2,-0.027846563990033206,43
24277,3,3,-0.033417944443091804,35
24278,1,1,-7.4212692502006e-4,18
24278,1,2,-0.001416206570097893,52
24278,1,3,0.002212628780078714,96
24278,2,1,0.011386220649098907,65
24278,2,2,0.014976825761002595,54
24278,2,3,-0.006419226282568268,46
24278,3,1,0.00574258264679542,83
24278,3,2,0.003897447880088739,59
24278,3,3,0.008366075936735202,23
24279,1,1,0.01676011309866396,23
24279,1,2,0.00869213754530717,57
24279,1,3,-0.021323958711025503,86
24279,2,1,0.011555608569956723,83
24279,2,2,0.009811108211779307,53
24279,2,3,-0.0033115710315764113,29
24279,3,1,0.00836058709159467,60
24279,3,2,0.020080588527310032,55
24279,3,3,5.181467130319084e-6,50
24280,1,1,-0.02967045600300418,43
24280,1,2,-0.03312333557194079,48
24280,1,3,0.049554329744975555,75
24280,2,1,-0.04690564181268527,71
24280,2,2,-0.047471925279273984,50
24280,2,3,-0.023801623350822334,44
24280,3,1,-0.037752008761767736,52
24280,3,2,-0.0263276812179417,67
24280,3,3,-0.005030654061969106,46
24281,1,1,0.07005581320119039,35
24281,1,2,0.0828920983153511,63
24281,1,3,0.1051114374601252,68
24281,2,1,0.06918282293145882,64
24281,2,2,0.07166971639034081,58
24281,2,3,0.08268463254787922,43
24281,3,1,0.06383308785700463,67
24281,3,2,0.10030877086670258,44
24281,3,3,0.10322531998652446,54
24282,1,1,0.041059444696481165,36
24282,1,2,0.054930011204484555,48
24282,1,3,0.08342651921031742,82
24282,2,1,0.025106532810117686,66
24282,2,2,0.047807818125703276,62
24282,2,3,0.0500136493847907,37
24282,3,1,-0.0035172303190748465,64
24282,3,2,0.03159491128369017,55
24282,3,3,0.031650739893082286,46
24283,1,1,-0.03720180863693763,51
24283,1,2,-0.03022510874337043,56
24283,1,3,-0.03573671387990045,59
24283,2,1,-0.009205245310516582,67
24283,2,2,-0.027262747162398522,61
24283,2,3,-0.030103849112897284,37
24283,3,1,0.007901905938584263,48
24283,3,2,-0.023336463764357444,48
24283,3,3,-0.028711784361797027,69
24284,1,1,-0.06533599446908372,52
24284,1,2,-0.04143690118867685,49
24284,1,3,-0.056297600271906244,65
24284,2,1,-0.04562774954758759,63
24284,2,2,-0.03176386242697501,53
24284,2,3,-0.02562057590009796,49
24284,3,1,-0.048002754590254694,51
24284,3,2,-0.041471397707449086,63
24284,3,3,-0.0576413355157364,51
24285,1,1,-0.010639827768729897,64
24285,1,2,-0.05707395074965827,46
24285,1,3,-0.06204759594589632,56
24285,2,1,-0.007104971993760889,63
24285,2,2,-0.03749949863794501,63
24285,2,3,-0.05210021067874102,39
24285,3,1,-0.01732259910132731,39
24285,3,2,-0.04117669862701674,56
24285,3,3,-0.05029922370438284,70
24286,1,1,0.08018984795246108,52
24286,1,2,0.09118954143335535,57
24286,1,3,0.10575536779248342,57
24286,2,1,0.07774903757655444,62
24286,2,2,0.0944959289602734,54
24286,2,3,0.09492648405433411,49
24286,3,1,0.11140004249272946,52
24286,3,2,0.11220370367935624,54
24286,3,3,0.121050697039542,59
24287,1,1,0.06727093626585695,45
24287,1,2,0.0952201781480744,59
24287,1,3,0.07411073627516325,62
24287,2,1,0.06439437963139283,69
24287,2,2,0.05742587105115305,53
24287,2,3,0.05994789557871546,43
24287,3,1,0.06845006866702533,52
24287,3,2,0.059187202454497136,53
24287,3,3,0.07354724315841879,60
24288,1,1,-0.016313973724960372,37
24288,1,2,-0.018721826617558397,53
24288,1,3,-0.045804753667248586,76
24288,2,1,0.01618441462823452,72
24288,2,2,-0.004036148940702182,63
24288,2,3,-0.040265532444155296,30
24288,3,1,0.03081718840324773,57
24288,3,2,0.024942608900831522,49
24288,3,3,0.028048042598267837,59
24289,1,1,0.021941126311131466,32
24289,1,2,0.013334283622867744,59
24289,1,3,0.02399161273670642,75
24289,2,1,0.036673990597757236,67
24289,2,2,0.04672845092601792,58
24289,2,3,0.058498045165654954,41
24289,3,1,0.07186204696110149,67
24289,3,2,0.10095301046253345,49
24289,3,3,0.12909281075946497,49
24290,1,1,0.05150207106946122,49
24290,1,2,0.04399627362441758,59
24290,1,3,0.06595600122001387,58
24290,2,1,0.03481172112062809,68
24290,2,2,0.045962230878282724,55
24290,2,3,0.05092566299505658,43
24290,3,1,0.03193670901068786,49
24290,3,2,0.052058215144747615,52
24290,3,3,0.04984430915111796,64
24291,1,1,-0.023279498393737906,48
24291,1,2,-0.03884515657762122,61
24291,1,3,-0.03211672171055578,57
24291,2,1,-0.04303869233239347,70
24291,2,2,-0.056083921037670924,53
24291,2,3,-0.05742499728868222,43
24291,3,1,-0.047224097792130375,48
24291,3,2,-0.06548611869071388,52
24291,3,3,-0.045039485572860215,65
24292,1,1,-0.0023329808440244247,41
24292,1,2,0.04308860868700677,54
24292,1,3,0.056069574895770975,71
24292,2,1,0.02161224243459221,73
24292,2,2,0.0248652960994948,55
24292,2,3,0.01236452470641175,38
24292,3,1,0.021222360870492202,52
24292,3,2,0.030108339775427755,57
24292,3,3,0.06935912833771454,56
24293,1,1,-0.004611557804784528,45
24293,1,2,-0.01695731956607769,70
24293,1,3,-0.02232910715928486,51
24293,2,1,0.008594657265333615,79
24293,2,2,0.0042466790380515885,48
24293,2,3,-0.01892288800701395,39
24293,3,1,0.0037309900824550155,42
24293,3,2,0.008084932888518654,48
24293,3,3,0.03539212793922809,75
24294,1,1,0.04414092822170509,39
24294,1,2,0.05146232689841447,69
24294,1,3,0.03771835693201435,58
24294,2,1,0.06438886542992188,72
24294,2,2,0.05077477394414907,50
24294,2,3,0.03434357838906852,44
24294,3,1,0.04419348681596589,55
24294,3,2,0.03318436399806495,47
24294,3,3,0.008250799264884593,64
24295,1,1,0.019477700803993248,52
24295,1,2,0.021334926044578394,54
24295,1,3,0.024555730643176697,60
24295,2,1,0.04096883599541633,74
24295,2,2,0.018294549912272383,58
24295,2,3,0.019339971728771145,34
24295,3,1,0.05659574222801722,40
24295,3,2,0.04144857208076065,54
24295,3,3,0.011407349270699623,72
24296,1,1,0.040400463231375916,43
24296,1,2,0.02306268935981589,67
24296,1,3,0.03264957172642775,56
24296,2,1,0.014448019919896183,69
24296,2,2,0.015593157036732301,53
24296,2,3,0.03363243258257557,44
24296,3,1,0.008897981953697518,54
24296,3,2,0.02590217346470117,46
24296,3,3,0.053725667611791254,66
24297,1,1,-0.037187024337710685,53
24297,1,2,-0.03276496827498556,52
24297,1,3,-0.013892987465636974,61
24297,2,1,-0.02065064297334726,71
24297,2,2,-0.010746061859003135,51
24297,2,3,-0.02210695233375287,44
24297,3,1,0.004107035483832091,42
24297,3,2,0.011417214407404752,63
24297,3,3,0.01294218103686851,61
24298,1,1,0.053053583697202915,40
24298,1,2,0.054736437579025174,57
24298,1,3,0.06682416969978415,69
24298,2,1,0.05928323165430896,77
24298,2,2,0.06619756203261494,54
24298,2,3,0.07165002096003864,35
24298,3,1,0.05244658617343306,49
24298,3,2,0.0829417393706693,55
24298,3,3,0.15005148957113632,62
24299,1,1,-0.041319510844221724,58
24299,1,2,-0.06524786918978198,56
24299,1,3,-0.07504750053292736,53
24299,2,1,-0.062337535946444964,72
24299,2,2,-0.043819276306030934,51
24299,2,3,-0.07287582921570725,43
24299,3,1,-0.0738374955767048,37
24299,3,2,-0.07654875269015612,59
24299,3,3,-0.05457736184643954,70
24300,1,1,-0.002886754294845725,63
24300,1,2,0.029098922860426518,53
24300,1,3,0.04120320487614576,51
24300,2,1,0.017310991373149977,69
24300,2,2,0.039704983350221525,59
24300,2,3,0.045749305234678427,38
24300,3,1,0.043351609423540806,35
24300,3,2,0.05013866439991847,54
24300,3,3,0.0782295758505488,77
24301,1,1,0.004586598542390508,44
24301,1,2,0.009325835502375882,49
24301,1,3,-0.030258695090114404,74
24301,2,1,0.03052269572550561,75
24301,2,2,0.015876016511640022,54
24301,2,3,-0.025899930259135437,37
24301,3,1,0.008913864830789391,48
24301,3,2,-0.012432557869281748,63
24301,3,3,-0.0705982538598505,55
24302,1,1,-0.01722553862063579,55
24302,1,2,-0.027761905707053575,51
24302,1,3,-0.02978299910844446,61
24302,2,1,-0.019942946640641813,73
24302,2,2,-0.01410140148394027,59
24302,2,3,-0.0305839430758753,34
24302,3,1,-0.039665142701059794,39
24302,3,2,-0.05086976000878955,56
24302,3,3,-0.105123950340599,71
24303,1,1,-0.03625051386721164,44
24303,1,2,-0.04203241937554189,47
24303,1,3,-0.03779877396033132,76
24303,2,1,-0.02260228071660489,74
24303,2,2,-0.013349244268647815,61
24303,2,3,-0.022598693064063716,31
24303,3,1,-0.009590423186282827,49
24303,3,2,-0.015878347355913217,58
24303,3,3,0.028007229415333474,59
24304,1,1,0.014068774438795473,33
24304,1,2,0.036125111756012254,58
24304,1,3,0.04749170966698387,76
24304,2,1,0.027252507478704013,70
24304,2,2,0.05154642883849782,60
24304,2,3,0.06546901173365348,37
24304,3,1,0.018830398772205582,64
24304,3,2,0.06353352562095377,49
24304,3,3,0.128744662441497,54
24305,1,1,0.015086083207806904,32
24305,1,2,0.022582697369874262,60
24305,1,3,0.09221351576885334,75
24305,2,1,-0.0036241946353470335,60
24305,2,2,0.023505768273180884,64
24305,2,3,0.0714235288955077,43
24305,3,1,9.317508596493301e-4,75
24305,3,2,0.03249123421155308,43
24305,3,3,0.10056173995738797,49
24306,1,1,0.012727185593046463,27
24306,1,2,0.017357011945415904,51
24306,1,3,0.024391606352210625,89
24306,2,1,-0.00916680929810435,56
24306,2,2,0.004109355422944267,65
24306,2,3,0.05543874188998767,46
24306,3,1,0.004249501112428181,84
24306,3,2,-0.00922158977220525,51
24306,3,3,0.05755575985626191,32
24307,1,1,0.013204582813276567,32
24307,1,2,0.06442756323675314,51
24307,1,3,0.03915111070177332,84
24307,2,1,0.023334670388654624,74
24307,2,2,0.0336329235488719,58
24307,2,3,0.04059865428978498,35
24307,3,1,0.013344845575647073,61
24307,3,2,0.031492173520957116,58
24307,3,3,-8.227274157477233e-4,48
24308,1,1,-0.015237843305052828,28
24308,1,2,-0.004690708483306647,63
24308,1,3,-0.008742808506086245,76
24308,2,1,0.005275581789338258,74
24308,2,2,0.0038206910896075494,54
24308,2,3,-0.004189250184990875,39
24308,3,1,0.0194549203133998,65
24308,3,2,0.026734833660845683,50
24308,3,3,0.11253328178276317,52
24309,1,1,-0.05648173222680099,41
24309,1,2,0.004984586201892189,52
24309,1,3,0.0136638506290153,74
24309,2,1,-0.03432077250776398,72
24309,2,2,-0.012432382737554377,57
24309,2,3,-0.014929285059594892,38
24309,3,1,-0.023788659226293158,54
24309,3,2,0.011407414509780505,58
24309,3,3,0.023488753961807593,55
24310,1,1,0.026541078790292362,47
24310,1,2,0.02806927829370927,62
24310,1,3,0.028035018776269842,58
24310,2,1,0.023709259878609584,72
24310,2,2,0.017351636516524986,56
24310,2,3,0.02297918559199469,39
24310,3,1,0.025508358003993443,48
24310,3,2,0.031087573383832744,49
24310,3,3,0.00369266578527695,70
24311,1,1,-0.00041731400507860617,50
24311,1,2,0.01636698000620192,55
24311,1,3,0.01799056581165576,62
24311,2,1,-0.005452072994134499,64
24311,2,2,0.006066612163647098,65
24311,2,3,-0.00442751669139376,38
24311,3,1,-0.0027480307622583682,53
24311,3,2,0.014125550895083716,47
24311,3,3,0.015576992084360189,67
24312,1,1,0.014240089069804528,41
24312,1,2,0.0011829835818805542,58
24312,1,3,0.04701712610359016,68
24312,2,1,0.04909454998373767,71
24312,2,2,0.023602154662557426,61
24312,2,3,0.027393103118352236,35
24312,3,1,0.0318262303216916,55
24312,3,2,0.03917113678335626,48
24312,3,3,0.04318599772763848,64
24313,1,1,0.02660434593697308,46
24313,1,2,0.02371234353632073,55
24313,1,3,0.02576274540657615,66
24313,2,1,0.029199544150823646,63
24313,2,2,0.034318605387099334,61
24313,2,3,0.024822646648348656,43
24313,3,1,0.049091148993940556,58
24313,3,2,0.027863874210590958,51
24313,3,3,0.05801765323557113,58
24314,1,1,-0.06352875864714431,53
24314,1,2,-0.08715075313895569,59
24314,1,3,-0.05252609070946875,55
24314,2,1,-0.04235483195588502,62
24314,2,2,-0.05970112081234156,61
24314,2,3,-0.054724143366204035,44
24314,3,1,-0.049371380424822024,52
24314,3,2,-0.056100794770516896,47
24314,3,3,-0.053619427047618455,68
24315,1,1,0.02102342112587451,39
24315,1,2,0.0150225609915061,72
24315,1,3,0.0028260410284289433,57
24315,2,1,0.028503112743490617,81
24315,2,2,0.007412562884706746,48
24315,2,3,0.03224011177269611,38
24315,3,1,0.038395696860697805,48
24315,3,2,0.0490485212471706,47
24315,3,3,0.10777847816728524,72
