asset,date,n_bars,log_ret,R_last,R_tercile_lag1_last,frac_bars_top_tercile_R,trailing_realised_vol_last,vol_tercile_lag1_last,exposure_benchmark_mean,ret_net_benchmark,exposure_overlay_w0.00_mean,ret_net_overlay_w0.00,exposure_volsizing_w0.00_mean,ret_net_volsizing_w0.00
BTC,2013-12-17,7,0.0015681805195320725,3.947737231953638e-4,1,0,0.027351259532432372,1,1,-0.0010318194804679222,1,-0.0010318194804679222,1,-0.0010318194804679222
BTC,2013-12-18,23,-0.28483712031954983,4.0142181706735844e-4,1,0,0.029303815675499008,1,1,-0.28483712031954983,1,-0.28483712031954983,1,-0.28483712031954983
BTC,2013-12-19,24,0.28171614402461215,4.1701865280494135e-4,1,0,0.02983925492728683,1,1,0.28171614402461215,1,0.28171614402461215,1,0.28171614402461215
BTC,2013-12-20,24,-0.05035452944356138,4.307683081971536e-4,1,0,0.030146913694561895,1,1,-0.05035452944356138,1,-0.05035452944356138,1,-0.05035452944356138
BTC,2013-12-21,20,-0.06839762977902103,4.3753496178023125e-4,1,0,0.03000462254302946,1,1,-0.06839762977902103,1,-0.06839762977902103,1,-0.06839762977902103
BTC,2013-12-22,22,0.031025505079296096,3.958591970091652e-4,1,0,0.02852113296872045,1,1,0.031025505079296096,1,0.031025505079296096,1,0.031025505079296096
BTC,2013-12-23,19,0.021895386941573787,3.5436261593505393e-4,1,0,0.026919260761013194,1,1,0.021895386941573787,1,0.021895386941573787,1,0.021895386941573787
BTC,2013-12-24,18,0.006945110183645818,3.5722149292269215e-4,1,0,0.026640074482502902,1,1,0.006945110183645818,1,0.006945110183645818,1,0.006945110183645818
BTC,2013-12-25,15,0.02426680533015754,3.6188879702422444e-4,1,0,0.026481243814698546,1,1,0.02426680533015754,1,0.02426680533015754,1,0.02426680533015754
BTC,2013-12-26,22,0.10698990346057977,3.4451144475474603e-4,1,0,0.026273310031500758,1,1,0.10698990346057977,1,0.10698990346057977,1,0.10698990346057977
BTC,2013-12-27,20,-0.02758737334700962,3.384896897767534e-4,1,0,0.025968053454616016,1,1,-0.02758737334700962,1,-0.02758737334700962,1,-0.02758737334700962
BTC,2013-12-28,15,-0.017734248435487605,3.349341678710035e-4,1,0,0.02580894722525304,1,1,-0.017734248435487605,1,-0.017734248435487605,1,-0.017734248435487605
BTC,2013-12-29,15,0.01934587024009491,3.2340069253711994e-4,1,0,0.02533445880945826,1,1,0.01934587024009491,1,0.01934587024009491,1,0.01934587024009491
BTC,2013-12-30,17,0.021531755556077628,3.2039875135782335e-4,1,0,0.025206316206152376,1,1,0.021531755556077628,1,0.021531755556077628,1,0.021531755556077628
BTC,2013-12-31,11,-0.0124521876616015,3.193166994836979e-4,1,0,0.025190140697133222,1,1,-0.0124521876616015,1,-0.0124521876616015,1,-0.0124521876616015
BTC,2014-01-01,16,0.019092309464920028,3.2210717752587104e-4,1,0,0.02502426445945749,1,1,0.019092309464920028,1,0.019092309464920028,1,0.019092309464920028
BTC,2014-01-02,21,0.04450496333743176,3.2205278362389215e-4,1,0,0.024875388156259046,1,1,0.04450496333743176,1,0.04450496333743176,1,0.04450496333743176
BTC,2014-01-03,23,0.02531860145937751,3.0433958986448114e-4,1,0,0.024604340407790578,1,1,0.02531860145937751,1,0.02531860145937751,1,0.02531860145937751
BTC,2014-01-04,19,0.023385079786594033,2.992253744838388e-4,1,0,0.024413322788593643,1,1,0.023385079786594033,1,0.023385079786594033,1,0.023385079786594033
BTC,2014-01-05,19,0.08907091253991092,2.8642863504227227e-4,1,0,0.024180207518078804,1,1,0.08907091253991092,1,0.08907091253991092,1,0.08907091253991092
BTC,2014-01-06,24,0.015749062964021607,2.7973724825951956e-4,1,0,0.02408600811626846,1,1,0.015749062964021607,1,0.015749062964021607,1,0.015749062964021607
BTC,2014-01-07,23,-0.12637347774138927,2.729135237067473e-4,1,0,0.023938557494294632,1,1,-0.12637347774138927,1,-0.12637347774138927,1,-0.12637347774138927
BTC,2014-01-08,20,0.01832837481626568,2.768661560809792e-4,1,0,0.023940374066286105,1,1,0.01832837481626568,1,0.01832837481626568,1,0.01832837481626568
BTC,2014-01-09,15,0.020262201570933756,0.00027359077111884043,1,0,0.023780968875659697,1,1,0.020262201570933756,1,0.020262201570933756,1,0.020262201570933756
BTC,2014-01-10,15,0.01819873779378129,2.7003216875954927e-4,1,0,0.02318047887832748,1,1,0.01819873779378129,1,0.01819873779378129,1,0.01819873779378129
BTC,2014-01-11,16,0.048394574768155695,2.6151079010432236e-4,1,0,0.022845410894349306,1,1,0.048394574768155695,1,0.048394574768155695,1,0.048394574768155695
BTC,2014-01-12,18,-0.04528574736806764,2.5067434202722126e-4,1,0,0.021688133736049175,1,1,-0.04528574736806764,1,-0.04528574736806764,1,-0.04528574736806764
BTC,2014-01-13,16,-0.029500664396697775,2.2807924738014744e-4,1,0,0.020426720227443334,1,1,-0.029500664396697775,1,-0.029500664396697775,1,-0.029500664396697775
BTC,2014-01-14,15,-0.004801929995407498,2.229784201747429e-4,1,0,0.02015541233706872,1,1,-0.004801929995407498,1,-0.004801929995407498,1,-0.004801929995407498
BTC,2014-01-15,9,0.022610836972685885,2.225618383649426e-4,1,0,0.020097562627645567,1,1,0.022610836972685885,1,0.022610836972685885,1,0.022610836972685885
BTC,2014-01-16,12,-0.027471282048183773,2.2111266183183495e-4,1,0,0.01993902043276163,1,1,-0.027471282048183773,1,-0.027471282048183773,1,-0.027471282048183773
BTC,2014-01-17,17,-0.028170080600984103,2.2212117472982586e-4,1,0,0.019910149867624346,1,1,-0.028170080600984103,1,-0.028170080600984103,1,-0.028170080600984103
BTC,2014-01-18,15,0.019107331493005413,2.2564092815327395e-4,1,0,0.020058614883834938,1,1,0.019107331493005413,1,0.019107331493005413,1,0.019107331493005413
BTC,2014-01-19,12,0.01872512417888339,2.2627134204821533e-4,1,0,0.02003370334231871,1,1,0.01872512417888339,1,0.01872512417888339,1,0.01872512417888339
BTC,2014-01-20,13,0.010443349751145654,2.2834908737707767e-4,1,0,0.01987959602848114,1,1,0.010443349751145654,1,0.010443349751145654,1,0.010443349751145654
BTC,2014-01-21,13,-0.01764285681328434,2.2978639012337048e-4,1,0,0.019930496152807568,1,1,-0.01764285681328434,1,-0.01764285681328434,1,-0.01764285681328434
BTC,2014-01-22,7,0.002265185631891861,2.2904595381076302e-4,1,0,0.01987306133804178,1,1,0.002265185631891861,1,0.002265185631891861,1,0.002265185631891861
BTC,2014-01-23,10,-1.2276000893084518e-6,2.2933318687163359e-4,1,0,0.019821494284885468,1,1,-1.2276000893084518e-6,1,-1.2276000893084518e-6,1,-1.2276000893084518e-6
BTC,2014-01-24,18,-0.034117365028348154,2.2900073087598163e-4,1,0,0.019895991252376788,1,1,-0.034117365028348154,1,-0.034117365028348154,1,-0.034117365028348154
BTC,2014-01-25,14,0.011146159608051646,2.2971385033217925e-4,1,0,0.019882368086688043,1,1,0.011146159608051646,1,0.011146159608051646,1,0.011146159608051646
BTC,2014-01-26,13,0.01794277548037697,2.3214962455029184e-4,1,0,0.019842985966238083,1,1,0.01794277548037697,1,0.01794277548037697,1,0.01794277548037697
BTC,2014-01-27,15,-0.05817382619696277,2.1732451339849965e-4,1,0,0.019058063051134007,1,1,-0.05817382619696277,1,-0.05817382619696277,1,-0.05817382619696277
BTC,2014-01-28,13,0.045108180303417136,2.1911428159609745e-4,1,0,0.018910955541246006,1,1,0.045108180303417136,1,0.045108180303417136,1,0.045108180303417136
BTC,2014-01-29,14,-0.02605998533272258,2.13652601718985e-4,1,0,0.018734343182381836,1,1,-0.02605998533272258,1,-0.02605998533272258,1,-0.02605998533272258
BTC,2014-01-30,17,0.016219943866763852,1.7415490621353185e-4,1,0,0.015563707830606512,1,1,0.016219943866763852,1,0.016219943866763852,1,0.016219943866763852
BTC,2014-01-31,14,0.005172699975265481,1.6194841225084186e-4,1,0,0.014975658963165826,1,1,0.005172699975265481,1,0.005172699975265481,1,0.005172699975265481
BTC,2014-02-01,9,0.01564862783831997,1.4572210774414053e-4,1,0,0.014107448211824032,1,1,0.01564862783831997,1,0.01564862783831997,1,0.01564862783831997
BTC,2014-02-02,8,-0.012361777752495575,1.4366095885394006e-4,1,0,0.013885108071823282,1,1,-0.012361777752495575,1,-0.012361777752495575,1,-0.012361777752495575
BTC,2014-02-03,10,0.006014402996265935,1.4322856167706192e-4,1,0,0.013851222532359127,1,1,0.006014402996265935,1,0.006014402996265935,1,0.006014402996265935
BTC,2014-02-04,14,-0.021428774930725657,1.343271353895602e-4,1,0,0.013248070465452013,1,1,-0.021428774930725657,1,-0.021428774930725657,1,-0.021428774930725657
BTC,2014-02-05,9,1.2461835644518747e-4,1.297697054793335e-4,1,0,0.013058852932299636,1,1,1.2461835644518747e-4,1,1.2461835644518747e-4,1,1.2461835644518747e-4
BTC,2014-02-06,14,-0.04445157452214013,1.2469953440022736e-4,1,0,0.012994532696787617,1,1,-0.04445157452214013,1,-0.04445157452214013,1,-0.04445157452214013
BTC,2014-02-07,21,-0.0722263803721873,1.2525452159317725e-4,1,0,0.013099261089369088,1,1,-0.0722263803721873,1,-0.0722263803721873,1,-0.0722263803721873
BTC,2014-02-08,20,-0.02097041890302468,1.2979326065140948e-4,1,0,0.013339845675130756,1,1,-0.02097041890302468,1,-0.02097041890302468,1,-0.02097041890302468
BTC,2014-02-09,23,-0.014842210193160604,1.2607465138615882e-4,1,0,0.013320545105482055,1,1,-0.014842210193160604,1,-0.014842210193160604,1,-0.014842210193160604
BTC,2014-02-10,19,0.0017401396502444953,1.6609865958554755e-4,1,0,0.015301101314795451,1,1,0.0017401396502444953,1,0.0017401396502444953,1,0.0017401396502444953
BTC,2014-02-11,20,0.034687111390176356,1.7746023597120473e-4,1,0,0.015470640570183696,1,1,0.034687111390176356,1,0.034687111390176356,1,0.034687111390176356
BTC,2014-02-12,10,-0.06339742264436597,1.846224929394395e-4,1,0,0.015889448807858256,1,1,-0.06339742264436597,1,-0.06339742264436597,1,-0.06339742264436597
BTC,2014-02-13,14,-0.07220756173303863,1.7849887410330802e-4,1,0,0.015903837457546338,1,1,-0.07220756173303863,1,-0.07220756173303863,1,-0.07220756173303863
BTC,2014-02-14,24,0.0717209716382094,1.8431927540227128e-4,1,0,0.016411481111819747,1,1,0.0717209716382094,1,0.0717209716382094,1,0.0717209716382094
BTC,2014-02-15,21,-0.01663102173193113,1.8868572366232263e-4,1,0,0.01656833562610256,1,1,-0.01663102173193113,1,-0.01663102173193113,1,-0.01663102173193113
BTC,2014-02-16,19,-0.05383215441945013,1.8717876132856646e-4,1,0,0.016616608191970833,1,1,-0.05383215441945013,1,-0.05383215441945013,1,-0.05383215441945013
BTC,2014-02-17,18,0.021176185151628175,1.8783458713039308e-4,1,0,0.016615119950574894,1,1,0.021176185151628175,1,0.021176185151628175,1,0.021176185151628175
BTC,2014-02-18,23,-0.002481521868906832,1.9426004488283215e-4,1,0,0.016636072114937086,1,1,-0.002481521868906832,1,-0.002481521868906832,1,-0.002481521868906832
BTC,2014-02-19,13,-0.010039400506758308,1.9637701660594619e-4,1,0,0.016619219954619867,1,1,-0.010039400506758308,1,-0.010039400506758308,1,-0.010039400506758308
BTC,2014-02-20,22,-0.11599543908009596,1.9476990915636192e-4,1,0,0.016524718413222075,1,1,-0.11599543908009596,1,-0.11599543908009596,1,-0.11599543908009596
BTC,2014-02-21,23,0.01963743977116094,2.0199490436432658e-4,1,0,0.016391817441140762,1,1,0.01963743977116094,1,0.01963743977116094,1,0.01963743977116094
BTC,2014-02-22,16,0.0639109809939624,2.1088235674547617e-4,1,0,0.016612127361363402,1,1,0.0639109809939624,1,0.0639109809939624,1,0.0639109809939624
BTC,2014-02-23,19,0.011144937900211717,2.092576855817536e-4,1,0,0.01648225360785167,1,1,0.011144937900211717,1,0.011144937900211717,1,0.011144937900211717
BTC,2014-02-24,21,-0.07553552414490712,2.0386083802397412e-4,1,0,0.016359099445575204,1,1,-0.07553552414490712,1,-0.07553552414490712,1,-0.07553552414490712
BTC,2014-02-25,21,-0.06575453290756479,2.1624981126807963e-4,1,0,0.017279069739158392,1,1,-0.06575453290756479,1,-0.06575453290756479,1,-0.06575453290756479
BTC,2014-02-26,24,0.0921024862462475,2.0720229654856795e-4,1,0,0.017522214574692985,1,1,0.0921024862462475,1,0.0921024862462475,1,0.0921024862462475
BTC,2014-02-27,20,0.015569312481588913,2.0454656403382456e-4,1,0,0.017550020494214683,1,1,0.015569312481588913,1,0.015569312481588913,1,0.015569312481588913
BTC,2014-02-28,15,-0.03852932257551622,2.1032348699895557e-4,1,0,0.01774214186380812,2,1,-0.03852932257551622,1,-0.03852932257551622,1,-0.03852932257551622
BTC,2014-03-01,14,0.0018431061727973014,2.1124533017620925e-4,1,0,0.017753488558422688,2,1,0.0018431061727973014,1,0.0018431061727973014,1,0.0018431061727973014
BTC,2014-03-02,9,0.005203827875027245,2.160363464754098e-4,2,0,0.017762920444872266,2,1,0.005203827875027245,1,0.005203827875027245,1,0.005203827875027245
BTC,2014-03-03,15,0.1431314660091735,2.208440401867964e-4,2,0,0.01823193702095609,2,1,0.1431314660091735,1,0.1431314660091735,1,0.1431314660091735
BTC,2014-03-04,21,0.020269427385254116,2.2056450923675275e-4,2,0,0.01823930417051852,2,1,0.020269427385254116,1,0.020269427385254116,1,0.020269427385254116
BTC,2014-03-05,9,5.728596870795827e-4,2.2098472146365693e-4,2,0,0.018277783853213412,2,1,5.728596870795827e-4,1,5.728596870795827e-4,1,5.728596870795827e-4
BTC,2014-03-06,11,-0.021201257458792252,2.2111892590408305e-4,2,0,0.018313527232031827,2,1,-0.021201257458792252,1,-0.021201257458792252,1,-0.021201257458792252
BTC,2014-03-07,17,-0.046832630500610366,2.196963697258806e-4,2,0,0.018279385093022803,2,1,-0.046832630500610366,1,-0.046832630500610366,1,-0.046832630500610366
BTC,2014-03-08,16,-3.0133407209606555e-4,2.2816362109481556e-4,2,0,0.018561563479084633,2,1,-3.0133407209606555e-4,1,-3.0133407209606555e-4,1,-3.0133407209606555e-4
BTC,2014-03-09,7,0.018577828620183888,2.2843441047045126e-4,2,0,0.018497056107401044,2,1,0.018577828620183888,1,0.018577828620183888,1,0.018577828620183888
BTC,2014-03-10,14,-0.009084018831187896,2.305947631781474e-4,2,0,0.018494556013696706,2,1,-0.009084018831187896,1,-0.009084018831187896,1,-0.009084018831187896
BTC,2014-03-11,9,-0.001676752590712009,2.2945241874931362e-4,2,0,0.01854515892845485,2,1,-0.001676752590712009,1,-0.001676752590712009,1,-0.001676752590712009
BTC,2014-03-12,12,-0.013648190092130452,2.3100287871801885e-4,2,0,0.01861285056366933,2,1,-0.013648190092130452,1,-0.013648190092130452,1,-0.013648190092130452
BTC,2014-03-13,14,0.03280452862786777,2.347110544398678e-4,2,0,0.018598701234179862,2,1,0.03280452862786777,1,0.03280452862786777,1,0.03280452862786777
BTC,2014-03-14,10,-0.03450036945930978,2.386754996892953e-4,2,0,0.018612277025542995,2,1,-0.03450036945930978,1,-0.03450036945930978,1,-0.03450036945930978
BTC,2014-03-15,5,0.023114077785504228,2.379482549134781e-4,2,0,0.01858245639287295,2,1,0.023114077785504228,1,0.023114077785504228,1,0.023114077785504228
BTC,2014-03-16,6,0.009168368086879602,2.370656923699263e-4,2,0,0.018603334488585026,2,1,0.009168368086879602,1,0.009168368086879602,1,0.009168368086879602
BTC,2014-03-17,8,-0.022050868473199675,2.4080397250756508e-4,2,0,0.01860701426589859,2,1,-0.022050868473199675,1,-0.022050868473199675,1,-0.022050868473199675
BTC,2014-03-18,14,-0.02854745754401314,2.4404134851052395e-4,2,0,0.0185873650943793,2,1,-0.02854745754401314,1,-0.02854745754401314,1,-0.02854745754401314
BTC,2014-03-19,14,4.499271872021535e-4,2.4486754501980973e-4,2,0,0.018607592463828017,2,1,4.499271872021535e-4,1,4.499271872021535e-4,1,4.499271872021535e-4
BTC,2014-03-20,15,-0.049696936139705494,2.470813750957781e-4,2,0,0.018662596781181203,2,1,-0.049696936139705494,1,-0.049696936139705494,1,-0.049696936139705494
BTC,2014-03-21,20,-6.938893903907228e-17,2.4805990454578595e-4,2,0,0.01872705212776838,2,1,-6.938893903907228e-17,1,-6.938893903907228e-17,1,-6.938893903907228e-17
BTC,2014-03-22,15,-0.030460640300692458,2.4887142024106337e-4,2,0,0.01876761930974737,2,1,-0.030460640300692458,1,-0.030460640300692458,1,-0.030460640300692458
BTC,2014-03-23,9,-0.0065986504099232405,2.517201664278155e-4,2,0,0.01876860757170876,2,1,-0.0065986504099232405,1,-0.0065986504099232405,1,-0.0065986504099232405
BTC,2014-03-24,12,0.029232555126966216,2.5865474164202354e-4,2,0,0.018772119566795444,2,1,0.029232555126966216,1,0.029232555126966216,1,0.029232555126966216
BTC,2014-03-25,13,-0.002394818487888967,2.7129167064976836e-4,2,0,0.01865488904139914,2,1,-0.002394818487888967,1,-0.002394818487888967,1,-0.002394818487888967
BTC,2014-03-26,14,0.0018563239093524367,2.6813430164472656e-4,2,0,0.018551831798932262,2,1,0.0018563239093524367,1,0.0018563239093524367,1,0.0018563239093524367
BTC,2014-03-27,21,-0.13189324224326948,2.665181834837136e-4,2,0,0.018573852548695455,2,1,-0.13189324224326948,1,-0.13189324224326948,1,-0.13189324224326948
BTC,2014-03-28,22,0.007174572861306199,2.335430448093266e-4,2,0,0.01725962764752046,1,1,0.007174572861306199,1,0.007174572861306199,1,0.007174572861306199
BTC,2014-03-29,9,-0.002891154356129911,2.2877681114075486e-4,2,0,0.01708106564318408,1,1,-0.002891154356129911,1,-0.002891154356129911,1,-0.002891154356129911
BTC,2014-03-30,21,-0.10755279766258573,2.2978199527176496e-4,2,0,0.01712671976493147,1,1,-0.10755279766258573,1,-0.10755279766258573,1,-0.10755279766258573
BTC,2014-03-31,20,-1.947966423721456e-4,2.2165488599029312e-4,2,0,0.016794715613152104,1,1,-1.947966423721456e-4,1,-1.947966423721456e-4,1,-1.947966423721456e-4
BTC,2014-04-01,16,0.05596260078034285,2.2332395575653548e-4,2,0,0.016496673752711244,1,1,0.05596260078034285,1,0.05596260078034285,1,0.05596260078034285
BTC,2014-04-02,12,-0.09738287850821116,2.2234683346996576e-4,2,0,0.016343938145802595,1,1,-0.09738287850821116,1,-0.09738287850821116,1,-0.09738287850821116
BTC,2014-04-03,18,0.04026055207195821,2.2087809515980696e-4,1,0,0.016348221931101876,1,1,0.04026055207195821,1,0.04026055207195821,1,0.04026055207195821
BTC,2014-04-04,21,-0.0065353721055168654,2.829905244581328e-4,3,0.23809523809523808,0.018525732308607653,2,1,-0.0065353721055168654,0.7619047619047619,-0.016553585115101556,1,-0.0065353721055168654
BTC,2014-04-05,9,0.019442940788819734,2.926874254998836e-4,3,1,0.018507448979257976,2,1,0.019442940788819734,0,0,1,0.019442940788819734
BTC,2014-04-06,11,-0.012976273002901441,2.95139812774249e-4,3,1,0.01849530301193673,2,1,-0.012976273002901441,0,0,1,-0.012976273002901441
BTC,2014-04-07,10,5.654089158942943e-4,2.981656838919748e-4,3,1,0.01859640432497462,2,1,5.654089158942943e-4,0,0,1,5.654089158942943e-4
BTC,2014-04-08,10,-0.006959701383386117,3.0024887201837247e-4,3,1,0.018593540921459425,2,1,-0.006959701383386117,0,0,1,-0.006959701383386117
BTC,2014-04-09,10,-0.012888285806872773,3.0652401284530156e-4,3,1,0.018626107647590213,2,1,-0.012888285806872773,0,0,1,-0.012888285806872773
BTC,2014-04-10,18,-0.1975771848403013,3.233088796061205e-4,3,1,0.018902574261024582,2,1,-0.1975771848403013,0,0,1,-0.1975771848403013
BTC,2014-04-11,14,0.14779639449939241,3.9187942860384163e-4,3,1,0.02068127748819974,2,1,0.14779639449939241,0,0,1,0.14779639449939241
BTC,2014-04-12,7,0.03868514231123758,4.011136062769507e-4,3,1,0.02085240771786083,2,1,0.03868514231123758,0,0,1,0.03868514231123758
BTC,2014-04-13,10,-0.04149674778468899,4.153979798479608e-4,3,1,0.021186282441416147,2,1,-0.04149674778468899,0,0,1,-0.04149674778468899
BTC,2014-04-14,17,0.048298030820655244,4.026579622586993e-4,3,1,0.02125894066286483,2,1,0.048298030820655244,0,0,1,0.048298030820655244
BTC,2014-04-15,19,0.17088506860670372,4.108609274422917e-4,3,1,0.021623728733551905,2,1,0.17088506860670372,0,0,1,0.17088506860670372
BTC,2014-04-16,18,-0.021884924080081983,4.002629186412116e-4,3,1,0.021687336787408012,2,1,-0.021884924080081983,0,0,1,-0.021884924080081983
BTC,2014-04-17,22,-0.03832024301422211,3.9887660347275776e-4,3,1,0.021019057654193513,2,1,-0.03832024301422211,0,0,1,-0.03832024301422211
BTC,2014-04-18,16,-0.03735534846195953,4.290282821308143e-4,3,1,0.020891878421042166,2,1,-0.03735534846195953,0,0,1,-0.03735534846195953
BTC,2014-04-19,12,0.03863001987761537,4.266499674679014e-4,3,1,0.020773921807723306,2,1,0.03863001987761537,0,0,1,0.03863001987761537
BTC,2014-04-20,5,4.8290532375663137e-4,4.2796238194146613e-4,3,1,0.020785341858044194,2,1,4.8290532375663137e-4,0,0,1,4.8290532375663137e-4
BTC,2014-04-21,12,-0.016616036837453458,4.295863354734341e-4,3,1,0.020784454391527766,2,1,-0.016616036837453458,0,0,1,-0.016616036837453458
BTC,2014-04-22,14,-0.013573111715048906,4.498482581085088e-4,3,1,0.020747887394878914,2,1,-0.013573111715048906,0,0,1,-0.013573111715048906
BTC,2014-04-23,10,0.011960585695896178,4.4960505858874665e-4,3,1,0.020660450539614062,2,1,0.011960585695896178,0,0,1,0.011960585695896178
BTC,2014-04-24,9,0.015743180326312167,4.4799439607998484e-4,3,1,0.020616786184489994,2,1,0.015743180326312167,0,0,1,0.015743180326312167
BTC,2014-04-25,15,-0.06577519762897355,4.4822227240391677e-4,3,1,0.020758272033428254,2,1,-0.06577519762897355,0,0,1,-0.06577519762897355
BTC,2014-04-26,7,-0.016529912858157365,4.544884711459851e-4,3,1,0.020403380726759353,2,1,-0.016529912858157365,0,0,1,-0.016529912858157365
BTC,2014-04-27,7,-0.06389546959665446,4.5631605563487807e-4,3,1,0.020357591548213816,2,1,-0.06389546959665446,0,0,1,-0.06389546959665446
BTC,2014-04-28,17,0.02069170681823255,4.5652411433175677e-4,3,1,0.020202947018645525,2,1,0.02069170681823255,0,0,1,0.02069170681823255
BTC,2014-04-29,13,0.0035627273637968675,4.576025620261934e-4,3,1,0.020174185846099958,2,1,0.0035627273637968675,0,0,1,0.0035627273637968675
BTC,2014-04-30,11,0.005958500681216093,4.5585114868700933e-4,3,1,0.02015031142066478,2,1,0.005958500681216093,0,0,1,0.005958500681216093
BTC,2014-05-01,14,0.024198379650250672,4.4904611891483044e-4,3,1,0.020109615685906117,2,1,0.024198379650250672,0,0,1,0.024198379650250672
BTC,2014-05-02,6,-0.00909996946556884,4.4359910686490503e-4,3,1,0.02007195834839985,2,1,-0.00909996946556884,0,0,1,-0.00909996946556884
BTC,2014-05-03,12,-0.031532821324567195,4.3228548353797336e-4,3,1,0.019908983244999,2,1,-0.031532821324567195,0,0,1,-0.031532821324567195
BTC,2014-05-04,5,0.002185304641220045,4.3306505553909096e-4,3,1,0.019919244266353515,2,1,0.002185304641220045,0,0,1,0.002185304641220045
BTC,2014-05-05,9,-0.029433448104916063,4.2932209101335353e-4,3,1,0.019839583475907255,2,1,-0.029433448104916063,0,0,1,-0.029433448104916063
BTC,2014-05-06,16,0.006247094236353398,4.369627021956388e-4,3,1,0.019786086269792807,2,1,0.006247094236353398,0,0,1,0.006247094236353398
BTC,2014-05-07,11,0.022928764128260837,4.255352794549362e-4,3,1,0.01975640942079893,2,1,0.022928764128260837,0,0,1,0.022928764128260837
BTC,2014-05-08,10,0.014325033171082488,4.228831374924956e-4,3,1,0.019755426671591143,2,1,0.014325033171082488,0,0,1,0.014325033171082488
BTC,2014-05-09,8,0.005258271729369421,4.2163201624970397e-4,3,1,0.019754707164832307,2,1,0.005258271729369421,0,0,1,0.005258271729369421
BTC,2014-05-10,9,0.00963555827777548,4.254376210718341e-4,3,1,0.019744969383334386,2,1,0.00963555827777548,0,0,1,0.00963555827777548
BTC,2014-05-11,9,-0.03010061004402129,4.2259317765172924e-4,3,1,0.019726989246976898,2,1,-0.03010061004402129,0,0,1,-0.03010061004402129
BTC,2014-05-12,5,-0.001538748587885238,4.1721686271273587e-4,3,1,0.019698816632857184,2,1,-0.001538748587885238,0,0,1,-0.001538748587885238
BTC,2014-05-13,4,-8.815820878771072e-5,4.1616923369929834e-4,3,1,0.01970029936680896,2,1,-8.815820878771072e-5,0,0,1,-8.815820878771072e-5
BTC,2014-05-14,8,0.010698523230917986,4.174579561378323e-4,3,1,0.019688782044396287,2,1,0.010698523230917986,0,0,1,0.010698523230917986
BTC,2014-05-15,7,0.009087333259826212,4.174754131929297e-4,3,1,0.019671020147581465,2,1,0.009087333259826212,0,0,1,0.009087333259826212
BTC,2014-05-16,7,0.009398406208812436,4.1525451036605334e-4,3,1,0.019675988804372897,2,1,0.009398406208812436,0,0,1,0.009398406208812436
BTC,2014-05-17,4,-5.811323644522304e-17,4.1546969188970364e-4,3,1,0.01967517096867701,2,1,-5.811323644522304e-17,0,0,1,-5.811323644522304e-17
BTC,2014-05-18,6,-0.018395960773062835,4.178935129623227e-4,3,1,0.019680397406051684,2,1,-0.018395960773062835,0,0,1,-0.018395960773062835
BTC,2014-05-20,12,0.1020440405428823,4.1028832668216095e-4,3,1,0.01974190448634377,2,1,0.1020440405428823,0,0,1,0.1020440405428823
BTC,2014-05-21,11,0.002726225541213666,4.0967078527137386e-4,3,1,0.019653264790347704,2,1,0.002726225541213666,0,0,1,0.002726225541213666
BTC,2014-05-22,17,0.0687748224850825,3.992057129102852e-4,3,1,0.019694303958380704,2,1,0.0687748224850825,0,0,1,0.0687748224850825
BTC,2014-05-23,13,-0.016228155790833712,3.958814735480071e-4,3,1,0.01978260187900169,2,1,-0.016228155790833712,0,0,1,-0.016228155790833712
BTC,2014-05-24,9,0.016228136922909274,3.9734318061555504e-4,3,1,0.019800124882448603,2,1,0.016228136922909274,0,0,1,0.016228136922909274
BTC,2014-05-25,20,0.07983921672008311,3.9989234476227315e-4,3,1,0.01993823205724941,2,1,0.07983921672008311,0,0,1,0.07983921672008311
BTC,2014-05-26,13,0.015813787681564214,3.9915165749111465e-4,3,1,0.019968147429574236,2,1,0.015813787681564214,0,0,1,0.015813787681564214
BTC,2014-05-27,20,-0.013229306206169219,4.119938237115424e-4,3,1,0.02000308070818801,2,1,-0.013229306206169219,0,0,1,-0.013229306206169219
BTC,2014-05-28,12,5.158213299943891e-4,4.2528052433390187e-4,3,1,0.019980800742122117,2,1,5.158213299943891e-4,0,0,1,5.158213299943891e-4
BTC,2014-05-29,10,-0.009317711361587393,4.266603325938096e-4,3,1,0.01996495209214455,2,1,-0.009317711361587393,0,0,1,-0.009317711361587393
BTC,2014-05-30,15,0.07687835402197855,4.329110252467224e-4,3,1,0.019954267575014034,2,1,0.07687835402197855,0,0,1,0.07687835402197855
BTC,2014-05-31,11,0.020810544035458213,4.2048939430571207e-4,3,1,0.01979607250386798,2,1,0.020810544035458213,0,0,1,0.020810544035458213
BTC,2014-06-01,19,-1.0817144669705153e-4,4.1122320589243597e-4,3,1,0.019861263785126416,2,1,-1.0817144669705153e-4,0,0,1,-1.0817144669705153e-4
BTC,2014-06-02,15,0.048160312567603836,4.224100431614688e-4,3,1,0.01985195989144208,2,1,0.048160312567603836,0,0,1,0.048160312567603836
BTC,2014-06-03,13,0.017169007876959463,4.1502017217364925e-4,3,1,0.01979043667416132,2,1,0.017169007876959463,0,0,1,0.017169007876959463
BTC,2014-06-04,11,-0.031703302694087034,3.8826070964307e-4,2,0.5454545454545454,0.01981678742444524,2,1,-0.031703302694087034,0.45454545454545453,0.007139660346737995,1,-0.031703302694087034
BTC,2014-06-05,13,0.009993698865585064,3.876329737565693e-4,2,0,0.0197780507803922,2,1,0.009993698865585064,1,0.009993698865585064,1,0.009993698865585064
BTC,2014-06-06,8,-0.005505653592585805,3.121910371751457e-4,2,0,0.01778148313873898,2,1,-0.005505653592585805,1,-0.005505653592585805,1,-0.005505653592585805
BTC,2014-06-07,6,0.009743173318137637,3.110616163240779e-4,2,0,0.017738100216240536,1,1,0.009743173318137637,1,0.009743173318137637,1,0.009743173318137637
BTC,2014-06-08,6,-0.005108921035465447,3.1169293052000943e-4,2,0,0.01775930641605643,1,1,-0.005108921035465447,1,-0.005108921035465447,1,-0.005108921035465447
BTC,2014-06-09,9,-0.020002147919445858,3.098421533530057e-4,2,0,0.017725275536126555,1,1,-0.020002147919445858,1,-0.020002147919445858,1,-0.020002147919445858
BTC,2014-06-10,7,0.005350358330988363,3.0744393127973125e-4,2,0,0.01769500505103802,1,1,0.005350358330988363,1,0.005350358330988363,1,0.005350358330988363
BTC,2014-06-11,8,-0.04569644188472487,2.998213324849461e-4,2,0,0.017651130279015055,1,1,-0.04569644188472487,1,-0.04569644188472487,1,-0.04569644188472487
BTC,2014-06-12,12,-0.07885389219990094,2.760710756359093e-4,2,0,0.017749990503283016,1,1,-0.07885389219990094,1,-0.07885389219990094,1,-0.07885389219990094
BTC,2014-06-13,20,0.03196084869688948,2.6872605870148427e-4,2,0,0.017591731835261682,1,1,0.03196084869688948,1,0.03196084869688948,1,0.03196084869688948
BTC,2014-06-14,17,-0.042440528956460145,2.0462380741920113e-4,1,0,0.015343794737253917,1,1,-0.042440528956460145,1,-0.042440528956460145,1,-0.042440528956460145
BTC,2014-06-15,15,0.05205679621468755,1.9456500193527985e-4,1,0,0.015163839573818647,1,1,0.05205679621468755,1,0.05205679621468755,1,0.05205679621468755
BTC,2014-06-16,14,0.002943737761895117,1.8667135006377461e-4,1,0,0.014533258675017573,1,1,0.002943737761895117,1,0.002943737761895117,1,0.002943737761895117
BTC,2014-06-17,5,0.019629006056339427,1.830041924497129e-4,1,0,0.01440729831251502,1,1,0.019629006056339427,1,0.019629006056339427,1,0.019629006056339427
BTC,2014-06-18,11,-0.0050785748281051745,1.7067558472634226e-4,1,0,0.013867639722068116,1,1,-0.0050785748281051745,1,-0.0050785748281051745,1,-0.0050785748281051745
BTC,2014-06-19,10,-0.016572748137901022,1.705273817582579e-4,1,0,0.013769563495635824,1,1,-0.016572748137901022,1,-0.016572748137901022,1,-0.016572748137901022
BTC,2014-06-20,11,-0.003408109826651078,1.698771077975561e-4,1,0,0.013637353216848691,1,1,-0.003408109826651078,1,-0.003408109826651078,1,-0.003408109826651078
BTC,2014-06-21,4,-0.005598506220751408,1.768566119351393e-4,1,0,0.013652414641623412,1,1,-0.005598506220751408,1,-0.005598506220751408,1,-0.005598506220751408
BTC,2014-06-22,7,0.009523371536083606,1.7631168477063016e-4,1,0,0.013669868027252136,1,1,0.009523371536083606,1,0.009523371536083606,1,0.009523371536083606
BTC,2014-06-23,7,-0.02001848597937969,1.7644635232405366e-4,1,0,0.013617505815866179,1,1,-0.02001848597937969,1,-0.02001848597937969,1,-0.02001848597937969
BTC,2014-06-24,8,0.002959555593456719,1.7528403227784053e-4,1,0,0.013554606741560733,1,1,0.002959555593456719,1,0.002959555593456719,1,0.002959555593456719
BTC,2014-06-25,12,-0.037774562171998746,1.7472495548601574e-4,1,0,0.013497742952144702,1,1,-0.037774562171998746,1,-0.037774562171998746,1,-0.037774562171998746
BTC,2014-06-26,4,0.020179393053628314,1.734319299611986e-4,1,0,0.013464769090710187,1,1,0.020179393053628314,1,0.020179393053628314,1,0.020179393053628314
BTC,2014-06-27,10,0.03708976846890757,1.7100060172178731e-4,1,0,0.013525343975270663,1,1,0.03708976846890757,1,0.03708976846890757,1,0.03708976846890757
BTC,2014-06-28,8,-0.012593508566325722,1.7210984215804633e-4,1,0,0.013534230722389703,1,1,-0.012593508566325722,1,-0.012593508566325722,1,-0.012593508566325722
BTC,2014-06-29,3,-7.609642408768769e-4,1.7192806276515233e-4,1,0,0.013522347705795495,1,1,-7.609642408768769e-4,1,-7.609642408768769e-4,1,-7.609642408768769e-4
BTC,2014-06-30,14,0.07704745303279402,1.7768506823801042e-4,1,0,0.013735527184415699,1,1,0.07704745303279402,1,0.07704745303279402,1,0.07704745303279402
BTC,2014-07-01,14,0.004698520781554305,1.7541942180407388e-4,1,0,0.013712009879041542,1,1,0.004698520781554305,1,0.004698520781554305,1,0.004698520781554305
BTC,2014-07-02,12,0.010228339853599114,1.7361932015977214e-4,1,0,0.013695760803338725,1,1,0.010228339853599114,1,0.010228339853599114,1,0.010228339853599114
BTC,2014-07-03,8,0.0014583384922274027,1.6757574065150572e-4,1,0,0.013429483336023828,1,1,0.0014583384922274027,1,0.0014583384922274027,1,0.0014583384922274027
BTC,2014-07-04,12,-0.01913224982321935,1.6926540355534614e-4,1,0,0.013409520720421533,1,1,-0.01913224982321935,1,-0.01913224982321935,1,-0.01913224982321935
BTC,2014-07-05,6,-0.009911507361591692,1.701852928333144e-4,1,0,0.013456173018327527,1,1,-0.009911507361591692,1,-0.009911507361591692,1,-0.009911507361591692
BTC,2014-07-06,4,1.759658071615669e-4,1.696606934710824e-4,1,0,0.01343410399324886,1,1,1.759658071615669e-4,1,1.759658071615669e-4,1,1.759658071615669e-4
BTC,2014-07-07,5,-0.004954919224967887,1.691475937132979e-4,1,0,0.013438223616519716,1,1,-0.004954919224967887,1,-0.004954919224967887,1,-0.004954919224967887
BTC,2014-07-08,7,-0.014403105784984438,1.6775081178679486e-4,1,0,0.013380731944976075,1,1,-0.014403105784984438,1,-0.014403105784984438,1,-0.014403105784984438
BTC,2014-07-09,3,0.01744608268986864,1.676447694169339e-4,1,0,0.01338715739086075,1,1,0.01744608268986864,1,0.01744608268986864,1,0.01744608268986864
BTC,2014-07-10,6,-0.02161014739624569,1.6821312301158913e-4,1,0,0.013405166598391248,1,1,-0.02161014739624569,1,-0.02161014739624569,1,-0.02161014739624569
BTC,2014-07-11,6,0.0240911395598247,1.674532537571319e-4,1,0,0.013369567586345912,1,1,0.0240911395598247,1,0.0240911395598247,1,0.0240911395598247
BTC,2014-07-12,7,0.015645314787643257,1.6597696765705222e-4,1,0,0.013308163581179052,1,1,0.015645314787643257,1,0.015645314787643257,1,0.015645314787643257
BTC,2014-07-13,5,-0.020351296874016288,1.6582058616621911e-4,1,0,0.013304356981941195,1,1,-0.020351296874016288,1,-0.020351296874016288,1,-0.020351296874016288
BTC,2014-07-14,7,-4.26938111826999e-4,1.6918276204587476e-4,1,0,0.013372265197844395,1,1,-4.26938111826999e-4,1,-4.26938111826999e-4,1,-4.26938111826999e-4
BTC,2014-07-15,1,-0.009960199745820304,1.6928948044768238e-4,1,0,0.013376202070323492,1,1,-0.009960199745820304,1,-0.009960199745820304,1,-0.009960199745820304
BTC,2014-07-16,5,0.008346976310824792,1.7023961416510759e-4,1,0,0.013407411865385504,1,1,0.008346976310824792,1,0.008346976310824792,1,0.008346976310824792
BTC,2014-07-17,6,-3.904963134520896e-4,1.7308511469592213e-4,1,0,0.013449013014715074,1,1,-3.904963134520896e-4,1,-3.904963134520896e-4,1,-3.904963134520896e-4
BTC,2014-07-18,7,0.001629300435990232,1.7225525724731588e-4,1,0,0.013456753097658494,1,1,0.001629300435990232,1,0.001629300435990232,1,0.001629300435990232
BTC,2014-07-19,3,0.006371045730845222,1.7237385179170265e-4,1,0,0.013452968802836276,1,1,0.006371045730845222,1,0.006371045730845222,1,0.006371045730845222
BTC,2014-07-20,3,-0.017614546700982208,1.7259959382714534e-4,1,0,0.013465579123223366,1,1,-0.017614546700982208,1,-0.017614546700982208,1,-0.017614546700982208
BTC,2014-07-21,1,0.017247415824625124,1.726848659089386e-4,1,0,0.013468905018010994,1,1,0.017247415824625124,1,0.017247415824625124,1,0.017247415824625124
BTC,2014-07-22,2,-0.017751290728879748,1.7259386448901544e-4,1,0,0.013444484639102094,1,1,-0.017751290728879748,1,-0.017751290728879748,1,-0.017751290728879748
BTC,2014-07-23,3,-1.078468928193653e-4,1.7237655548598153e-4,1,0,0.013474819472702843,1,1,-1.078468928193653e-4,1,-1.078468928193653e-4,1,-1.078468928193653e-4
BTC,2014-07-24,9,-0.021213645820902214,1.69458730798824e-4,1,0,0.013480109452120888,1,1,-0.021213645820902214,1,-0.021213645820902214,1,-0.021213645820902214
BTC,2014-07-25,5,-0.015901378376828097,1.6935291600674946e-4,1,0,0.013509366523722342,1,1,-0.015901378376828097,1,-0.015901378376828097,1,-0.015901378376828097
BTC,2014-07-26,8,0.006551128526354536,1.6719417810851032e-4,1,0,0.013441231639904109,1,1,0.006551128526354536,1,0.006551128526354536,1,0.006551128526354536
BTC,2014-07-27,1,0,1.671989224182777e-4,1,0,0.013441212679181387,1,1,0,1,0,1,0
BTC,2014-07-28,12,-0.013589858573190193,1.6947165123416236e-4,1,0,0.013541125459585284,1,1,-0.013589858573190193,1,-0.013589858573190193,1,-0.013589858573190193
BTC,2014-07-29,7,-0.014794149675792713,1.7266515531219994e-4,1,0,0.013525243689035507,1,1,-0.014794149675792713,1,-0.014794149675792713,1,-0.014794149675792713
BTC,2014-07-30,8,-0.028625222601653774,1.7168796080877153e-4,1,0,0.01354538075565937,1,1,-0.028625222601653774,1,-0.028625222601653774,1,-0.028625222601653774
BTC,2014-07-31,10,0.040484784443193735,1.654284839123156e-4,1,0,0.01354823351860457,1,1,0.040484784443193735,1,0.040484784443193735,1,0.040484784443193735
BTC,2014-08-01,5,0.010506374081880095,1.6640224331659098e-4,1,0,0.013565933633723987,1,1,0.010506374081880095,1,0.010506374081880095,1,0.010506374081880095
BTC,2014-08-02,6,-0.00996447079217068,1.665125842379408e-4,1,0,0.013551268749686011,1,1,-0.00996447079217068,1,-0.00996447079217068,1,-0.00996447079217068
BTC,2014-08-03,2,-0.019892869132733013,1.6726031840021586e-4,1,0,0.013585072382014871,1,1,-0.019892869132733013,1,-0.019892869132733013,1,-0.019892869132733013
BTC,2014-08-04,3,0.02959795014946357,1.6831982501296943e-4,1,0,0.013615634767635497,1,1,0.02959795014946357,1,0.02959795014946357,1,0.02959795014946357
BTC,2014-08-05,7,-0.02934938739021544,1.687505719177774e-4,1,0,0.01363514901242359,1,1,-0.02934938739021544,1,-0.02934938739021544,1,-0.02934938739021544
BTC,2014-08-07,7,0.002730895480957096,1.6693989250369918e-4,1,0,0.013669164136745725,1,1,0.002730895480957096,1,0.002730895480957096,1,0.002730895480957096
BTC,2014-08-08,4,0.01608883569388025,1.6681281916950676e-4,1,0,0.013664156748497847,1,1,0.01608883569388025,1,0.01608883569388025,1,0.01608883569388025
BTC,2014-08-09,5,-1.3183898417423734e-16,1.6558076088498295e-4,1,0,0.013674023135046086,1,1,-1.3183898417423734e-16,1,-1.3183898417423734e-16,1,-1.3183898417423734e-16
BTC,2014-08-10,3,-0.011520976722714259,1.6601920309425772e-4,1,0,0.013696424867198943,1,1,-0.011520976722714259,1,-0.011520976722714259,1,-0.011520976722714259
BTC,2014-08-11,5,-0.018124426048208686,1.6746615765721927e-4,1,0,0.01371375666239126,1,1,-0.018124426048208686,1,-0.018124426048208686,1,-0.018124426048208686
BTC,2014-08-12,7,0.012547021127966263,1.6701061410551773e-4,1,0,0.013716162566926458,1,1,0.012547021127966263,1,0.012547021127966263,1,0.012547021127966263
BTC,2014-08-13,8,-0.08060684025749544,1.698466880399365e-4,1,0,0.013798181739127521,1,1,-0.08060684025749544,1,-0.08060684025749544,1,-0.08060684025749544
BTC,2014-08-14,7,-0.021386194736883444,1.8314910393309243e-4,1,0,0.014446006292196072,1,1,-0.021386194736883444,1,-0.021386194736883444,1,-0.021386194736883444
BTC,2014-08-15,6,0.011845867415813179,1.8739339200005964e-4,1,0,0.014797488702254856,1,1,0.011845867415813179,1,0.011845867415813179,1,0.011845867415813179
BTC,2014-08-16,6,-0.05125355436214631,1.9566899656290376e-4,1,0,0.015208104892077403,1,1,-0.05125355436214631,1,-0.05125355436214631,1,-0.05125355436214631
BTC,2014-08-17,6,-0.007015334893904941,2.0960625116441531e-4,1,0,0.015510088997797657,1,1,-0.007015334893904941,1,-0.007015334893904941,1,-0.007015334893904941
BTC,2014-08-18,7,-0.09431067947124136,2.1457256190525733e-4,1,0,0.015934996495845035,1,1,-0.09431067947124136,1,-0.09431067947124136,1,-0.09431067947124136
BTC,2014-08-19,10,0.040952117042963324,2.0576602340007015e-4,1,0,0.016221600953943753,1,1,0.040952117042963324,1,0.040952117042963324,1,0.040952117042963324
BTC,2014-08-20,7,0.1116274705522535,2.0631067070485813e-4,1,0,0.016283996623754078,1,1,0.1116274705522535,1,0.1116274705522535,1,0.1116274705522535
BTC,2014-08-21,6,-0.048318577270807725,2.0853737537387048e-4,1,0,0.01638595360062339,1,1,-0.048318577270807725,1,-0.048318577270807725,1,-0.048318577270807725
BTC,2014-08-22,6,0.0482314980078206,2.1089285413587248e-4,1,0,0.01647758890843004,1,1,0.0482314980078206,1,0.0482314980078206,1,0.0482314980078206
BTC,2014-08-23,3,-0.009391683739175996,2.2781549863744367e-4,1,0,0.017081631203445545,1,1,-0.009391683739175996,1,-0.009391683739175996,1,-0.009391683739175996
BTC,2014-08-24,1,-2.2859755935642756e-4,2.2729753496926472e-4,2,0,0.01703891760312796,1,1,-2.2859755935642756e-4,1,-2.2859755935642756e-4,1,-2.2859755935642756e-4
BTC,2014-08-25,3,-0.01683534825097672,2.2221439393424095e-4,2,0,0.01707367407144305,1,1,-0.01683534825097672,1,-0.01683534825097672,1,-0.01683534825097672
BTC,2014-08-27,1,0.0167850307213476,2.22200850581226e-4,2,0,0.0170812755365134,1,1,0.0167850307213476,1,0.0167850307213476,1,0.0167850307213476
BTC,2014-08-28,1,-0.058394408140791366,2.2553716457383684e-4,2,0,0.017203309993776877,1,1,-0.058394408140791366,1,-0.058394408140791366,1,-0.058394408140791366
BTC,2014-08-29,2,0.0584360379324712,2.289840956351632e-4,2,0,0.017332727335892337,1,1,0.0584360379324712,1,0.0584360379324712,1,0.0584360379324712
BTC,2014-08-30,3,-0.001161711917353671,2.354580280038764e-4,2,0,0.01754856578631516,1,1,-0.001161711917353671,1,-0.001161711917353671,1,-0.001161711917353671
BTC,2014-08-31,7,-0.02762193293386484,2.3911941753181916e-4,2,0,0.017664185966527534,2,1,-0.02762193293386484,1,-0.02762193293386484,1,-0.02762193293386484
BTC,2014-09-01,1,-0.039951514335786247,2.4070567225407721e-4,2,0,0.01772251901022937,2,1,-0.039951514335786247,1,-0.039951514335786247,1,-0.039951514335786247
BTC,2014-09-02,1,0.06853310988739372,2.4549444148727677e-4,2,0,0.017897942981549723,2,1,0.06853310988739372,1,0.06853310988739372,1,0.06853310988739372
BTC,2014-09-04,6,-0.09963039974320446,2.5637824327565486e-4,2,0,0.018274323697485682,2,1,-0.09963039974320446,1,-0.09963039974320446,1,-0.09963039974320446
BTC,2014-09-06,1,0.09963156215789008,2.670283215659729e-4,2,0,0.018649842305526965,2,1,0.09963156215789008,1,0.09963156215789008,1,0.09963156215789008
BTC,2014-09-07,2,-0.08917394662650321,2.710504450430113e-4,2,0,0.018797186198210095,2,1,-0.08917394662650321,1,-0.08917394662650321,1,-0.08917394662650321
BTC,2014-09-08,9,0.01809999362418585,2.7908751456566446e-4,2,0,0.01909296042417336,2,1,0.01809999362418585,1,0.01809999362418585,1,0.01809999362418585
BTC,2014-09-09,2,-0.028571314324814343,2.8288913201251575e-4,2,0,0.019184841464885218,2,1,-0.028571314324814343,1,-0.028571314324814343,1,-0.028571314324814343
BTC,2014-09-10,1,2.1052631194334294e-8,2.8279876419668896e-4,2,0,0.019181147899012103,2,1,2.1052631194334294e-8,1,2.1052631194334294e-8,1,2.1052631194334294e-8
BTC,2014-09-11,2,-2.105263130448067e-8,2.8232515911493476e-4,2,0,0.019147514584039523,2,1,-2.105263130448067e-8,1,-2.105263130448067e-8,1,-2.105263130448067e-8
BTC,2014-09-13,3,-4.843277940891503e-4,2.8216321658191727e-4,2,0,0.019138553033453885,2,1,-4.843277940891503e-4,1,-4.843277940891503e-4,1,-4.843277940891503e-4
BTC,2014-09-14,1,0.03157491486412027,2.8342097642077734e-4,2,0,0.019175161401624126,2,1,0.03157491486412027,1,0.03157491486412027,1,0.03157491486412027
BTC,2014-09-15,3,-0.05235118995943743,2.845969914443593e-4,2,0,0.019208094922698222,2,1,-0.05235118995943743,1,-0.05235118995943743,1,-0.05235118995943743
BTC,2014-09-16,7,-1.6774052502559028e-5,3.0866203209592885e-4,2,0,0.020003206077608856,2,1,-1.6774052502559028e-5,1,-1.6774052502559028e-5,0.8571428571428571,0.0054785150642453605
BTC,2014-09-17,4,-0.043963122454582275,3.0943025606721693e-4,2,0,0.020078759087162137,3,1,-0.043963122454582275,1,-0.043963122454582275,0.5,-0.04656301009504048
BTC,2014-09-18,6,0.12287657574572436,3.6477973423149155e-4,2,0,0.022009690475931782,3,1,0.12287657574572436,1,0.12287657574572436,0,0
BTC,2014-09-19,3,-0.29153140564221,4.3502014930840824e-4,3,1,0.024051739902714923,3,1,-0.29153140564221,0,-0.0026,0,0
BTC,2014-09-20,2,0.02382388552014545,4.4750425613773346e-4,3,1,0.024294033507933098,3,1,0.02382388552014545,0,0,0,0
BTC,2014-09-21,2,2.59736879803657e-5,4.51286614784862e-4,3,1,0.02435569309114253,3,1,2.59736879803657e-5,0,0,0,0
BTC,2014-09-22,3,0.050195446475413644,4.4273437239947163e-4,3,1,0.024428138797035173,3,1,0.050195446475413644,0,0,0,0
BTC,2014-09-23,6,0.036813763901534416,4.565361775172069e-4,3,1,0.024824880911155308,3,1,0.036813763901534416,0,0,0,0
BTC,2014-09-24,6,0.030809653431880735,4.76455575289044e-4,3,1,0.025335893261438685,3,1,0.030809653431880735,0,0,0,0
BTC,2014-09-25,3,-0.08715191707142816,4.824432824184518e-4,3,1,0.02545304157658506,3,1,-0.08715191707142816,0,0,0,0
BTC,2014-09-28,6,-0.017789541563498323,5.249416866961259e-4,3,1,0.02660140260053671,3,1,-0.017789541563498323,0,0,0,0
BTC,2014-09-29,3,-0.050093178108110224,5.290000950742767e-4,3,1,0.026672729153437522,3,1,-0.050093178108110224,0,0,0,0
BTC,2014-09-30,4,0.024170348213208286,5.324141282044274e-4,3,1,0.02677248442364091,3,1,0.024170348213208286,0,0,0,0
BTC,2014-10-01,2,0.025922829894902074,5.338489452695917e-4,3,1,0.02678915344726676,3,1,0.025922829894902074,0,0,0,0
BTC,2014-10-02,3,-0.05234642633422181,5.394123530612835e-4,3,1,0.026690442299610394,3,1,-0.05234642633422181,0,0,0,0
BTC,2014-10-03,5,-0.04168252331405438,5.358268769555647e-4,3,1,0.02680961449145862,3,1,-0.04168252331405438,0,0,0,0
BTC,2014-10-04,10,-0.09721891295304817,5.294708487438153e-4,3,1,0.02708047521355987,3,1,-0.09721891295304817,0,0,0,0
BTC,2014-10-05,8,0.024193777938157773,5.306689974660691e-4,3,1,0.027251737659066442,3,1,0.024193777938157773,0,0,0,0
BTC,2014-10-06,10,0.05839791638295584,5.264509088737133e-4,3,1,0.02748697862617556,3,1,0.05839791638295584,0,0,0,0
BTC,2014-10-07,3,-0.02353979408404088,5.420039164319635e-4,3,1,0.02786015005928088,3,1,-0.02353979408404088,0,0,0,0
BTC,2014-10-08,4,0.07955222887882928,5.589175344164677e-4,3,1,0.02789592638295949,3,1,0.07955222887882928,0,0,0,0
BTC,2014-10-09,7,5.134357368781484e-4,5.749331054627852e-4,3,1,0.028562797013847167,3,1,5.134357368781484e-4,0,0,0,0
BTC,2014-10-10,3,-0.04023327884019659,5.768035820139416e-4,3,1,0.028658918949276475,3,1,-0.04023327884019659,0,0,0,0
BTC,2014-10-11,6,0.004453166219053485,5.90407026316781e-4,3,1,0.028910701730775794,3,1,0.004453166219053485,0,0,0,0
BTC,2014-10-12,6,0.06185597348149742,5.866362006963627e-4,3,1,0.029011788201093108,3,1,0.06185597348149742,0,0,0,0
BTC,2014-10-13,9,0.051372244872479114,5.842376332823157e-4,3,1,0.02910415155927342,3,1,0.051372244872479114,0,0,0,0
BTC,2014-10-14,10,0.02775000716342436,5.715912820412892e-4,3,1,0.029156431952521916,3,1,0.02775000716342436,0,0,0,0
BTC,2014-10-15,5,-0.026977480638894866,5.692955629618711e-4,3,1,0.029215293263344266,3,1,-0.026977480638894866,0,0,0,0
BTC,2014-10-16,4,-0.028288517975563268,5.64456862970328e-4,3,1,0.02922584969062004,3,1,-0.028288517975563268,0,0,0,0
BTC,2014-10-17,5,-0.021121621854872593,5.679845767190744e-4,3,1,0.029226985109218378,3,1,-0.021121621854872593,0,0,0,0
BTC,2014-10-18,1,0.03806171007313322,5.727067019549231e-4,3,1,0.029261435741440057,3,1,0.03806171007313322,0,0,0,0
BTC,2014-10-20,1,-0.011562962945500603,5.731099583313283e-4,3,1,0.029263390724289358,3,1,-0.011562962945500603,0,0,0,0
BTC,2014-10-21,5,8.669905652008564e-4,5.957357618277725e-4,3,1,0.0293609924422377,3,1,8.669905652008564e-4,0,0,0,0
BTC,2014-10-22,3,-0.007371147082592318,5.963462382268714e-4,3,1,0.02933868976796136,3,1,-0.007371147082592318,0,0,0,0
BTC,2014-10-23,7,-0.053002187048714726,6.213170534123479e-4,3,1,0.029313831691526182,3,1,-0.053002187048714726,0,0,0,0
BTC,2014-10-24,8,0.012692132108500242,6.276196038764761e-4,3,1,0.02937933772171455,3,1,0.012692132108500242,0,0,0,0
BTC,2014-10-25,3,-0.037764692007903805,6.272844605746206e-4,3,1,0.029406450039800087,3,1,-0.037764692007903805,0,0,0,0
BTC,2014-10-26,3,0.00827769683053129,6.329201019213673e-4,3,1,0.029574072133713738,3,1,0.00827769683053129,0,0,0,0
BTC,2014-10-27,3,0.004953229719788747,6.337309600373848e-4,3,1,0.02957538290791667,3,1,0.004953229719788747,0,0,0,0
BTC,2014-10-28,1,0.0022626318387194994,6.330546097722453e-4,3,1,0.029565856846074125,3,1,0.0022626318387194994,0,0,0,0
BTC,2014-10-29,5,-0.08591385307855876,6.346962571315265e-4,3,1,0.029647461299595383,3,1,-0.08591385307855876,0,0,0,0
BTC,2014-10-30,5,0.03217252168309154,6.30289738041232e-4,3,1,0.029644225874180672,3,1,0.03217252168309154,0,0,0,0
BTC,2014-10-31,2,0.005559786833088638,6.30382431100984e-4,3,1,0.02964605524496258,3,1,0.005559786833088638,0,0,0,0
BTC,2014-11-01,6,-0.08373776424708736,6.364819787854327e-4,3,1,0.029671860792897364,3,1,-0.08373776424708736,0,0,0,0
BTC,2014-11-02,4,0.012236020747196588,6.403947358903053e-4,3,1,0.02966818213911131,3,1,0.012236020747196588,0,0,0,0
BTC,2014-11-03,3,0.003268134538769192,6.416475874751266e-4,3,1,0.029661292205235456,3,1,0.003268134538769192,0,0,0,0
BTC,2014-11-04,8,5.334274688628682e-17,6.444458869356005e-4,3,1,0.029497890443225032,3,1,5.334274688628682e-17,0,0,0,0
BTC,2014-11-05,7,0.00981222535359997,6.512614342746594e-4,3,1,0.02967428206249283,3,1,0.00981222535359997,0,0,0,0
BTC,2014-11-06,2,0.0585650720911367,6.554120514954254e-4,3,1,0.029743822295099524,3,1,0.0585650720911367,0,0,0,0
BTC,2014-11-07,4,-0.002650953202280426,6.611422329308676e-4,3,1,0.02988518298531532,3,1,-0.002650953202280426,0,0,0,0
BTC,2014-11-08,4,0.008372513584015584,6.589064383303827e-4,3,1,0.029870815501413073,3,1,0.008372513584015584,0,0,0,0
BTC,2014-11-09,6,9.114327249633812e-6,6.555137301217313e-4,3,1,0.02984823498561721,3,1,9.114327249633812e-6,0,0,0,0
BTC,2014-11-10,4,0.01418463499195663,6.595028570782758e-4,3,1,0.029952518651040594,3,1,0.01418463499195663,0,0,0,0
BTC,2014-11-11,4,0.045960382757201795,6.578507175259163e-4,3,1,0.029978439211678507,3,1,0.045960382757201795,0,0,0,0
BTC,2014-11-12,15,0.13043288523212973,5.464251941925703e-4,3,1,0.030084312225360534,3,1,0.13043288523212973,0,0,0,0
BTC,2014-11-13,10,-0.02023251313766354,5.60638295994889e-4,3,1,0.03127139570446018,3,1,-0.02023251313766354,0,0,0,0
BTC,2014-11-14,4,-0.049392779425961465,5.647701283561231e-4,3,1,0.031292615019082475,3,1,-0.049392779425961465,0,0,0,0
BTC,2014-11-15,5,-0.03874082831643058,5.622088352575284e-4,3,1,0.03130213312565628,3,1,-0.03874082831643058,0,0,0,0
BTC,2014-11-16,3,2.6316135739952017e-5,5.645823922641814e-4,3,1,0.031368139865389943,3,1,2.6316135739952017e-5,0,0,0,0
BTC,2014-11-17,10,0.051293294387550925,5.597066978741038e-4,3,1,0.031487177364879104,3,1,0.051293294387550925,0,0,0,0
BTC,2014-11-18,10,-0.06447332326299879,5.739388069348285e-4,3,1,0.03170553219989767,3,1,-0.06447332326299879,0,0,0,0
BTC,2014-11-19,6,0.039150361419274006,5.781400135620644e-4,3,1,0.03178322447847105,3,1,0.039150361419274006,0,0,0,0
BTC,2014-11-20,8,-0.09576632719974983,5.783578337559598e-4,3,1,0.03191739394982799,3,1,-0.09576632719974983,0,0,0,0
BTC,2014-11-21,5,0.01572877338564845,5.801023808039169e-4,3,1,0.031974402244367824,3,1,0.01572877338564845,0,0,0,0
BTC,2014-11-22,4,0.027398947161086946,5.807907351005616e-4,3,1,0.03197904475537241,3,1,0.027398947161086946,0,0,0,0
BTC,2014-11-23,4,2.7027027223874844e-8,5.792960246992092e-4,3,1,0.03196814025803736,3,1,2.7027027223874844e-8,0,0,0,0
BTC,2014-11-24,7,0.005390875516596283,5.805561419795216e-4,3,1,0.03192445002993116,3,1,0.005390875516596283,0,0,0,0
BTC,2014-11-25,5,0.010695262235027937,5.826213151884086e-4,3,1,0.031966804357182604,3,1,0.010695262235027937,0,0,0,0
BTC,2014-11-26,4,-0.008352122498575474,5.799568307757675e-4,3,1,0.03210166223449477,3,1,-0.008352122498575474,0,0,0,0
BTC,2014-11-27,4,0.010744763168799715,5.845956861035321e-4,3,1,0.03221157810761309,3,1,0.010744763168799715,0,0,0,0
BTC,2014-11-28,6,0.026442908969663226,5.888773152963022e-4,3,1,0.032277143093501603,3,1,0.026442908969663226,0,0,0,0
BTC,2014-11-29,2,-0.020663737480040262,5.880007567694086e-4,3,1,0.0322808892190802,3,1,-0.020663737480040262,0,0,0,0
BTC,2014-11-30,1,0.018903972948037865,5.881967646313404e-4,3,1,0.0322862691278609,3,1,0.018903972948037865,0,0,0,0
BTC,2014-12-01,15,-0.032339775199652344,6.007706649207636e-4,3,1,0.032439617192859656,3,1,-0.032339775199652344,0,0,0,0
BTC,2014-12-02,9,0.0028597724881674683,6.0500783041776e-4,3,1,0.03247391096850849,3,1,0.0028597724881674683,0,0,0,0
BTC,2014-12-03,10,0.01298632693413698,5.980590682159506e-4,3,1,0.032517879396371706,3,1,0.01298632693413698,0,0,0,0
BTC,2014-12-04,9,-6.626142171630364e-4,6.029371614301316e-4,3,1,0.032562478759158714,3,1,-6.626142171630364e-4,0,0,0,0
BTC,2014-12-05,3,-0.012087028688153367,0.00060194977555835165,3,1,0.03256246352753654,3,1,-0.012087028688153367,0,0,0,0
BTC,2014-12-06,7,-0.0031658124005833205,5.908426667855712e-4,3,1,0.03266575662334557,3,1,-0.0031658124005833205,0,0,0,0
BTC,2014-12-07,9,-0.0024897278177486108,5.911277255822772e-4,3,1,0.03265173001376727,3,1,-0.0024897278177486108,0,0,0,0
BTC,2014-12-08,8,0.007820095065270184,5.932286437193403e-4,3,1,0.032747017562806076,3,1,0.007820095065270184,0,0,0,0
BTC,2014-12-09,9,-0.08463653250953729,6.032038280144356e-4,3,1,0.03308306246400931,3,1,-0.08463653250953729,0,0,0,0
BTC,2014-12-10,3,2.05458062583444e-4,6.043777576275781e-4,3,1,0.03311300082900626,3,1,2.05458062583444e-4,0,0,0,0
BTC,2014-12-11,3,0.07406717786626343,6.08888857360209e-4,3,1,0.033244236296004884,3,1,0.07406717786626343,0,0,0,0
BTC,2014-12-12,5,-0.03311823663120756,6.115677183479328e-4,3,1,0.0333157107000968,3,1,-0.03311823663120756,0,0,0,0
BTC,2014-12-13,6,-0.02247285585205863,5.990596621016896e-4,3,1,0.03333018969622681,3,1,-0.02247285585205863,0,0,0,0
BTC,2014-12-14,4,-0.005698021114637789,5.987415502975103e-4,3,1,0.03332887843897846,3,1,-0.005698021114637789,0,0,0,0
BTC,2014-12-15,4,-0.02301774453667869,5.952611418135987e-4,3,1,0.03332557980898743,3,1,-0.02301774453667869,0,0,0,0
BTC,2014-12-16,5,-0.0355500653968498,5.980335018996005e-4,3,1,0.03339565933832674,3,1,-0.0355500653968498,0,0,0,0
BTC,2014-12-17,11,-2.981752626342442e-4,5.979303169528251e-4,3,1,0.03365222399038319,3,1,-2.981752626342442e-4,0,0,0,0
BTC,2014-12-18,7,-0.05924978795405876,5.964750856987994e-4,3,1,0.033714082812764806,3,1,-0.05924978795405876,0,0,0,0
BTC,2014-12-19,9,0.11807091500125261,6.710748648502301e-4,3,1,0.035646485090629614,3,1,0.11807091500125261,0,0,0,0
BTC,2014-12-20,3,-0.05576995116890848,6.731041024694694e-4,3,1,0.03569533294181713,3,1,-0.05576995116890848,0,0,0,0
BTC,2014-12-21,8,-0.018262394078438347,6.565673993844995e-4,3,1,0.035704124488628516,3,1,-0.018262394078438347,0,0,0,0
BTC,2014-12-22,3,0.006293712558588831,6.568707640235093e-4,3,1,0.03569546284617396,3,1,0.006293712558588831,0,0,0,0
BTC,2014-12-23,3,0.03510497420092516,6.570998634429305e-4,3,1,0.03570432421059232,3,1,0.03510497420092516,0,0,0,0
BTC,2014-12-24,5,-0.05574569169540525,6.564334542753009e-4,3,1,0.035703081666819445,3,1,-0.05574569169540525,0,0,0,0
BTC,2014-12-26,1,3.0846071079619885e-4,6.564403794990194e-4,3,1,0.03570280256972758,3,1,3.0846071079619885e-4,0,0,0,0
BTC,2014-12-27,6,-0.004626304077204109,6.606189968186595e-4,3,1,0.03571786615594746,3,1,-0.004626304077204109,0,0,0,0
BTC,2014-12-28,3,-0.018955420759765775,6.601372987654658e-4,3,1,0.03571081530644668,3,1,-0.018955420759765775,0,0,0,0
BTC,2014-12-29,7,0.005574793411940981,6.638534781550489e-4,3,1,0.03573565816761781,3,1,0.005574793411940981,0,0,0,0
BTC,2014-12-30,4,-0.005607284896866557,6.706067877784356e-4,3,1,0.035949675332307196,3,1,-0.005607284896866557,0,0,0,0
BTC,2014-12-31,5,0.019419793892015445,6.702708172684604e-4,3,1,0.035942033993554445,3,1,0.019419793892015445,0,0,0,0
BTC,2015-01-01,3,0.018193059394274347,6.710230565697163e-4,3,1,0.035964788510654606,3,1,0.018193059394274347,0,0,0,0
BTC,2015-01-02,6,-0.030278695879152807,6.724147396622927e-4,3,1,0.03596668651190381,3,1,-0.030278695879152807,0,0,0,0
BTC,2015-01-03,9,-0.11338514923045108,6.578732696335448e-4,3,1,0.03609575545272012,3,1,-0.11338514923045108,0,0,0,0
BTC,2015-01-04,11,-0.057148229159320746,6.607915895291941e-4,3,1,0.03617343513654472,3,1,-0.057148229159320746,0,0,0,0
BTC,2015-01-05,10,0.03183828727282734,6.325762957821114e-4,3,1,0.03619835064928355,3,1,0.03183828727282734,0,0,0,0
BTC,2015-01-06,4,0.02405009710661713,6.449212462086472e-4,3,1,0.03654163764775578,3,1,0.02405009710661713,0,0,0,0
BTC,2015-01-07,5,0.0648892207188333,6.456515414019961e-4,3,1,0.03665372772736223,3,1,0.0648892207188333,0,0,0,0
BTC,2015-01-08,5,-0.056480143306771396,6.462623448182008e-4,3,1,0.03667077154224361,3,1,-0.056480143306771396,0,0,0,0
BTC,2015-01-09,6,0.05643157541699385,6.461734440775399e-4,3,1,0.03654629750803776,3,1,0.05643157541699385,0,0,0,0
BTC,2015-01-10,10,-0.07690357327794568,6.43281001215902e-4,3,1,0.03640111948184211,3,1,-0.07690357327794568,0,0,0,0
BTC,2015-01-11,5,-0.04709960750185055,6.395265484913789e-4,3,1,0.03630909056985549,3,1,-0.04709960750185055,0,0,0,0
BTC,2015-01-12,12,2.164671353366461e-4,6.351987395197384e-4,3,1,0.03643527329970054,3,1,2.164671353366461e-4,0,0,0,0
BTC,2015-01-13,18,-0.20466783914109865,6.262818125601933e-4,3,1,0.03700116984154178,3,1,-0.20466783914109865,0,0,0,0
BTC,2015-01-14,18,-0.21049248005694632,5.945057198271026e-4,3,1,0.038368489151362616,3,1,-0.21049248005694632,0,0,0,0
BTC,2015-01-15,18,0.22428301616320617,5.921608908230593e-4,3,1,0.0391739143426733,3,1,0.22428301616320617,0,0,0,0
BTC,2015-01-16,8,-0.026076721076468412,5.78873342372735e-4,3,1,0.03915463120518219,3,1,-0.026076721076468412,0,0,0,0
BTC,2015-01-17,4,-0.06467490246221554,5.719975344957374e-4,3,1,0.03899921546745781,3,1,-0.06467490246221554,0,0,0,0
BTC,2015-01-18,9,0.09519835537038769,5.807579466416168e-4,3,1,0.03934688976362035,3,1,0.09519835537038769,0,0,0,0
BTC,2015-01-19,6,-0.041610196200459054,5.811739903929773e-4,3,1,0.039407250549282284,3,1,-0.041610196200459054,0,0,0,0
BTC,2015-01-20,6,0.040898135879994066,5.707400752987798e-4,3,1,0.03905630905838742,3,1,0.040898135879994066,0,0,0,0
BTC,2015-01-21,3,0.021005228207352223,5.617641635006239e-4,3,1,0.03919527783934338,3,1,0.021005228207352223,0,0,0,0
BTC,2015-01-22,6,0.015649057402601307,5.584938855376192e-4,3,1,0.03923482681290273,3,1,0.015649057402601307,0,0,0,0
BTC,2015-01-23,9,7.564653618008719e-5,4.953369389289785e-4,3,1,0.0368560404357437,3,1,7.564653618008719e-5,0,0,0,0
BTC,2015-01-24,11,0.0851947108547215,4.780833346268495e-4,3,1,0.03655871701360846,3,1,0.0851947108547215,0,0,0,0
BTC,2015-01-25,6,0.03458121608317132,4.627538607715871e-4,3,1,0.036305809765521675,3,1,0.03458121608317132,0,0,0,0
BTC,2015-01-26,17,0.04911243831638894,4.431305223649193e-4,3,1,0.035851232223529546,3,1,0.04911243831638894,0,0,0,0
BTC,2015-01-27,11,-0.07357932558715823,4.752187568042299e-4,3,1,0.03745211086713251,3,1,-0.07357932558715823,0,0,0,0
BTC,2015-01-28,7,-0.011432960008763602,4.7025295542244705e-4,3,1,0.03748114294107884,3,1,-0.011432960008763602,0,0,0,0
BTC,2015-01-29,9,-0.0674063641975278,4.682002346039732e-4,3,1,0.037519403994719994,3,1,-0.0674063641975278,0,0,0,0
BTC,2015-01-30,7,-0.05237108104534195,4.6089098106338324e-4,3,1,0.03737775385416823,3,1,-0.05237108104534195,0,0,0,0
BTC,2015-01-31,10,-0.01516455972647522,4.5910482388254986e-4,3,1,0.0371837040365888,3,1,-0.01516455972647522,0,0,0,0
BTC,2015-02-01,7,0.10209879395031782,4.535178974621771e-4,3,1,0.03680293646095031,3,1,0.10209879395031782,0,0,0,0
BTC,2015-02-02,7,-0.0512208334289853,4.491307910842585e-4,3,1,0.036600450921942945,3,1,-0.0512208334289853,0,0,0,0
BTC,2015-02-03,9,0.03215575087411161,4.5119939283511047e-4,3,1,0.03668211311179622,3,1,0.03215575087411161,0,0,0,0
BTC,2015-02-04,3,-0.028236729752769724,4.491449601829797e-4,3,1,0.03672651487806024,3,1,-0.028236729752769724,0,0,0,0
BTC,2015-02-05,6,-0.05336729653532335,4.5380757535556183e-4,3,1,0.036702514317070015,3,1,-0.05336729653532335,0,0,0,0
BTC,2015-02-06,6,0.022399775864833393,4.5322622647450656e-4,3,1,0.036681131720581996,3,1,0.022399775864833393,0,0,0,0
BTC,2015-02-07,4,0.03430260722958592,4.564850785270664e-4,3,1,0.03679781064648435,3,1,0.03430260722958592,0,0,0,0
BTC,2015-02-08,4,-0.0018677629228984714,4.559115953085881e-4,3,1,0.03678082344191225,3,1,-0.0018677629228984714,0,0,0,0
BTC,2015-02-09,6,-0.03566470406380032,4.6031052383118244e-4,3,1,0.036964266090688695,3,1,-0.03566470406380032,0,0,0,0
BTC,2015-02-10,4,-0.028382730974242144,4.600396794536826e-4,3,1,0.036947045467136765,3,1,-0.028382730974242144,0,0,0,0
BTC,2015-02-11,3,-0.0370000282886095,4.594371538833217e-4,3,1,0.03696946274553935,3,1,-0.0370000282886095,0,0,0,0
BTC,2015-02-12,2,0.07796149682685391,4.604036380227117e-4,3,1,0.03700107704608749,3,1,0.07796149682685391,0,0,0,0
BTC,2015-02-13,13,0.038545821973796204,4.498334625697259e-4,3,1,0.036933584966826,3,1,0.038545821973796204,0,0,0,0
BTC,2015-02-14,13,0.07126908867626847,4.467308804613605e-4,3,1,0.03707221006019839,3,1,0.07126908867626847,0,0,0,0
BTC,2015-02-15,10,-0.0607152259208627,4.5935531455844835e-4,3,1,0.03773948114198961,3,1,-0.0607152259208627,0,0,0,0
BTC,2015-02-16,7,0.06334201289316974,4.6018610730327246e-4,3,1,0.03784817824160207,3,1,0.06334201289316974,0,0,0,0
BTC,2015-02-17,3,-0.0026950293007616116,4.6423822608624755e-4,3,1,0.038054658786299454,3,1,-0.0026950293007616116,0,0,0,0
BTC,2015-02-18,7,-0.05756082813530127,4.622760405252931e-4,3,1,0.038087588667088806,3,1,-0.05756082813530127,0,0,0,0
BTC,2015-02-19,5,0.017223655828717214,4.6202520533005235e-4,3,1,0.03808656096845407,3,1,0.017223655828717214,0,0,0,0
BTC,2015-02-20,10,-4.048395149253842e-5,4.554960077496338e-4,3,1,0.03800023489011585,3,1,-4.048395149253842e-5,0,0,0,0
BTC,2015-02-21,1,1.2507012824994036e-4,4.53985628749843e-4,3,1,0.037937180095291324,3,1,1.2507012824994036e-4,0,0,0,0
BTC,2015-02-22,6,-0.02155457525980601,4.4766245211735846e-4,3,1,0.03778883750657958,3,1,-0.02155457525980601,0,0,0,0
BTC,2015-02-23,7,0.004755059741707644,4.43667666453363e-4,3,1,0.03779791596098878,3,1,0.004755059741707644,0,0,0,0
BTC,2015-02-24,2,0.007930099785607997,4.454570121160951e-4,3,1,0.03779916452184755,3,1,0.007930099785607997,0,0,0,0
BTC,2015-02-25,4,-0.004145049448340174,4.4367345326555454e-4,3,1,0.037746966702051195,3,1,-0.004145049448340174,0,0,0,0
BTC,2015-02-26,6,0.010991600255517556,4.389141155340129e-4,3,1,0.03768271090981274,3,1,0.010991600255517556,0,0,0,0
BTC,2015-02-27,14,0.030482587762490024,4.59914753180722e-4,3,0.9285714285714286,0.037659393986539995,3,1,0.030482587762490024,0.07142857142857144,-1.2291025971728018e-4,0,0
BTC,2015-02-28,11,0.012301008849489823,4.4272721548667426e-4,3,1,0.03667182024795687,3,1,0.012301008849489823,0,0,0,0
BTC,2015-03-01,9,-8.662340944757263e-4,4.4113364450058736e-4,3,1,0.0367239991472679,3,1,-8.662340944757263e-4,0,0,0,0
BTC,2015-03-02,8,0.08243763496616395,4.342739002756946e-4,3,1,0.03673283990495414,3,1,0.08243763496616395,0,0,0,0
BTC,2015-03-03,12,0.018566721662193815,4.2972122093965463e-4,2,0.8333333333333334,0.03664307527437992,3,1,0.018566721662193815,0.16666666666666666,-0.0020316034027257797,0,0
BTC,2015-03-04,16,-0.006029117469765275,4.2425564960336086e-4,2,0,0.03642458945949217,3,1,-0.006029117469765275,1,-0.006029117469765275,0,0
BTC,2015-03-05,11,-0.009481810188693474,4.226421585059366e-4,2,0,0.03641366984311117,3,1,-0.009481810188693474,1,-0.009481810188693474,0,0
BTC,2015-03-06,7,-0.04584619264285353,4.2432982316648526e-4,2,0,0.03645500213033188,3,1,-0.04584619264285353,1,-0.04584619264285353,0,0
BTC,2015-03-07,3,0.03749651340908608,4.240965521552784e-4,2,0,0.03641402018582525,3,1,0.03749651340908608,1,0.03749651340908608,0,0
BTC,2015-03-08,3,5.258787242811008e-4,4.245264661349307e-4,2,0,0.03644128263563312,3,1,5.258787242811008e-4,1,5.258787242811008e-4,0,0
BTC,2015-03-09,9,0.09502735095539461,4.233851401389263e-4,2,0,0.03633504458677816,3,1,0.09502735095539461,1,0.09502735095539461,0,0
BTC,2015-03-10,8,-0.02040829924047068,4.1853352793939236e-4,2,0,0.0362981330405832,3,1,-0.02040829924047068,1,-0.02040829924047068,0,0
BTC,2015-03-11,12,0.016013705136488535,4.098250649296442e-4,2,0,0.03618953403380502,3,1,0.016013705136488535,1,0.016013705136488535,0,0
BTC,2015-03-12,8,-0.018504571091992855,4.094738164228202e-4,2,0,0.03618873135656508,3,1,-0.018504571091992855,1,-0.018504571091992855,0,0
BTC,2015-03-13,8,-0.01138192812043878,4.0001403070460235e-4,2,0,0.036268473919933326,3,1,-0.01138192812043878,1,-0.01138192812043878,0,0
BTC,2015-03-14,14,-0.016382126344666736,3.9584210663397355e-4,2,0,0.036299660724303136,3,1,-0.016382126344666736,1,-0.016382126344666736,0,0
BTC,2015-03-15,4,0.0198921333850635,3.9567481551833065e-4,2,0,0.036258096223700825,3,1,0.0198921333850635,1,0.0198921333850635,0,0
BTC,2015-03-16,9,0.022121457699205982,3.9396880939752596e-4,2,0,0.03617129343810183,3,1,0.022121457699205982,1,0.022121457699205982,0,0
BTC,2015-03-17,8,-0.02143003012368675,3.923666818157677e-4,2,0,0.03621970434014871,3,1,-0.02143003012368675,1,-0.02143003012368675,0,0
BTC,2015-03-18,12,-0.11270989936501877,3.8520748577815364e-4,2,0,0.03610412487164429,3,1,-0.11270989936501877,1,-0.11270989936501877,0,0
BTC,2015-03-19,10,-0.009678423972334682,3.896257831568733e-4,2,0,0.03632464271309037,3,1,-0.009678423972334682,1,-0.009678423972334682,0,0
BTC,2015-03-20,7,0.06632482663417034,3.874097459963898e-4,2,0,0.03621963403292929,3,1,0.06632482663417034,1,0.06632482663417034,0,0
BTC,2015-03-21,2,-0.0481286030377005,3.929141548000929e-4,2,0,0.03623668150685341,3,1,-0.0481286030377005,1,-0.0481286030377005,0,0
BTC,2015-03-22,5,0.04391283908658081,3.9089481152447265e-4,2,0,0.03623903737016105,3,1,0.04391283908658081,1,0.04391283908658081,0,0
BTC,2015-03-23,5,-0.017706326034978043,3.9160178038945005e-4,2,0,0.03625917515438748,3,1,-0.017706326034978043,1,-0.017706326034978043,0,0
BTC,2015-03-24,11,-0.07627798439420763,3.9011439999852616e-4,2,0,0.03625749137973299,3,1,-0.07627798439420763,1,-0.07627798439420763,0,0
BTC,2015-03-25,11,0.0159773078570865,3.873284094251412e-4,2,0,0.036008296418293534,3,1,0.0159773078570865,1,0.0159773078570865,0,0
BTC,2015-03-26,7,0.0036605841118251825,3.8644237064060244e-4,2,0,0.03590679972962062,3,1,0.0036605841118251825,1,0.0036605841118251825,0,0
BTC,2015-03-27,3,4.0285891453436043e-4,3.6036418547462444e-4,2,0,0.03467459679070326,3,1,4.0285891453436043e-4,1,4.0285891453436043e-4,0,0
BTC,2015-03-28,19,0.0019821612039911275,3.5929785541252024e-4,2,0,0.034336513706689456,3,1,0.0019821612039911275,1,0.0019821612039911275,0,0
BTC,2015-03-29,3,-0.03593149727256014,3.594348374739977e-4,2,0,0.034362901453753765,3,1,-0.03593149727256014,1,-0.03593149727256014,0,0
BTC,2015-03-30,10,0.0992301039942541,3.638759141260753e-4,2,0,0.03458835661493195,3,1,0.0992301039942541,1,0.0992301039942541,0,0
BTC,2015-03-31,2,-0.09581369764998479,3.660311782597063e-4,2,0,0.03468558395484773,3,1,-0.09581369764998479,1,-0.09581369764998479,0,0
BTC,2015-04-01,9,-0.005935501418415929,3.645860175075039e-4,2,0,0.03447932648043992,3,1,-0.005935501418415929,1,-0.005935501418415929,0,0
BTC,2015-04-02,15,0.04042883235881234,3.62633114337409e-4,2,0,0.03446043873762013,3,1,0.04042883235881234,1,0.04042883235881234,0,0
BTC,2015-04-03,11,-3.9913102559055837e-4,3.681114775194435e-4,2,0,0.03432512479426565,3,1,-3.9913102559055837e-4,1,-3.9913102559055837e-4,0,0
BTC,2015-04-04,7,-0.013310785494180867,3.6731592230354826e-4,2,0,0.03423374047592532,3,1,-0.013310785494180867,1,-0.013310785494180867,0,0
BTC,2015-04-05,4,0.04098190475853351,3.669476155174294e-4,2,0,0.03419801164598104,3,1,0.04098190475853351,1,0.04098190475853351,0,0
BTC,2015-04-06,8,-0.02167507154330427,3.764214990791697e-4,2,0,0.034247366062142244,3,1,-0.02167507154330427,1,-0.02167507154330427,0,0
BTC,2015-04-07,17,-0.022146749160448276,3.6395640779445795e-4,2,0,0.033739114493182544,3,1,-0.022146749160448276,1,-0.022146749160448276,0,0
BTC,2015-04-08,17,0.0024465786900076496,3.677729994716651e-4,2,0,0.03365118518952153,3,1,0.0024465786900076496,1,0.0024465786900076496,0,0
BTC,2015-04-09,13,-7.582539477656765e-4,3.6810963199779403e-4,2,0,0.03328772994113334,3,1,-7.582539477656765e-4,1,-7.582539477656765e-4,0,0
BTC,2015-04-10,15,-0.027556951510258814,3.749078726029004e-4,2,0,0.03262284060620466,3,1,-0.027556951510258814,1,-0.027556951510258814,0,0
BTC,2015-04-11,15,-0.04172301901758482,3.5797964976010414e-4,2,0,0.030673912165057035,3,1,-0.04172301901758482,1,-0.04172301901758482,0,0
BTC,2015-04-12,8,0.031389996197975854,3.5134051821753616e-4,2,0,0.03007893547296681,3,1,0.031389996197975854,1,0.031389996197975854,0,0
BTC,2015-04-13,22,-0.05157632153746608,3.3823230002854573e-4,2,0,0.02847084941816931,2,1,-0.05157632153746608,1,-0.05157632153746608,0.6363636363636364,-0.04082119198094786
BTC,2015-04-14,19,-0.026476109281003662,3.1873714498823684e-4,2,0,0.02760615686865136,2,1,-0.026476109281003662,1,-0.026476109281003662,1,-0.026476109281003662
BTC,2015-04-15,6,-0.00846337913646758,3.154536054200059e-4,2,0,0.027543133192161947,2,1,-0.00846337913646758,1,-0.00846337913646758,1,-0.00846337913646758
BTC,2015-04-16,18,0.05948749772710103,3.192240927306321e-4,2,0,0.027151502954081225,2,1,0.05948749772710103,1,0.05948749772710103,1,0.05948749772710103
BTC,2015-04-17,5,-0.0464110623611518,3.193553734786609e-4,2,0,0.027172389014704416,2,1,-0.0464110623611518,1,-0.0464110623611518,1,-0.0464110623611518
BTC,2015-04-18,4,-0.004409589781228206,3.178257256559995e-4,2,0,0.02712475736455583,2,1,-0.004409589781228206,1,-0.004409589781228206,1,-0.004409589781228206
BTC,2015-04-19,7,0.021229087359615505,3.32896322022806e-4,2,0,0.026994277965720338,2,1,0.021229087359615505,1,0.021229087359615505,1,0.021229087359615505
BTC,2015-04-20,9,-0.010643661667115185,3.229116148492703e-4,2,0,0.026528817839515446,2,1,-0.010643661667115185,1,-0.010643661667115185,1,-0.010643661667115185
BTC,2015-04-21,18,0.04431230851480838,2.5920282997335647e-4,2,0,0.023749149645453622,2,1,0.04431230851480838,1,0.04431230851480838,1,0.04431230851480838
BTC,2015-04-22,20,-0.005490195551531685,2.5282253780778614e-4,2,0,0.02294372100904054,2,1,-0.005490195551531685,1,-0.005490195551531685,1,-0.005490195551531685
BTC,2015-04-23,12,0.008274881041499664,2.568623198234534e-4,2,0,0.02277892240968027,2,1,0.008274881041499664,1,0.008274881041499664,1,0.008274881041499664
BTC,2015-04-24,20,-0.01821610232069304,2.3887747432991402e-4,1,0,0.022244258111843867,2,1,-0.01821610232069304,1,-0.01821610232069304,1,-0.01821610232069304
BTC,2015-04-25,10,-0.015149078300317653,2.363038659785107e-4,1,0,0.02196212282125803,2,1,-0.015149078300317653,1,-0.015149078300317653,1,-0.015149078300317653
BTC,2015-04-26,15,-0.0328085051373787,2.3021423452422043e-4,1,0,0.021754944680825696,2,1,-0.0328085051373787,1,-0.0328085051373787,1,-0.0328085051373787
BTC,2015-04-27,12,0.03618759769156801,2.2400168971903981e-4,1,0,0.02144729651158462,2,1,0.03618759769156801,1,0.03618759769156801,1,0.03618759769156801
BTC,2015-04-28,17,0.007355906661557228,2.191618390174742e-4,1,0,0.02122172166478083,2,1,0.007355906661557228,1,0.007355906661557228,1,0.007355906661557228
BTC,2015-04-29,15,-0.017306281324414773,2.143266946077462e-4,1,0,0.020848977000497985,2,1,-0.017306281324414773,1,-0.017306281324414773,1,-0.017306281324414773
BTC,2015-04-30,16,0.048821769232565766,1.8385667390048233e-4,1,0,0.019234617345776542,2,1,0.048821769232565766,1,0.048821769232565766,1,0.048821769232565766
BTC,2015-05-01,12,-0.02580333951913074,1.6933034486204485e-4,1,0,0.018560245824125143,1,1,-0.02580333951913074,1,-0.02580333951913074,1,-0.02580333951913074
BTC,2015-05-02,8,0.012387451542821986,1.690127269565382e-4,1,0,0.0185729605222102,1,1,0.012387451542821986,1,0.012387451542821986,1,0.012387451542821986
BTC,2015-05-03,15,0.026197709417817027,1.713763842305395e-4,1,0,0.018497857361529483,1,1,0.026197709417817027,1,0.026197709417817027,1,0.026197709417817027
BTC,2015-05-04,13,-0.014437162930475544,1.7393396328585782e-4,1,0,0.018467168142636794,1,1,-0.014437162930475544,1,-0.014437162930475544,1,-0.014437162930475544
BTC,2015-05-05,11,-0.0055978093614516625,1.8117865336540333e-4,1,0,0.018386813387419314,1,1,-0.0055978093614516625,1,-0.0055978093614516625,1,-0.0055978093614516625
BTC,2015-05-06,15,-0.03559094510270264,1.82833283805475e-4,1,0,0.018370376627873743,1,1,-0.03559094510270264,1,-0.03559094510270264,1,-0.03559094510270264
BTC,2015-05-07,14,0.03974200004307255,1.8486852172343722e-4,1,0,0.01828332817515687,1,1,0.03974200004307255,1,0.03974200004307255,1,0.03974200004307255
BTC,2015-05-08,16,0.01650911661987001,1.8500707021953356e-4,1,0,0.017934364253122986,1,1,0.01650911661987001,1,0.01650911661987001,1,0.01650911661987001
BTC,2015-05-09,12,0.005115856711343774,1.8435293112575277e-4,1,0,0.017812964512368155,1,1,0.005115856711343774,1,0.005115856711343774,1,0.005115856711343774
BTC,2015-05-10,11,-0.010412246553552508,1.8674579447427864e-4,1,0,0.017746776801266288,1,1,-0.010412246553552508,1,-0.010412246553552508,1,-0.010412246553552508
BTC,2015-05-11,12,0.010871056348468022,1.834372258270968e-4,1,0,0.017639112662534345,1,1,0.010871056348468022,1,0.010871056348468022,1,0.010871056348468022
BTC,2015-05-12,8,-0.0026186701809524527,1.7564685404698123e-4,1,0,0.017445722450255507,1,1,-0.0026186701809524527,1,-0.0026186701809524527,1,-0.0026186701809524527
BTC,2015-05-13,12,-0.02575068539986756,1.6457202173731657e-4,1,0,0.017152039376337042,1,1,-0.02575068539986756,1,-0.02575068539986756,1,-0.02575068539986756
BTC,2015-05-14,11,0.005852249851456054,1.6603922083150427e-4,1,0,0.017077508720412773,1,1,0.005852249851456054,1,0.005852249851456054,1,0.005852249851456054
BTC,2015-05-15,5,0.010541318190260784,1.6592764041629499e-4,1,0,0.017021851018901437,1,1,0.010541318190260784,1,0.010541318190260784,1,0.010541318190260784
BTC,2015-05-16,6,-0.006837271943534187,1.693422682687111e-4,1,0,0.01702887404432877,1,1,-0.006837271943534187,1,-0.006837271943534187,1,-0.006837271943534187
BTC,2015-05-17,6,-0.0062975871408282365,1.6910859675483636e-4,1,0,0.017007735901635426,1,1,-0.0062975871408282365,1,-0.0062975871408282365,1,-0.0062975871408282365
BTC,2015-05-18,6,-0.010774391400598209,1.683518160241244e-4,1,0,0.0166148868984164,1,1,-0.010774391400598209,1,-0.010774391400598209,1,-0.010774391400598209
BTC,2015-05-19,7,-0.0023382657794613743,1.6619312845023808e-4,1,0,0.01649676940480712,1,1,-0.0023382657794613743,1,-0.0023382657794613743,1,-0.0023382657794613743
BTC,2015-05-20,9,0.008633884817476152,1.6509995409839313e-4,1,0,0.016413716825712958,1,1,0.008633884817476152,1,0.008633884817476152,1,0.008633884817476152
BTC,2015-05-21,9,0.005453462287082135,1.6401679948211661e-4,1,0,0.01635462823698536,1,1,0.005453462287082135,1,0.005453462287082135,1,0.005453462287082135
BTC,2015-05-22,15,0.0063440000387321345,1.6028561493640394e-4,1,0,0.016294061389848798,1,1,0.0063440000387321345,1,0.0063440000387321345,1,0.0063440000387321345
BTC,2015-05-23,12,-8.413404011074974e-4,1.5087736472041833e-4,1,0,0.01576411449422771,1,1,-8.413404011074974e-4,1,-8.413404011074974e-4,1,-8.413404011074974e-4
BTC,2015-05-24,9,0.00997501356072456,1.3699059393774434e-4,1,0,0.01505906078818262,1,1,0.00997501356072456,1,0.00997501356072456,1,0.00997501356072456
BTC,2015-05-25,10,-0.015043691033422138,1.2805800660084326e-4,1,0,0.014668129149547904,1,1,-0.015043691033422138,1,-0.015043691033422138,1,-0.015043691033422138
BTC,2015-05-26,10,-7.305687378131561e-4,1.2836533352787055e-4,1,0,0.014555731883029385,1,1,-7.305687378131561e-4,1,-7.305687378131561e-4,1,-7.305687378131561e-4
BTC,2015-05-27,7,-0.0030446592147002735,1.2653923870596008e-4,1,0,0.014415536450539114,1,1,-0.0030446592147002735,1,-0.0030446592147002735,1,-0.0030446592147002735
BTC,2015-05-28,5,0.0022612324871536717,1.2632268188371266e-4,1,0,0.014357065198135186,1,1,0.0022612324871536717,1,0.0022612324871536717,1,0.0022612324871536717
BTC,2015-05-29,3,-0.003912872006321959,1.2333061274389282e-4,1,0,0.014220918019722261,1,1,-0.003912872006321959,1,-0.003912872006321959,1,-0.003912872006321959
BTC,2015-05-30,4,-0.008972725952753051,1.2252945331960808e-4,1,0,0.01423662372841747,1,1,-0.008972725952753051,1,-0.008972725952753051,1,-0.008972725952753051
BTC,2015-05-31,11,-0.02269274893843649,1.0837401176085999e-4,1,0,0.01338303971005234,1,1,-0.02269274893843649,1,-0.02269274893843649,1,-0.02269274893843649
BTC,2015-06-01,9,-5.298217578123803e-4,1.0668888611393488e-4,1,0,0.01346040620088933,1,1,-5.298217578123803e-4,1,-5.298217578123803e-4,1,-5.298217578123803e-4
BTC,2015-06-02,9,0.00887716552676805,1.077675629718339e-4,1,0,0.013535334573737911,1,1,0.00887716552676805,1,0.00887716552676805,1,0.00887716552676805
BTC,2015-06-03,8,-0.010941465111573257,1.0396216875213278e-4,1,0,0.0133734515162443,1,1,-0.010941465111573257,1,-0.010941465111573257,1,-0.010941465111573257
BTC,2015-06-04,7,-0.01708346501598915,8.935342647406739e-5,1,0,0.012492433733332893,1,1,-0.01708346501598915,1,-0.01708346501598915,1,-0.01708346501598915
BTC,2015-06-05,8,0.008255938383939695,8.596710138001999e-5,1,0,0.012396356710365337,1,1,0.008255938383939695,1,0.008255938383939695,1,0.008255938383939695
BTC,2015-06-06,3,-0.005810900420600326,8.554102383687098e-5,1,0,0.012378322479011192,1,1,-0.005810900420600326,1,-0.005810900420600326,1,-0.005810900420600326
BTC,2015-06-07,2,0.0028747477902467218,8.506101254545894e-5,1,0,0.01233872128765606,1,1,0.0028747477902467218,1,0.0028747477902467218,1,0.0028747477902467218
BTC,2015-06-08,7,0.02065570179869824,8.2589104765536e-5,1,0,0.012250395791596435,1,1,0.02065570179869824,1,0.02065570179869824,1,0.02065570179869824
BTC,2015-06-09,3,0.00821751113459078,8.335453570051187e-5,1,0,0.012260348288077951,1,1,0.00821751113459078,1,0.00821751113459078,1,0.00821751113459078
BTC,2015-06-10,3,-0.015953638098991973,8.258620949833002e-5,1,0,0.012245606931590368,1,1,-0.015953638098991973,1,-0.015953638098991973,1,-0.015953638098991973
BTC,2015-06-11,4,0.0072776052736837175,8.046576807683854e-5,1,0,0.012235841778878546,1,1,0.0072776052736837175,1,0.0072776052736837175,1,0.0072776052736837175
BTC,2015-06-12,6,0.0022690658714579343,7.897479944535585e-5,1,0,0.012227510209834438,1,1,0.0022690658714579343,1,0.0022690658714579343,1,0.0022690658714579343
BTC,2015-06-13,3,0.006939137156618328,7.848519331496384e-5,1,0,0.012263162705673854,1,1,0.006939137156618328,1,0.006939137156618328,1,0.006939137156618328
BTC,2015-06-14,6,0.0047704550800958525,7.767085149459224e-5,1,0,0.012216559269127033,1,1,0.0047704550800958525,1,0.0047704550800958525,1,0.0047704550800958525
BTC,2015-06-15,8,0.014497388392539945,7.573728972170385e-5,1,0,0.012071845659332957,1,1,0.014497388392539945,1,0.014497388392539945,1,0.014497388392539945
BTC,2015-06-16,18,0.05843066805021466,6.86505934361058e-5,1,0,0.012015919103858986,1,1,0.05843066805021466,1,0.05843066805021466,1,0.05843066805021466
BTC,2015-06-17,16,-0.01892998672266312,6.211894302743021e-5,1,0,0.011584047712830493,1,1,-0.01892998672266312,1,-0.01892998672266312,1,-0.01892998672266312
BTC,2015-06-18,9,0.010050335853501572,5.956504043716187e-5,1,0,0.011428210995821805,1,1,0.010050335853501572,1,0.010050335853501572,1,0.010050335853501572
BTC,2015-06-19,11,-0.008113634774169855,5.206361852940276e-5,1,0,0.011035174486964472,1,1,-0.008113634774169855,1,-0.008113634774169855,1,-0.008113634774169855
BTC,2015-06-20,10,-0.00673214166736081,4.9788419634997756e-5,1,0,0.010755807267136505,1,1,-0.00673214166736081,1,-0.00673214166736081,1,-0.00673214166736081
BTC,2015-06-21,9,-0.011767872076559572,4.6706719246162645e-5,1,0,0.01049846042493665,1,1,-0.011767872076559572,1,-0.011767872076559572,1,-0.011767872076559572
BTC,2015-06-22,12,0.028972762608808423,4.5191446205322936e-5,1,0,0.010382495733186156,1,1,0.028972762608808423,1,0.028972762608808423,1,0.028972762608808423
BTC,2015-06-23,5,-0.01774105431118989,4.4959510099635e-5,1,0,0.010398489801380102,1,1,-0.01774105431118989,1,-0.01774105431118989,1,-0.01774105431118989
BTC,2015-06-24,5,-0.008451799892340251,4.4880774362189656e-5,1,0,0.010382507705393732,1,1,-0.008451799892340251,1,-0.008451799892340251,1,-0.008451799892340251
BTC,2015-06-25,8,0.0015217804071834436,4.4715082520936625e-5,1,0,0.010387333816061465,1,1,0.0015217804071834436,1,0.0015217804071834436,1,0.0015217804071834436
BTC,2015-06-26,7,-1.6089614642974078e-4,4.2990996371369755e-5,1,0,0.01014129658416465,1,1,-1.6089614642974078e-4,1,-1.6089614642974078e-4,1,-1.6089614642974078e-4
BTC,2015-06-27,9,0.040203621548910926,4.2326690528668575e-5,1,0,0.010090998045878964,1,1,0.040203621548910926,1,0.040203621548910926,1,0.040203621548910926
BTC,2015-06-28,11,-0.013698502168913843,4.085954240401074e-5,1,0,0.009956329260274687,1,1,-0.013698502168913843,1,-0.013698502168913843,1,-0.013698502168913843
BTC,2015-06-29,13,0.07728850819257184,3.970880350087339e-5,1,0,0.010037598336839664,1,1,0.07728850819257184,1,0.07728850819257184,1,0.07728850819257184
BTC,2015-06-30,16,-0.019906064005522153,3.904800260329373e-5,1,0,0.010105090688006607,1,1,-0.019906064005522153,1,-0.019906064005522153,1,-0.019906064005522153
BTC,2015-07-01,8,-0.019464235014300304,3.8710244067487724e-5,1,0,0.010203524202884832,1,1,-0.019464235014300304,1,-0.019464235014300304,1,-0.019464235014300304
BTC,2015-07-02,8,-0.013132672598429072,3.8778184081392565e-5,1,0,0.010165953912894194,1,1,-0.013132672598429072,1,-0.013132672598429072,1,-0.013132672598429072
BTC,2015-07-03,6,0.0028744117685071072,4.38395350989944e-5,1,0,0.010849950534952421,1,1,0.0028744117685071072,1,0.0028744117685071072,1,0.0028744117685071072
BTC,2015-07-04,7,0.02523789308040875,4.456880568041479e-5,1,0,0.010885639779686547,1,1,0.02523789308040875,1,0.02523789308040875,1,0.02523789308040875
BTC,2015-07-05,14,0.03430924746655477,4.509806616792103e-5,1,0,0.010953726167882703,1,1,0.03430924746655477,1,0.03430924746655477,1,0.03430924746655477
BTC,2015-07-06,18,0.012626956560004387,4.3590171946488136e-5,1,0,0.01090579996019248,1,1,0.012626956560004387,1,0.012626956560004387,1,0.012626956560004387
BTC,2015-07-07,9,-0.03418949634768202,4.295801883403594e-5,1,0,0.010889933522415221,1,1,-0.03418949634768202,1,-0.03418949634768202,1,-0.03418949634768202
BTC,2015-07-08,14,0.017483849512291153,4.320499089562127e-5,1,0,0.010890258907445353,1,1,0.017483849512291153,1,0.017483849512291153,1,0.017483849512291153
BTC,2015-07-09,17,0.0072299030268401475,4.296853292145737e-5,1,0,0.010862696642396807,1,1,0.0072299030268401475,1,0.0072299030268401475,1,0.0072299030268401475
BTC,2015-07-10,21,0.04507269404509293,3.920096927644354e-5,1,0,0.010703078800899131,1,1,0.04507269404509293,1,0.04507269404509293,1,0.04507269404509293
BTC,2015-07-11,16,0.031344421457392906,3.9564990667646417e-5,1,0,0.010834636377936887,1,1,0.031344421457392906,1,0.031344421457392906,1,0.031344421457392906
BTC,2015-07-12,23,0.05679460257603634,3.739137042680989e-5,1,0,0.010752142474343631,1,1,0.05679460257603634,1,0.05679460257603634,1,0.05679460257603634
BTC,2015-07-13,22,-0.06850799903796895,3.529625200805304e-5,1,0,0.011072031106106483,1,1,-0.06850799903796895,1,-0.06850799903796895,1,-0.06850799903796895
BTC,2015-07-14,18,-0.005088757773865024,3.489383415477921e-5,1,0,0.011001358575868994,1,1,-0.005088757773865024,1,-0.005088757773865024,1,-0.005088757773865024
BTC,2015-07-15,15,-0.009984104637125,3.505567781438106e-5,1,0,0.01103124585222127,1,1,-0.009984104637125,1,-0.009984104637125,1,-0.009984104637125
BTC,2015-07-16,15,-0.031922243829965856,3.5056818868056985e-5,1,0,0.011116041326740947,1,1,-0.031922243829965856,1,-0.031922243829965856,1,-0.031922243829965856
BTC,2015-07-17,10,0.01263606596286384,3.5324399184285395e-5,1,0,0.01115669413696366,1,1,0.01263606596286384,1,0.01263606596286384,1,0.01263606596286384
BTC,2015-07-18,8,-0.008488741673680054,3.5072289477111714e-5,1,0,0.01103438296309227,1,1,-0.008488741673680054,1,-0.008488741673680054,1,-0.008488741673680054
BTC,2015-07-19,4,-0.008924275650256577,3.515020171774824e-5,1,0,0.011033364403704478,1,1,-0.008924275650256577,1,-0.008924275650256577,1,-0.008924275650256577
BTC,2015-07-20,8,0.007319016831285303,3.3410900076280517e-5,1,0,0.010906577672540625,1,1,0.007319016831285303,1,0.007319016831285303,1,0.007319016831285303
BTC,2015-07-21,12,-3.029669306376624e-4,3.316050925274514e-5,1,0,0.010881688863689119,1,1,-3.029669306376624e-4,1,-3.029669306376624e-4,1,-3.029669306376624e-4
BTC,2015-07-22,7,-0.0018216091103639275,3.240424548281661e-5,1,0,0.010865467499526932,1,1,-0.0018216091103639275,1,-0.0018216091103639275,1,-0.0018216091103639275
BTC,2015-07-23,11,-3.069340025722393e-4,3.176226949738221e-5,1,0,0.01077514838525558,1,1,-3.069340025722393e-4,1,-3.069340025722393e-4,1,-3.069340025722393e-4
BTC,2015-07-24,12,0.043708699053392766,3.144930833855419e-5,1,0,0.010765007685826828,1,1,0.043708699053392766,1,0.043708699053392766,1,0.043708699053392766
BTC,2015-07-25,10,-0.0011925760759598832,3.1624441330805574e-5,1,0,0.01077541966794038,1,1,-0.0011925760759598832,1,-0.0011925760759598832,1,-0.0011925760759598832
BTC,2015-07-26,8,0.008165524968244272,3.220540570307641e-5,1,0,0.010763099916941809,1,1,0.008165524968244272,1,0.008165524968244272,1,0.008165524968244272
BTC,2015-07-27,11,0.016400641550784533,3.2129321341097086e-5,1,0,0.010745877387747037,1,1,0.016400641550784533,1,0.016400641550784533,1,0.016400641550784533
BTC,2015-07-28,8,-0.008620489094593163,3.196310282500668e-5,1,0,0.010775341107074883,1,1,-0.008620489094593163,1,-0.008620489094593163,1,-0.008620489094593163
BTC,2015-07-29,10,-0.0066559410205778435,3.159697775733177e-5,1,0,0.010754510597357193,1,1,-0.0066559410205778435,1,-0.0066559410205778435,1,-0.0066559410205778435
BTC,2015-07-30,10,-0.012465694649509225,3.145113778271705e-5,1,0,0.010785510288506805,1,1,-0.012465694649509225,1,-0.012465694649509225,1,-0.012465694649509225
BTC,2015-07-31,5,0.01884823001048089,3.1796318581153386e-5,1,0,0.010854509137426692,1,1,0.01884823001048089,1,0.01884823001048089,1,0.01884823001048089
BTC,2015-08-01,12,-0.03541738229274255,3.3093131569145386e-5,1,0,0.011165335628435587,1,1,-0.03541738229274255,1,-0.03541738229274255,1,-0.03541738229274255
BTC,2015-08-02,6,0.002023951302137639,3.456124771935479e-5,1,0,0.01137331663318499,1,1,0.002023951302137639,1,0.002023951302137639,1,0.002023951302137639
BTC,2015-08-03,7,1.0170659410794819e-4,3.439426606699439e-5,1,0,0.011380275236139102,1,1,1.0170659410794819e-4,1,1.0170659410794819e-4,1,1.0170659410794819e-4
BTC,2015-08-04,5,0.013326933764143883,3.374311055624951e-5,1,0,0.011290993938626639,1,1,0.013326933764143883,1,0.013326933764143883,1,0.013326933764143883
BTC,2015-08-05,7,-0.023489214593140274,3.427963497624957e-5,1,0,0.011356934950265834,1,1,-0.023489214593140274,1,-0.023489214593140274,1,-0.023489214593140274
BTC,2015-08-06,9,-0.008327710704804928,3.497442118222218e-5,1,0,0.011440934498515663,1,1,-0.008327710704804928,1,-0.008327710704804928,1,-0.008327710704804928
BTC,2015-08-07,12,0.007812987528538318,3.655803982827528e-5,1,0,0.01180038213207095,1,1,0.007812987528538318,1,0.007812987528538318,1,0.007812987528538318
BTC,2015-08-08,17,-0.06113358965644202,3.705369401011952e-5,1,0,0.01187070438624125,1,1,-0.06113358965644202,1,-0.06113358965644202,1,-0.06113358965644202
BTC,2015-08-09,15,0.020860646013844457,3.7755042472880105e-5,1,0,0.011971468333111747,1,1,0.020860646013844457,1,0.020860646013844457,1,0.020860646013844457
BTC,2015-08-10,13,-0.010889591501360518,3.9498430197975584e-5,1,0,0.012221058019429352,1,1,-0.010889591501360518,1,-0.010889591501360518,1,-0.010889591501360518
BTC,2015-08-11,19,0.011744512397665479,3.794336766320525e-5,1,0,0.012098492802278163,1,1,0.011744512397665479,1,0.011744512397665479,1,0.011744512397665479
BTC,2015-08-12,19,-0.011078174036657755,3.724701316582299e-5,1,0,0.012008059099057274,1,1,-0.011078174036657755,1,-0.011078174036657755,1,-0.011078174036657755
BTC,2015-08-13,18,-0.006859564357400793,3.623381445546427e-5,1,0,0.011957032451698177,1,1,-0.006859564357400793,1,-0.006859564357400793,1,-0.006859564357400793
BTC,2015-08-14,21,0.010502759906540371,3.3602283616192734e-5,1,0,0.011916387523188639,1,1,0.010502759906540371,1,0.010502759906540371,1,0.010502759906540371
BTC,2015-08-15,20,-0.010427310261403745,3.233560503004658e-5,1,0,0.011889990945858768,1,1,-0.010427310261403745,1,-0.010427310261403745,1,-0.010427310261403745
BTC,2015-08-16,21,-0.018266185122843122,3.131495616006448e-5,1,0,0.011825642612878188,1,1,-0.018266185122843122,1,-0.018266185122843122,1,-0.018266185122843122
BTC,2015-08-17,16,-0.0068598314556659245,3.130568055976053e-5,1,0,0.011775850902561266,1,1,-0.0068598314556659245,1,-0.0068598314556659245,1,-0.0068598314556659245
BTC,2015-08-18,16,-0.14824946076330822,3.042288338760958e-5,1,0,0.012573748193695677,1,1,-0.14824946076330822,1,-0.14824946076330822,1,-0.14824946076330822
BTC,2015-08-19,20,0.03126026673122602,3.1948369331199893e-5,1,0,0.013178869607370644,1,1,0.03126026673122602,1,0.03126026673122602,1,0.03126026673122602
BTC,2015-08-20,22,0.029084316718314903,2.897705119878033e-5,1,0,0.013212523454919578,1,1,0.029084316718314903,1,0.029084316718314903,1,0.029084316718314903
BTC,2015-08-21,20,-0.010990709477755878,2.8549331968716206e-5,1,0,0.01322579830223201,1,1,-0.010990709477755878,1,-0.010990709477755878,1,-0.010990709477755878
BTC,2015-08-22,16,-0.009842463326765947,2.7835130868798823e-5,1,0,0.01315609343300215,1,1,-0.009842463326765947,1,-0.009842463326765947,1,-0.009842463326765947
BTC,2015-08-23,14,-0.016778164428603866,2.7351973158147307e-5,1,0,0.012962592571820012,1,1,-0.016778164428603866,1,-0.016778164428603866,1,-0.016778164428603866
BTC,2015-08-24,20,-0.07003015651452961,2.5156012401237688e-5,1,0,0.01283111240258612,1,1,-0.07003015651452961,1,-0.07003015651452961,1,-0.07003015651452961
BTC,2015-08-25,22,0.053963435396418576,2.2826427192848266e-5,1,0,0.012700880702394904,1,1,0.053963435396418576,1,0.053963435396418576,1,0.053963435396418576
BTC,2015-08-26,20,0.008370867030195132,2.287677067322605e-5,1,0,0.012798523416961147,1,1,0.008370867030195132,1,0.008370867030195132,1,0.008370867030195132
BTC,2015-08-27,22,-0.0016379143819476904,2.2328463802317733e-5,1,0,0.012721270938961271,1,1,-0.0016379143819476904,1,-0.0016379143819476904,1,-0.0016379143819476904
BTC,2015-08-28,22,0.028915401246409546,2.157763597755112e-5,1,0,0.012740274990564059,1,1,0.028915401246409546,1,0.028915401246409546,1,0.028915401246409546
BTC,2015-08-29,13,-0.008045808992906791,2.1182359853581305e-5,1,0,0.012591882559065641,1,1,-0.008045808992906791,1,-0.008045808992906791,1,-0.008045808992906791
BTC,2015-08-30,14,-0.007933157462759374,2.0701785379042878e-5,1,0,0.012461908846039618,1,1,-0.007933157462759374,1,-0.007933157462759374,1,-0.007933157462759374
BTC,2015-08-31,15,0.008551224747802556,2.0257000860242236e-5,1,0,0.012357011912588999,1,1,0.008551224747802556,1,0.008551224747802556,1,0.008551224747802556
BTC,2015-09-01,15,-0.00621187462621225,2.003122891345882e-5,1,0,0.012264560024935256,1,1,-0.00621187462621225,1,-0.00621187462621225,1,-0.00621187462621225
BTC,2015-09-02,14,0.0023937512790332873,1.9394502450982375e-5,1,0,0.012164989198416434,1,1,0.0023937512790332873,1,0.0023937512790332873,1,0.0023937512790332873
BTC,2015-09-03,22,-0.013572829237943566,1.8097070092609166e-5,1,0,0.011745403866458596,1,1,-0.013572829237943566,1,-0.013572829237943566,1,-0.013572829237943566
BTC,2015-09-04,16,0.017780622020486716,1.7682608220602654e-5,1,0,0.011715405680367363,1,1,0.017780622020486716,1,0.017780622020486716,1,0.017780622020486716
BTC,2015-09-05,12,0.022729627543117196,1.7102919933031105e-5,1,0,0.011683025522550862,1,1,0.022729627543117196,1,0.022729627543117196,1,0.022729627543117196
BTC,2015-09-06,15,0.023705734493610187,1.677023152621424e-5,1,0,0.011628921953292617,1,1,0.023705734493610187,1,0.023705734493610187,1,0.023705734493610187
BTC,2015-09-07,12,-0.0038090139169365514,1.6325670115963713e-5,1,0,0.011613324762979263,1,1,-0.0038090139169365514,1,-0.0038090139169365514,1,-0.0038090139169365514
BTC,2015-09-08,18,0.009075135316435393,1.5855766285034625e-5,1,0,0.011601266136981125,1,1,0.009075135316435393,1,0.009075135316435393,1,0.009075135316435393
BTC,2015-09-09,20,-0.01765709100393833,1.5585686177704345e-5,1,0,0.011617120539003404,1,1,-0.01765709100393833,1,-0.01765709100393833,1,-0.01765709100393833
BTC,2015-09-10,17,-0.003549658978053643,1.547160796779394e-5,1,0,0.011569744423638804,1,1,-0.003549658978053643,1,-0.003549658978053643,1,-0.003549658978053643
BTC,2015-09-11,17,0.016472988218988852,1.5153045989098311e-5,1,0,0.011535470901139426,1,1,0.016472988218988852,1,0.016472988218988852,1,0.016472988218988852
BTC,2015-09-12,14,-0.026529554437338197,1.4947684565433463e-5,1,0,0.011498054212715682,1,1,-0.026529554437338197,1,-0.026529554437338197,1,-0.026529554437338197
BTC,2015-09-13,15,-0.024819857940786005,1.4761320675432126e-5,1,0,0.0114957907573911,1,1,-0.024819857940786005,1,-0.024819857940786005,1,-0.024819857940786005
BTC,2015-09-14,14,0.002837709022996124,1.425181260830429e-5,1,0,0.011454214431588068,1,1,0.002837709022996124,1,0.002837709022996124,1,0.002837709022996124
BTC,2015-09-15,22,6.090397600991022e-4,1.2769028496257092e-5,1,0,0.010854244433537072,1,1,6.090397600991022e-4,1,6.090397600991022e-4,1,6.090397600991022e-4
BTC,2015-09-16,16,-0.007433947977302596,1.2662698422020464e-5,1,0,0.010781301312843513,1,1,-0.007433947977302596,1,-0.007433947977302596,1,-0.007433947977302596
BTC,2015-09-17,12,0.018533067157804277,1.2405552976542593e-5,1,0,0.01066730822653732,1,1,0.018533067157804277,1,0.018533067157804277,1,0.018533067157804277
BTC,2015-09-18,14,-0.002326052351449618,1.1456000578563481e-5,1,0,0.010243531129352092,1,1,-0.002326052351449618,1,-0.002326052351449618,1,-0.002326052351449618
BTC,2015-09-19,9,-0.005244201875722174,1.12539539508483e-5,1,0,0.010198343216320517,1,1,-0.005244201875722174,1,-0.005244201875722174,1,-0.005244201875722174
BTC,2015-09-20,7,-7.342619917411449e-4,1.1206745853875947e-5,1,0,0.010168268615763195,1,1,-7.342619917411449e-4,1,-7.342619917411449e-4,1,-7.342619917411449e-4
BTC,2015-09-21,11,-0.01861762281273949,1.114572248665888e-5,1,0,0.010152325881198826,1,1,-0.01861762281273949,1,-0.01861762281273949,1,-0.01861762281273949
BTC,2015-09-22,14,0.00627071350557068,1.0163204229920223e-5,1,0,0.00979317542184209,1,1,0.00627071350557068,1,0.00627071350557068,1,0.00627071350557068
BTC,2015-09-23,11,0.00714849177834737,1.0096389265009582e-5,1,0,0.009765481429102487,1,1,0.00714849177834737,1,0.00714849177834737,1,0.00714849177834737
BTC,2015-09-24,13,0.0066767573602259725,1.0121118556409022e-5,1,0,0.009755633205819129,1,1,0.0066767573602259725,1,0.0066767573602259725,1,0.0066767573602259725
BTC,2015-09-25,14,0.018032804526326295,9.96667193931563e-6,1,0,0.009745706204519314,1,1,0.018032804526326295,1,0.018032804526326295,1,0.018032804526326295
BTC,2015-09-26,7,-0.010692555386203366,9.878978359222895e-6,1,0,0.00971975140864729,1,1,-0.010692555386203366,1,-0.010692555386203366,1,-0.010692555386203366
BTC,2015-09-27,5,-0.012367915296436272,9.897279250757662e-6,1,0,0.009729264339764721,1,1,-0.012367915296436272,1,-0.012367915296436272,1,-0.012367915296436272
BTC,2015-09-28,16,0.03354766025420185,1.0008865828984018e-5,1,0,0.009728821257203743,1,1,0.03354766025420185,1,0.03354766025420185,1,0.03354766025420185
BTC,2015-09-29,17,-0.001965845335305785,1.020424642361315e-5,1,0,0.009753016306844406,1,1,-0.001965845335305785,1,-0.001965845335305785,1,-0.001965845335305785
BTC,2015-09-30,13,-0.008521344236256343,1.0177964674421329e-5,1,0,0.009725614403987181,1,1,-0.008521344236256343,1,-0.008521344236256343,1,-0.008521344236256343
BTC,2015-10-01,12,0.00759817923107124,1.0331150043338041e-5,1,0,0.0096667537031889,1,1,0.00759817923107124,1,0.00759817923107124,1,0.00759817923107124
BTC,2015-10-02,9,-0.005782751845840494,1.0210234197586333e-5,1,0,0.00962661297150418,1,1,-0.005782751845840494,1,-0.005782751845840494,1,-0.005782751845840494
BTC,2015-10-03,9,0.009979149107605903,1.0262975568541479e-5,1,0,0.009612728993354533,1,1,0.009979149107605903,1,0.009979149107605903,1,0.009979149107605903
BTC,2015-10-04,8,6.992529530971377e-4,1.0271874428328515e-5,1,0,0.009597556330403816,1,1,6.992529530971377e-4,1,6.992529530971377e-4,1,6.992529530971377e-4
BTC,2015-10-05,10,0.0021443133427467035,1.0209893211444383e-5,1,0,0.009589703437301677,1,1,0.0021443133427467035,1,0.0021443133427467035,1,0.0021443133427467035
BTC,2015-10-06,13,0.020868052960184708,7.968678818944722e-6,1,0,0.0080852711042921,1,1,0.020868052960184708,1,0.020868052960184708,1,0.020868052960184708
BTC,2015-10-07,8,-0.013633222238456713,7.142211005935619e-6,1,0,0.007684532107558499,1,1,-0.013633222238456713,1,-0.013633222238456713,1,-0.013633222238456713
BTC,2015-10-08,13,0.006121334196536399,7.290121079266786e-6,1,0,0.007706292283283418,1,1,0.006121334196536399,1,0.006121334196536399,1,0.006121334196536399
BTC,2015-10-09,13,-0.003942040647967148,7.54698177743024e-6,1,0,0.0076817577606671265,1,1,-0.003942040647967148,1,-0.003942040647967148,1,-0.003942040647967148
BTC,2015-10-10,7,0.01598314021652536,7.65824641163213e-6,1,0,0.007691178782463496,1,1,0.01598314021652536,1,0.01598314021652536,1,0.01598314021652536
BTC,2015-10-11,7,-0.002159796541708954,7.658132556408133e-6,1,0,0.007681740355237681,1,1,-0.002159796541708954,1,-0.002159796541708954,1,-0.002159796541708954
BTC,2015-10-12,9,0.00204006133591199,7.642977555996851e-6,1,0,0.007675129189003056,1,1,0.00204006133591199,1,0.00204006133591199,1,0.00204006133591199
BTC,2015-10-13,15,0.013705419369390832,7.605145336321657e-6,1,0,0.007629062865380181,1,1,0.013705419369390832,1,0.013705419369390832,1,0.013705419369390832
BTC,2015-10-14,16,0.018455157144424784,7.998199000205553e-6,1,0,0.007850836099559312,1,1,0.018455157144424784,1,0.018455157144424784,1,0.018455157144424784
BTC,2015-10-15,14,-3.1269919794878675e-4,8.098385009162405e-6,1,0,0.007819929987601735,1,1,-3.1269919794878675e-4,1,-3.1269919794878675e-4,1,-3.1269919794878675e-4
BTC,2015-10-16,14,0.017364230510434016,7.455557764037522e-6,1,0,0.00739614016798742,1,1,0.017364230510434016,1,0.017364230510434016,1,0.017364230510434016
BTC,2015-10-17,18,0.045462374076756976,7.110924571628664e-6,1,0,0.00708337030046025,1,1,0.045462374076756976,1,0.045462374076756976,1,0.045462374076756976
BTC,2015-10-18,10,-0.07296901986659086,7.401934144173554e-6,1,0,0.007223047149829695,1,1,-0.07296901986659086,1,-0.07296901986659086,1,-0.07296901986659086
BTC,2015-10-19,12,0.05072352452980768,7.695905355280469e-6,1,0,0.0072989280137949015,1,1,0.05072352452980768,1,0.05072352452980768,1,0.05072352452980768
BTC,2015-10-20,18,0.022245495336783286,7.738962435962975e-6,1,0,0.007322002848603353,1,1,0.022245495336783286,1,0.022245495336783286,1,0.022245495336783286
BTC,2015-10-21,14,-0.012698320528027201,7.655367816218386e-6,1,0,0.007261301465247456,1,1,-0.012698320528027201,1,-0.012698320528027201,1,-0.012698320528027201
BTC,2015-10-22,11,0.02813409218813553,8.263931469900611e-6,1,0,0.007512300806677657,1,1,0.02813409218813553,1,0.02813409218813553,1,0.02813409218813553
BTC,2015-10-23,16,0.008865797906572645,8.975975862662165e-6,1,0,0.00782254217014933,1,1,0.008865797906572645,1,0.008865797906572645,1,0.008865797906572645
BTC,2015-10-24,14,0.024047862574022225,8.979478596418103e-6,1,0,0.007817318664159351,1,1,0.024047862574022225,1,0.024047862574022225,1,0.024047862574022225
BTC,2015-10-25,20,-0.003305252490932274,9.28935873564745e-6,1,0,0.007934528911118644,1,1,-0.003305252490932274,1,-0.003305252490932274,1,-0.003305252490932274
BTC,2015-10-26,13,0.0098998500940391,9.301853467527736e-6,1,0,0.007957637522107482,1,1,0.0098998500940391,1,0.0098998500940391,1,0.0098998500940391
BTC,2015-10-27,20,0.0251229511394026,9.583320448470555e-6,1,0,0.007993966664839766,1,1,0.0251229511394026,1,0.0251229511394026,1,0.0251229511394026
BTC,2015-10-28,20,0.018604546623816862,1.0377724974560008e-5,1,0,0.008275749044708958,1,1,0.018604546623816862,1,0.018604546623816862,1,0.018604546623816862
BTC,2015-10-29,23,0.046266080101302204,1.1120191768225882e-5,1,0,0.008447519314873345,1,1,0.046266080101302204,1,0.046266080101302204,1,0.046266080101302204
BTC,2015-10-30,23,0.040465615723030535,1.1721899176996744e-5,1,0,0.008782737500619302,1,1,0.040465615723030535,1,0.040465615723030535,1,0.040465615723030535
BTC,2015-10-31,16,-0.05981402735998474,1.248648063940862e-5,1,0,0.008905789351025664,1,1,-0.05981402735998474,1,-0.05981402735998474,1,-0.05981402735998474
BTC,2015-11-01,13,0.04430984082401947,1.4314196724559359e-5,1,0,0.009427045573680588,1,1,0.04430984082401947,1,0.04430984082401947,1,0.04430984082401947
BTC,2015-11-02,21,0.1126866823922268,1.5036929626033479e-5,1,0,0.009781950904851991,1,1,0.1126866823922268,1,0.1126866823922268,1,0.1126866823922268
BTC,2015-11-03,24,0.1048662454685811,3.198412448622745e-5,1,0,0.01463282111110698,2,1,0.1048662454685811,1,0.1048662454685811,1,0.1048662454685811
BTC,2015-11-04,24,0.027749736760081495,3.7236247272500185e-5,1,0,0.016214297003882897,2,1,0.027749736760081495,1,0.027749736760081495,1,0.027749736760081495
BTC,2015-11-05,23,-0.07345240769422992,4.65918202224681e-5,1,0,0.017991480723194907,2,1,-0.07345240769422992,1,-0.07345240769422992,1,-0.07345240769422992
BTC,2015-11-06,22,-0.04836130877263378,4.7785591747839264e-5,1,0,0.018276577502452703,2,1,-0.04836130877263378,1,-0.04836130877263378,1,-0.04836130877263378
BTC,2015-11-07,15,0.058546109269570656,4.803177901004924e-5,1,0,0.01838131178527389,2,1,0.058546109269570656,1,0.058546109269570656,1,0.058546109269570656
BTC,2015-11-08,21,-0.03209734684451055,5.1357041323982406e-5,1,0,0.018912140671050934,2,1,-0.03209734684451055,1,-0.03209734684451055,1,-0.03209734684451055
BTC,2015-11-09,24,-0.01289685831828704,5.4054728711665596e-5,1,0,0.0194316039203411,2,1,-0.01289685831828704,1,-0.01289685831828704,1,-0.01289685831828704
BTC,2015-11-10,19,-0.0823159525715513,5.546177808600175e-5,1,0,0.019596842011773963,2,1,-0.0823159525715513,1,-0.0823159525715513,1,-0.0823159525715513
BTC,2015-11-11,20,-0.10339003886212947,5.769359557495886e-5,1,0,0.020021468440022474,2,1,-0.10339003886212947,1,-0.10339003886212947,1,-0.10339003886212947
BTC,2015-11-12,20,0.09745530334231493,5.8735966110700926e-5,1,0,0.02031853891378438,2,1,0.09745530334231493,1,0.09745530334231493,1,0.09745530334231493
BTC,2015-11-13,13,0.0028186429387448125,5.925679075411854e-5,1,0,0.02041042109654611,2,1,0.0028186429387448125,1,0.0028186429387448125,1,0.0028186429387448125
BTC,2015-11-14,15,-0.021615936466593245,6.042718399187076e-5,1,0,0.02052592749522193,2,1,-0.021615936466593245,1,-0.021615936466593245,1,-0.021615936466593245
BTC,2015-11-15,14,-0.04574119586369139,6.057627112713238e-5,1,0,0.02058377523692585,2,1,-0.04574119586369139,1,-0.04574119586369139,1,-0.04574119586369139
BTC,2015-11-16,14,0.021689640601932042,6.0455315033695457e-5,1,0,0.020636852827581736,2,1,0.021689640601932042,1,0.021689640601932042,1,0.021689640601932042
BTC,2015-11-17,18,0.024830343286929703,6.0780270634459264e-5,1,0,0.02072128003689072,2,1,0.024830343286929703,1,0.024830343286929703,1,0.024830343286929703
BTC,2015-11-18,16,-0.010662613860430992,6.113987832907677e-5,1,0,0.020810076300183805,3,1,-0.010662613860430992,1,-0.010662613860430992,0.875,-0.013749807513518396
BTC,2015-11-19,15,-7.354617423412455e-4,6.273446959732515e-5,1,0,0.020848044709066104,3,1,-7.354617423412455e-4,1,-7.354617423412455e-4,0,0
BTC,2015-11-20,14,-0.028130563742792682,6.370584392102296e-5,1,0,0.020865029649845924,3,1,-0.028130563742792682,1,-0.028130563742792682,0,0
BTC,2015-11-21,12,0.01746892128083206,6.465616911601729e-5,1,0,0.020794281015610455,2,1,0.01746892128083206,1,0.01746892128083206,0.5833333333333333,-0.0074519031473696175
BTC,2015-11-22,10,1.5488267668223483e-4,6.564179857805758e-5,1,0,0.020793144971983583,2,1,1.5488267668223483e-4,1,1.5488267668223483e-4,1,1.5488267668223483e-4
BTC,2015-11-23,8,-5.135281470892534e-4,6.509591516039622e-5,1,0,0.02080110419699729,3,1,-5.135281470892534e-4,1,-5.135281470892534e-4,0.75,-0.0020867044704788954
BTC,2015-11-24,13,0.0024629973022343467,6.186875180344256e-5,1,0,0.0208249794410942,3,1,0.0024629973022343467,1,0.0024629973022343467,0.15384615384615385,-0.024877895798613672
BTC,2015-11-25,16,0.019015530786502793,6.068570764994185e-5,1,0,0.020842902675484297,3,1,0.019015530786502793,1,0.019015530786502793,0,0
BTC,2015-11-26,19,0.06135053063885215,6.039775879554828e-5,1,0,0.020795708110901947,2,1,0.06135053063885215,1,0.06135053063885215,0.31578947368421045,-0.012453026279074814
BTC,2015-11-27,19,0.026600681797178758,6.152422810331738e-5,1,0,0.02087764908821379,3,1,0.026600681797178758,1,0.026600681797178758,0.4210526315789474,0.013255632183138645
BTC,2015-11-28,14,-0.00976984769678865,6.313422583421078e-5,1,0,0.02085616471221955,3,1,-0.00976984769678865,1,-0.00976984769678865,0,0
BTC,2015-11-29,18,0.03822232081403605,6.259888951063611e-5,1,0,0.020829486905030704,2,1,0.03822232081403605,1,0.03822232081403605,0.27777777777777785,0.020312292741632328
BTC,2015-11-30,18,0.02165938336952825,6.14772405233968e-5,1,0,0.0206494803918225,2,1,0.02165938336952825,1,0.02165938336952825,0.8888888888888888,0.013523698494906892
BTC,2015-12-01,18,-0.045727039418975525,5.80249571509225e-5,1,0,0.0206930344994527,2,1,-0.045727039418975525,1,-0.045727039418975525,1,-0.045727039418975525
BTC,2015-12-02,22,-0.008030342818287975,5.774370142231702e-5,1,0,0.02069258588910958,2,1,-0.008030342818287975,1,-0.008030342818287975,1,-0.008030342818287975
BTC,2015-12-03,20,0.007244596872593916,4.747986604116818e-5,1,0,0.020509862111469067,2,1,0.007244596872593916,1,0.007244596872593916,1,0.007244596872593916
BTC,2015-12-04,17,0.01001470064545253,4.770510768503435e-5,1,0,0.02050173463451869,2,1,0.01001470064545253,1,0.01001470064545253,1,0.01001470064545253
BTC,2015-12-05,21,0.06038506744725405,4.7027846667232786e-5,1,0,0.02049156891254407,2,1,0.06038506744725405,1,0.06038506744725405,1,0.06038506744725405
BTC,2015-12-06,18,1.2382226964542664e-5,4.6712683427962507e-5,1,0,0.020559694703258014,2,1,1.2382226964542664e-5,1,1.2382226964542664e-5,1,1.2382226964542664e-5
BTC,2015-12-07,18,0.019529717410707123,4.670801122747072e-5,1,0,0.020549006681287806,2,1,0.019529717410707123,1,0.019529717410707123,1,0.019529717410707123
BTC,2015-12-08,23,0.04863354992805858,4.550965075188503e-5,1,0,0.02043980929094651,2,1,0.04863354992805858,1,0.04863354992805858,1,0.04863354992805858
BTC,2015-12-09,23,0.0031996947895942293,4.636141185290276e-5,1,0,0.020585277816505595,2,1,0.0031996947895942293,1,0.0031996947895942293,1,0.0031996947895942293
BTC,2015-12-10,20,-7.929547590288669e-4,4.52194362177687e-5,1,0,0.02045385258998231,2,1,-7.929547590288669e-4,1,-7.929547590288669e-4,1,-7.929547590288669e-4
BTC,2015-12-11,22,0.06315309673599825,4.213031810193347e-5,1,0,0.0202727787660324,2,1,0.06315309673599825,1,0.06315309673599825,1,0.06315309673599825
BTC,2015-12-12,23,-0.027730266893513572,4.293861466818612e-5,1,0,0.020543788403356987,2,1,-0.027730266893513572,1,-0.027730266893513572,1,-0.027730266893513572
BTC,2015-12-13,17,0.002317498140362876,3.2622329501591506e-5,1,0,0.017493248901077205,2,1,0.002317498140362876,1,0.002317498140362876,1,0.002317498140362876
BTC,2015-12-14,22,0.02288429383358784,3.0703040173330795e-5,1,0,0.0169821385951882,2,1,0.02288429383358784,1,0.02288429383358784,1,0.02288429383358784
BTC,2015-12-15,23,0.05068451183198102,2.174088875985751e-5,1,0,0.014198977971077418,1,1,0.05068451183198102,1,0.05068451183198102,1,0.05068451183198102
BTC,2015-12-16,19,-0.02467150437838034,2.1052459174630397e-5,1,0,0.014013632708391276,1,1,-0.02467150437838034,1,-0.02467150437838034,1,-0.02467150437838034
BTC,2015-12-17,20,-0.005779388849134364,1.9954021596529926e-5,1,0,0.013642180591181505,1,1,-0.005779388849134364,1,-0.005779388849134364,1,-0.005779388849134364
BTC,2015-12-18,9,0.030431515862261505,1.9999255575364108e-5,1,0,0.013729004026563555,1,1,0.030431515862261505,1,0.030431515862261505,1,0.030431515862261505
BTC,2015-12-19,9,-0.015083998607465303,1.814509649199603e-5,1,0,0.01309579836213015,1,1,-0.015083998607465303,1,-0.015083998607465303,1,-0.015083998607465303
BTC,2015-12-20,15,-0.03734740066934361,1.6364715505350455e-5,1,0,0.012542654621396641,1,1,-0.03734740066934361,1,-0.03734740066934361,1,-0.03734740066934361
BTC,2015-12-21,20,0.0012004712949506054,1.505773303492163e-5,1,0,0.01215660719484043,1,1,0.0012004712949506054,1,0.0012004712949506054,1,0.0012004712949506054
BTC,2015-12-22,19,-0.009233191325359567,1.3828188175922078e-5,1,0,0.011529253125672531,1,1,-0.009233191325359567,1,-0.009233191325359567,1,-0.009233191325359567
BTC,2015-12-23,16,0.016181289467948386,1.3343417479023605e-5,1,0,0.011295183309033443,1,1,0.016181289467948386,1,0.016181289467948386,1,0.016181289467948386
BTC,2015-12-24,16,0.01756452723368955,1.24766563920907e-5,1,0,0.010825239742889655,1,1,0.01756452723368955,1,0.01756452723368955,1,0.01756452723368955
BTC,2015-12-25,5,0.011263042320309754,1.2380467808139907e-5,1,0,0.010779585464772574,1,1,0.011263042320309754,1,0.011263042320309754,1,0.011263042320309754
BTC,2015-12-26,20,-0.09230707083745701,1.215169201953289e-5,1,0,0.010726589663752464,1,1,-0.09230707083745701,1,-0.09230707083745701,1,-0.09230707083745701
BTC,2015-12-27,17,0.023250254192905828,1.205142145226559e-5,1,0,0.010681547428242922,1,1,0.023250254192905828,1,0.023250254192905828,1,0.023250254192905828
BTC,2015-12-28,19,-0.007022187406325483,1.1608270063288269e-5,1,0,0.010450753204004645,1,1,-0.007022187406325483,1,-0.007022187406325483,1,-0.007022187406325483
BTC,2015-12-29,14,0.015551321885128911,1.1526186036336458e-5,1,0,0.010441057806612059,1,1,0.015551321885128911,1,0.015551321885128911,1,0.015551321885128911
BTC,2015-12-30,21,-0.015530794167471242,1.1366200599949196e-5,1,0,0.010362907052464516,1,1,-0.015530794167471242,1,-0.015530794167471242,1,-0.015530794167471242
BTC,2015-12-31,11,0.016365809176674375,1.1292750985071487e-5,1,0,0.010360649354961466,1,1,0.016365809176674375,1,0.016365809176674375,1,0.016365809176674375
BTC,2016-01-01,6,4.527272547721478e-4,1.1274932940978295e-5,1,0,0.010307499509595216,1,1,4.527272547721478e-4,1,4.527272547721478e-4,1,4.527272547721478e-4
BTC,2016-01-02,14,0.008020236662831259,1.112649578324937e-5,1,0,0.010246154888195904,1,1,0.008020236662831259,1,0.008020236662831259,1,0.008020236662831259
BTC,2016-01-03,9,-0.019523549501010803,1.1192810626024287e-5,1,0,0.010287107649098914,1,1,-0.019523549501010803,1,-0.019523549501010803,1,-0.019523549501010803
BTC,2016-01-04,14,0.010526811146478347,1.1187879263548361e-5,1,0,0.010259305422389555,1,1,0.010526811146478347,1,0.010526811146478347,1,0.010526811146478347
BTC,2016-01-05,15,5.46959348189112e-4,1.1575264514407955e-5,1,0,0.010201860146273046,1,1,5.46959348189112e-4,1,5.46959348189112e-4,1,5.46959348189112e-4
BTC,2016-01-06,16,-0.0030883214106377237,1.1706766541860544e-5,1,0,0.010146114170079615,1,1,-0.0030883214106377237,1,-0.0030883214106377237,1,-0.0030883214106377237
BTC,2016-01-07,20,0.06285291970046084,1.162670888530426e-5,1,0,0.01010789650495754,1,1,0.06285291970046084,1,0.06285291970046084,1,0.06285291970046084
BTC,2016-01-08,20,-0.005834053725656711,1.1142649520739721e-5,1,0,0.009880362788424418,1,1,-0.005834053725656711,1,-0.005834053725656711,1,-0.005834053725656711
BTC,2016-01-09,12,-0.00847126177785344,1.0915944703142536e-5,1,0,0.009843800073921355,1,1,-0.00847126177785344,1,-0.00847126177785344,1,-0.00847126177785344
BTC,2016-01-10,16,-0.004997178670330292,1.0986922738098168e-5,1,0,0.009845044795473136,1,1,-0.004997178670330292,1,-0.004997178670330292,1,-0.004997178670330292
BTC,2016-01-11,18,0.006879826484878657,1.0840701282239859e-5,1,0,0.0097886392995323,1,1,0.006879826484878657,1,0.006879826484878657,1,0.006879826484878657
BTC,2016-01-12,21,-0.027417477702426835,1.1142196651245167e-5,1,0,0.009698897889144445,1,1,-0.027417477702426835,1,-0.027417477702426835,1,-0.027417477702426835
BTC,2016-01-13,21,-0.013772359599525982,1.2289591353672094e-5,1,0,0.010139931628242348,1,1,-0.013772359599525982,1,-0.013772359599525982,1,-0.013772359599525982
BTC,2016-01-14,20,-0.007880726467189503,1.4912197014540345e-5,1,0,0.010086745371837584,1,1,-0.007880726467189503,1,-0.007880726467189503,1,-0.007880726467189503
BTC,2016-01-15,24,-0.1666225246154702,1.4525254857741177e-5,1,0,0.010493649359194574,1,1,-0.1666225246154702,1,-0.1666225246154702,1,-0.1666225246154702
BTC,2016-01-16,24,0.0684882950706998,1.3893171163445998e-5,1,0,0.010518214692242905,1,1,0.0684882950706998,1,0.0684882950706998,1,0.0684882950706998
BTC,2016-01-17,23,-0.021697125321995935,1.4355049499835978e-5,1,0,0.010564916024975543,1,1,-0.021697125321995935,1,-0.021697125321995935,1,-0.021697125321995935
BTC,2016-01-18,22,0.021112830533785987,1.42918757787002e-5,1,0,0.010590691918044338,1,1,0.021112830533785987,1,0.021112830533785987,1,0.021112830533785987
BTC,2016-01-19,18,-0.02334073135665759,1.3342527880479407e-5,1,0,0.01009357505101396,1,1,-0.02334073135665759,1,-0.02334073135665759,1,-0.02334073135665759
BTC,2016-01-20,24,0.0949280980239409,1.283379047349611e-5,1,0,0.010272218924454521,1,1,0.0949280980239409,1,0.0949280980239409,1,0.0949280980239409
BTC,2016-01-21,23,-0.01621498957732153,1.2276204895077144e-5,1,0,0.010274449041063448,1,1,-0.01621498957732153,1,-0.01621498957732153,1,-0.01621498957732153
BTC,2016-01-22,23,-0.07308797585064904,9.98397025306106e-6,1,0,0.00946171286423685,1,1,-0.07308797585064904,1,-0.07308797585064904,1,-0.07308797585064904
BTC,2016-01-23,22,0.0066571396766898355,9.58384030595739e-6,1,0,0.009496883789685665,1,1,0.0066571396766898355,1,0.0066571396766898355,1,0.0066571396766898355
BTC,2016-01-24,23,0.037818720848205964,9.293542773236333e-6,1,0,0.009552702297183337,1,1,0.037818720848205964,1,0.037818720848205964,1,0.037818720848205964
BTC,2016-01-25,23,-0.016787088590310126,8.709474679005582e-6,1,0,0.009422791560656259,1,1,-0.016787088590310126,1,-0.016787088590310126,1,-0.016787088590310126
BTC,2016-01-26,21,0.004911650969912169,7.908847745860555e-6,1,0,0.009309794095329232,1,1,0.004911650969912169,1,0.004911650969912169,1,0.004911650969912169
BTC,2016-01-27,20,-0.0015029599179062305,7.653149827139596e-6,1,0,0.00923519640096538,1,1,-0.0015029599179062305,1,-0.0015029599179062305,1,-0.0015029599179062305
BTC,2016-01-28,23,-0.039613728018083605,7.4636866887272856e-6,1,0,0.009166621684965435,1,1,-0.039613728018083605,1,-0.039613728018083605,1,-0.039613728018083605
BTC,2016-01-29,23,-2.2215625382056292e-4,7.087340997498591e-6,1,0,0.009114615830285626,1,1,-2.2215625382056292e-4,1,-2.2215625382056292e-4,1,-2.2215625382056292e-4
BTC,2016-01-30,22,-0.005054636296793994,6.828493013255588e-6,1,0,0.009036315359013575,1,1,-0.005054636296793994,1,-0.005054636296793994,1,-0.005054636296793994
BTC,2016-01-31,22,-0.02358328727535381,6.746008849430801e-6,1,0,0.009048978706940762,1,1,-0.02358328727535381,1,-0.02358328727535381,1,-0.02358328727535381
BTC,2016-02-01,24,0.008093303677097322,6.186063484582873e-6,1,0,0.008873384243988118,1,1,0.008093303677097322,1,0.008093303677097322,1,0.008093303677097322
BTC,2016-02-02,21,0.003486486136353095,5.724363757881592e-6,1,0,0.008621776654176393,1,1,0.003486486136353095,1,0.003486486136353095,1,0.003486486136353095
BTC,2016-02-03,19,-0.014427662103337261,5.549122470813328e-6,1,0,0.008542233391096716,1,1,-0.014427662103337261,1,-0.014427662103337261,1,-0.014427662103337261
BTC,2016-02-04,23,0.05693957217554625,5.404240897816559e-6,1,0,0.008561971088867025,1,1,0.05693957217554625,1,0.05693957217554625,1,0.05693957217554625
BTC,2016-02-05,22,-0.006409865819103482,5.066606014243594e-6,1,0,0.00846321446236329,1,1,-0.006409865819103482,1,-0.006409865819103482,1,-0.006409865819103482
BTC,2016-02-06,23,-0.030202054381096168,4.79195392523277e-6,1,0,0.008368666861229088,1,1,-0.030202054381096168,1,-0.030202054381096168,1,-0.030202054381096168
BTC,2016-02-07,21,-0.009564895427747442,4.71079984913044e-6,1,0,0.008344378178566616,1,1,-0.009564895427747442,1,-0.009564895427747442,1,-0.009564895427747442
BTC,2016-02-08,24,0.0036116229096287513,4.5511338409412335e-6,1,0,0.008351583725480258,1,1,0.0036116229096287513,1,0.0036116229096287513,1,0.0036116229096287513
BTC,2016-02-09,23,0.0026066086779987195,4.245728815763578e-6,1,0,0.008333409924427316,1,1,0.0026066086779987195,1,0.0026066086779987195,1,0.0026066086779987195
BTC,2016-02-10,24,0.01472699029641731,3.884046868887787e-6,1,0,0.008324103553047734,1,1,0.01472699029641731,1,0.01472699029641731,1,0.01472699029641731
BTC,2016-02-11,24,-0.005912205699017451,3.54708512597119e-6,1,0,0.008305656343389983,1,1,-0.005912205699017451,1,-0.005912205699017451,1,-0.005912205699017451
BTC,2016-02-12,24,0.00830405341260702,3.3066479667066143e-6,1,0,0.008266405693415881,1,1,0.00830405341260702,1,0.00830405341260702,1,0.00830405341260702
BTC,2016-02-13,24,0.02358361237388259,3.194771416905215e-6,1,0,0.008278409187705789,1,1,0.02358361237388259,1,0.02358361237388259,1,0.02358361237388259
BTC,2016-02-14,24,0.03712480525425989,2.6080396904223527e-6,1,0,0.007593696884682017,1,1,0.03712480525425989,1,0.03712480525425989,1,0.03712480525425989
BTC,2016-02-15,24,-0.032007485202197226,2.5745173870044848e-6,1,0,0.007684179682321672,1,1,-0.032007485202197226,1,-0.032007485202197226,1,-0.032007485202197226
BTC,2016-02-16,24,0.033856814379712864,2.1153233515801155e-6,1,0,0.007052162660574212,1,1,0.033856814379712864,1,0.033856814379712864,1,0.033856814379712864
BTC,2016-02-17,24,0.02040687882821475,1.8719263843162055e-6,1,0,0.006757466022344769,1,1,0.02040687882821475,1,0.02040687882821475,1,0.02040687882821475
BTC,2016-02-18,24,0.01750880026828715,1.76152337491319e-6,1,0,0.006681084730069421,1,1,0.01750880026828715,1,0.01750880026828715,1,0.01750880026828715
BTC,2016-02-19,24,-0.00855729677966768,1.7100695203991898e-6,1,0,0.006626692179526063,1,1,-0.00855729677966768,1,-0.00855729677966768,1,-0.00855729677966768
BTC,2016-02-20,24,0.040866775216381705,1.5824495934164756e-6,1,0,0.006508334611721149,1,1,0.040866775216381705,1,0.040866775216381705,1,0.040866775216381705
BTC,2016-02-21,24,-0.00371032301918099,1.539238623772852e-6,1,0,0.006400445324311909,1,1,-0.00371032301918099,1,-0.00371032301918099,1,-0.00371032301918099
BTC,2016-02-22,24,2.8169335960936525e-4,1.445439633698756e-6,1,0,0.006259629427768426,1,1,2.8169335960936525e-4,1,2.8169335960936525e-4,1,2.8169335960936525e-4
BTC,2016-02-23,24,-0.03770457228452216,1.3212432439142071e-6,1,0,0.006093997469919582,1,1,-0.03770457228452216,1,-0.03770457228452216,1,-0.03770457228452216
BTC,2016-02-24,24,0.013638620376032931,1.2542736971061125e-6,1,0,0.005956407465818046,1,1,0.013638620376032931,1,0.013638620376032931,1,0.013638620376032931
BTC,2016-02-25,24,-0.0032016489089878018,1.2140812756957885e-6,1,0,0.005910238969438136,1,1,-0.0032016489089878018,1,-0.0032016489089878018,1,-0.0032016489089878018
BTC,2016-02-26,24,0.026087927390854054,1.2235189260830917e-6,1,0,0.0058858161195834285,1,1,0.026087927390854054,1,0.026087927390854054,1,0.026087927390854054
BTC,2016-02-27,24,-1.8477457554475255e-4,1.211225186239288e-6,1,0,0.005906286969379542,1,1,-1.8477457554475255e-4,1,-1.8477457554475255e-4,1,-1.8477457554475255e-4
BTC,2016-02-28,23,-0.004957082652176108,1.1951979123067441e-6,1,0,0.005824907495534414,1,1,-0.004957082652176108,1,-0.004957082652176108,1,-0.004957082652176108
BTC,2016-02-29,24,0.01717083473999818,1.1602828813233368e-6,1,0,0.0057600027764608585,1,1,0.01717083473999818,1,0.01717083473999818,1,0.01717083473999818
BTC,2016-03-01,24,-0.015545546007539575,1.0849859407534003e-6,1,0,0.005776866726590381,1,1,-0.015545546007539575,1,-0.015545546007539575,1,-0.015545546007539575
BTC,2016-03-02,24,-0.024184606855258844,1.0086182965741658e-6,1,0,0.005701316318942601,1,1,-0.024184606855258844,1,-0.024184606855258844,1,-0.024184606855258844
BTC,2016-03-03,24,-0.0036846297177277818,8.821236078527166e-7,1,0,0.00569250427199546,1,1,-0.0036846297177277818,1,-0.0036846297177277818,1,-0.0036846297177277818
BTC,2016-03-04,24,-0.031349877187330746,8.040680749413371e-7,1,0,0.005700543439543464,1,1,-0.031349877187330746,1,-0.031349877187330746,1,-0.031349877187330746
BTC,2016-03-05,24,-0.033782848557974296,7.177697933998917e-7,1,0,0.005715401313050598,1,1,-0.033782848557974296,1,-0.033782848557974296,1,-0.033782848557974296
BTC,2016-03-06,24,0.018866535087937373,6.999444034228562e-7,1,0,0.005753419591142491,1,1,0.018866535087937373,1,0.018866535087937373,1,0.018866535087937373
BTC,2016-03-07,24,0.02309581736794492,6.772524947147693e-7,1,0,0.00571854449354051,1,1,0.02309581736794492,1,0.02309581736794492,1,0.02309581736794492
BTC,2016-03-08,24,0.0049388823706738565,6.432318392352651e-7,1,0,0.005664546223372604,1,1,0.0049388823706738565,1,0.0049388823706738565,1,0.0049388823706738565
BTC,2016-03-09,24,-2.670000137224109e-4,6.158703360353271e-7,1,0,0.005634378972829681,1,1,-2.670000137224109e-4,1,-2.670000137224109e-4,1,-2.670000137224109e-4
BTC,2016-03-10,24,0.00942309089160132,5.774930638019279e-7,1,0,0.005600203176701535,1,1,0.00942309089160132,1,0.00942309089160132,1,0.00942309089160132
BTC,2016-03-11,24,0.010808795715199125,5.567096205050112e-7,1,0,0.005503781318706899,1,1,0.010808795715199125,1,0.010808795715199125,1,0.010808795715199125
BTC,2016-03-12,24,-0.03312015848549111,5.157897864984407e-7,1,0,0.0055007229113258884,1,1,-0.03312015848549111,1,-0.03312015848549111,1,-0.03312015848549111
BTC,2016-03-13,24,0.004086020593291732,4.952530696399614e-7,1,0,0.00546323005099519,1,1,0.004086020593291732,1,0.004086020593291732,1,0.004086020593291732
BTC,2016-03-14,24,0.014855314380809649,4.591853532686301e-7,1,0,0.005408689602005216,1,1,0.014855314380809649,1,0.014855314380809649,1,0.014855314380809649
BTC,2016-03-15,24,0.0017093176415954754,4.3986766153542633e-7,1,0,0.00535786758587669,1,1,0.0017093176415954754,1,0.0017093176415954754,1,0.0017093176415954754
BTC,2016-03-16,24,0.007262670137660304,3.9746496737775846e-7,1,0,0.005139568117480537,1,1,0.007262670137660304,1,0.007262670137660304,1,0.007262670137660304
BTC,2016-03-17,24,0.00392850914204873,3.792929746533602e-7,1,0,0.005063415473061559,1,1,0.00392850914204873,1,0.00392850914204873,1,0.00392850914204873
BTC,2016-03-18,24,-0.028782494116705946,3.5755948141248954e-7,1,0,0.00502339213340245,1,1,-0.028782494116705946,1,-0.028782494116705946,1,-0.028782494116705946
BTC,2016-03-19,24,0.003985662781218384,3.372647292457579e-7,1,0,0.00492637231466705,1,1,0.003985662781218384,1,0.003985662781218384,1,0.003985662781218384
BTC,2016-03-20,24,0.009983452069692018,3.3075795202070685e-7,1,0,0.004894942851261941,1,1,0.009983452069692018,1,0.009983452069692018,1,0.009983452069692018
BTC,2016-03-21,24,-0.0031987164618716146,3.182914610791691e-7,1,0,0.004813803841633099,1,1,-0.0031987164618716146,1,-0.0031987164618716146,1,-0.0031987164618716146
BTC,2016-03-22,24,0.011674944962196046,2.798324518397608e-7,1,0,0.004544950482660853,1,1,0.011674944962196046,1,0.011674944962196046,1,0.011674944962196046
BTC,2016-03-23,24,-0.0027845809917488185,2.555010409893544e-7,1,0,0.004362819042037301,1,1,-0.0027845809917488185,1,-0.0027845809917488185,1,-0.0027845809917488185
BTC,2016-03-24,24,-0.00231035913318387,2.3563752697234966e-7,1,0,0.004183959963432386,1,1,-0.00231035913318387,1,-0.00231035913318387,1,-0.00231035913318387
BTC,2016-03-25,24,7.249684498640607e-4,2.2391197538849284e-7,1,0,0.004084183595239883,1,1,7.249684498640607e-4,1,7.249684498640607e-4,1,7.249684498640607e-4
BTC,2016-03-26,24,0.0053595097278363105,2.1989730728322566e-7,1,0,0.004056210032991755,1,1,0.0053595097278363105,1,0.0053595097278363105,1,0.0053595097278363105
BTC,2016-03-27,24,0.017646260071234262,2.1757371940417826e-7,1,0,0.004066408561945179,1,1,0.017646260071234262,1,0.017646260071234262,1,0.017646260071234262
BTC,2016-03-28,24,-0.004733460330735706,2.0382121152465671e-7,1,0,0.003953618215915766,1,1,-0.004733460330735706,1,-0.004733460330735706,1,-0.004733460330735706
BTC,2016-03-29,24,-0.015005640617870013,1.8909013523573977e-7,1,0,0.0038431833478590805,1,1,-0.015005640617870013,1,-0.015005640617870013,1,-0.015005640617870013
BTC,2016-03-30,24,-0.010295194727525606,1.810640856441269e-7,1,0,0.0037759188353272384,1,1,-0.010295194727525606,1,-0.010295194727525606,1,-0.010295194727525606
BTC,2016-03-31,24,0.008854272288013254,1.7217802843177525e-7,1,0,0.0036913556207930727,1,1,0.008854272288013254,1,0.008854272288013254,1,0.008854272288013254
BTC,2016-04-01,24,0.004316553464973882,1.6969713896817495e-7,1,0,0.0036418070502060493,1,1,0.004316553464973882,1,0.004316553464973882,1,0.004316553464973882
BTC,2016-04-02,24,0.00739066422851126,1.703297534636271e-7,1,0,0.003545493145797581,1,1,0.00739066422851126,1,0.00739066422851126,1,0.00739066422851126
BTC,2016-04-03,24,0.0011798262964771492,1.7173412773882383e-7,1,0,0.0034744295003828612,1,1,0.0011798262964771492,1,0.0011798262964771492,1,0.0011798262964771492
BTC,2016-04-04,23,-0.0012035795477044419,1.6678856231363975e-7,1,0,0.003316552471142144,1,1,-0.0012035795477044419,1,-0.0012035795477044419,1,-0.0012035795477044419
BTC,2016-04-05,24,0.004195561709992423,1.5042577232592077e-7,1,0,0.0031118994611764343,1,1,0.004195561709992423,1,0.004195561709992423,1,0.004195561709992423
BTC,2016-04-06,24,0.001866928736413607,1.3446056650925126e-7,1,0,0.002929127427422891,1,1,0.001866928736413607,1,0.001866928736413607,1,0.001866928736413607
BTC,2016-04-07,24,-0.003642560439845853,1.3095667943199816e-7,1,0,0.0028792655257543053,1,1,-0.003642560439845853,1,-0.003642560439845853,1,-0.003642560439845853
BTC,2016-04-08,24,-0.0082302641336905,1.305028255514454e-7,1,0,0.002852502544709161,1,1,-0.0082302641336905,1,-0.0082302641336905,1,-0.0082302641336905
BTC,2016-04-09,24,-0.0011283364213021687,1.3579371007203445e-7,1,0,0.002850273597653232,1,1,-0.0011283364213021687,1,-0.0011283364213021687,1,-0.0011283364213021687
BTC,2016-04-10,24,0.0064872515407782844,1.3419293232114823e-7,1,0,0.0028376993122469,1,1,0.0064872515407782844,1,0.0064872515407782844,1,0.0064872515407782844
BTC,2016-04-11,24,0.006466688412355453,1.362878604123639e-7,1,0,0.002760812825828419,1,1,0.006466688412355453,1,0.006466688412355453,1,0.006466688412355453
BTC,2016-04-12,24,0.0074802757525767,1.379792023141746e-7,1,0,0.0027462343949915266,1,1,0.0074802757525767,1,0.0074802757525767,1,0.0074802757525767
BTC,2016-04-13,24,-0.007461387068314991,1.429058054564713e-7,1,0,0.002719657432301336,1,1,-0.007461387068314991,1,-0.007461387068314991,1,-0.007461387068314991
BTC,2016-04-14,24,0.0023135247691096618,1.4284680934902843e-7,1,0,0.0026651449790351736,1,1,0.0023135247691096618,1,0.0023135247691096618,1,0.0023135247691096618
BTC,2016-04-15,24,0.011082736488358341,1.4791497994032573e-7,1,0,0.0026764218422357967,1,1,0.011082736488358341,1,0.011082736488358341,1,0.011082736488358341
BTC,2016-04-16,23,-0.0014010975611748605,1.5075711431804604e-7,1,0,0.0026558043208653294,1,1,-0.0014010975611748605,1,-0.0014010975611748605,1,-0.0014010975611748605
BTC,2016-04-17,24,-0.0025671616144454117,1.597810982310088e-7,1,0,0.0026295295391657323,1,1,-0.0025671616144454117,1,-0.0025671616144454117,1,-0.0025671616144454117
BTC,2016-04-18,23,-3.041042399189609e-4,1.612101567628585e-7,1,0,0.002608017255210964,1,1,-3.041042399189609e-4,1,-3.041042399189609e-4,1,-3.041042399189609e-4
BTC,2016-04-19,24,0.020510226356894434,1.6047501057683489e-7,1,0,0.0026119069210585326,1,1,0.020510226356894434,1,0.020510226356894434,1,0.020510226356894434
BTC,2016-04-20,24,0.010688144498967192,1.5511248837165168e-7,1,0,0.002585664046130829,1,1,0.010688144498967192,1,0.010688144498967192,1,0.010688144498967192
BTC,2016-04-21,24,0.020544263394443207,1.6536961242700837e-7,1,0,0.0026313194017707456,1,1,0.020544263394443207,1,0.020544263394443207,1,0.020544263394443207
BTC,2016-04-22,24,-0.005701398012621185,1.7453989387815467e-7,1,0,0.002674636902980724,1,1,-0.005701398012621185,1,-0.005701398012621185,1,-0.005701398012621185
BTC,2016-04-23,24,0.007017963277851187,1.7900711044751063e-7,1,0,0.0026856205986440372,1,1,0.007017963277851187,1,0.007017963277851187,1,0.007017963277851187
BTC,2016-04-24,23,0.01931260591816155,2.049547578554155e-7,1,0,0.0028872523821610796,1,1,0.01931260591816155,1,0.01931260591816155,1,0.01931260591816155
BTC,2016-04-25,23,0.0051705054075763,2.1595901249589515e-7,1,0,0.002989834324574122,1,1,0.0051705054075763,1,0.0051705054075763,1,0.0051705054075763
BTC,2016-04-26,24,0.012068510922314982,2.0853663236373987e-7,1,0,0.002927875894918893,1,1,0.012068510922314982,1,0.012068510922314982,1,0.012068510922314982
BTC,2016-04-27,24,-0.05153087342451358,2.412576391855396e-7,1,0,0.003163382750865957,1,1,-0.05153087342451358,1,-0.05153087342451358,1,-0.05153087342451358
BTC,2016-04-28,24,0.01433339611184657,2.400011545337347e-7,1,0,0.003180482831454722,1,1,0.01433339611184657,1,0.01433339611184657,1,0.01433339611184657
BTC,2016-04-29,24,0.015793105866986186,2.3890492507892994e-7,1,0,0.0031761816662980724,1,1,0.015793105866986186,1,0.015793105866986186,1,0.015793105866986186
BTC,2016-04-30,24,-0.019160074975597772,2.506203994069804e-7,1,0,0.0032033912243552335,1,1,-0.019160074975597772,1,-0.019160074975597772,1,-0.019160074975597772
BTC,2016-05-01,24,0.007027947477646307,2.5437963823471335e-7,1,0,0.0031981471658095563,1,1,0.007027947477646307,1,0.007027947477646307,1,0.007027947477646307
BTC,2016-05-02,24,-0.01681266717040443,2.6392760731752016e-7,1,0,0.0033065812994625457,1,1,-0.01681266717040443,1,-0.01681266717040443,1,-0.01681266717040443
BTC,2016-05-03,24,0.016100137460741556,2.653275788755629e-7,1,0,0.0033522459338404136,1,1,0.016100137460741556,1,0.016100137460741556,1,0.016100137460741556
BTC,2016-05-04,24,-0.008690670767351204,2.639593832636212e-7,1,0,0.0033527799924410492,1,1,-0.008690670767351204,1,-0.008690670767351204,1,-0.008690670767351204
BTC,2016-05-05,24,0.001938540634358763,2.602942655419755e-7,1,0,0.0033232012543204918,1,1,0.001938540634358763,1,0.001938540634358763,1,0.001938540634358763
BTC,2016-05-06,23,0.029925914722159008,2.5849034585035905e-7,1,0,0.0033549707180477997,1,1,0.029925914722159008,1,0.029925914722159008,1,0.029925914722159008
BTC,2016-05-07,24,-0.0062290627540496305,2.68272837532316e-7,1,0,0.0033691714472469025,1,1,-0.0062290627540496305,1,-0.0062290627540496305,1,-0.0062290627540496305
BTC,2016-05-08,24,-8.056000522780377e-4,2.6908366081436084e-7,1,0,0.0033690043776852326,1,1,-8.056000522780377e-4,1,-8.056000522780377e-4,1,-8.056000522780377e-4
BTC,2016-05-09,23,0.006275194570660266,2.6207645676896063e-7,1,0,0.003345260109598367,1,1,0.006275194570660266,1,0.006275194570660266,1,0.006275194570660266
BTC,2016-05-10,23,-0.021573496726142498,2.759530550479848e-7,1,0,0.0033963233470983736,1,1,-0.021573496726142498,1,-0.021573496726142498,1,-0.021573496726142498
BTC,2016-05-11,24,0.002385845124048647,2.701539145486353e-7,1,0,0.0033894327103636806,1,1,0.002385845124048647,1,0.002385845124048647,1,0.002385845124048647
BTC,2016-05-12,24,0.006027560155931486,2.7043041812831956e-7,1,0,0.0033775823738147847,1,1,0.006027560155931486,1,0.006027560155931486,1,0.006027560155931486
BTC,2016-05-13,24,7.256934143352943e-4,2.721828050955567e-7,1,0,0.003385006349878268,1,1,7.256934143352943e-4,1,7.256934143352943e-4,1,7.256934143352943e-4
BTC,2016-05-14,24,-0.0037327322336035544,2.694351178446452e-7,1,0,0.0033836625069108483,1,1,-0.0037327322336035544,1,-0.0037327322336035544,1,-0.0037327322336035544
BTC,2016-05-15,23,0.0067263991920632855,2.7277597942864823e-7,1,0,0.0033943158910515847,1,1,0.0067263991920632855,1,0.0067263991920632855,1,0.0067263991920632855
BTC,2016-05-16,24,-0.008514256771833179,2.710777011220889e-7,1,0,0.0034098058394940243,1,1,-0.008514256771833179,1,-0.008514256771833179,1,-0.008514256771833179
BTC,2016-05-17,24,-0.0010716034946348307,2.6671214888569216e-7,1,0,0.0034117829639980623,1,1,-0.0010716034946348307,1,-0.0010716034946348307,1,-0.0010716034946348307
BTC,2016-05-18,24,-0.002060438014251175,2.6209050993854287e-7,1,0,0.003398068270791619,1,1,-0.002060438014251175,1,-0.002060438014251175,1,-0.002060438014251175
BTC,2016-05-19,24,-0.052999297543733594,3.2723620627909583e-7,1,0,0.003832830684960384,1,1,-0.052999297543733594,1,-0.052999297543733594,1,-0.052999297543733594
BTC,2016-05-20,24,0.014475147305074166,3.9754469618207454e-7,1,0,0.0041869254483165,1,1,0.014475147305074166,1,0.014475147305074166,1,0.014475147305074166
BTC,2016-05-21,24,0.007544044403405821,4.313296573017628e-7,1,0,0.004317782691891934,1,1,0.007544044403405821,1,0.007544044403405821,1,0.007544044403405821
BTC,2016-05-22,24,-0.0025136970842228263,3.9784503914247696e-7,1,0,0.004264433263899149,1,1,-0.0025136970842228263,1,-0.0025136970842228263,1,-0.0025136970842228263
BTC,2016-05-23,24,0.012584782874649076,3.7142504452919326e-7,1,0,0.004270916288674726,1,1,0.012584782874649076,1,0.012584782874649076,1,0.012584782874649076
BTC,2016-05-24,24,0.0034388533797769984,3.579976119309084e-7,1,0,0.004215420017518112,1,1,0.0034388533797769984,1,0.0034388533797769984,1,0.0034388533797769984
BTC,2016-05-25,23,0.008476601354694864,3.4451964343428157e-7,1,0,0.0040939856881005805,1,1,0.008476601354694864,1,0.008476601354694864,1,0.008476601354694864
BTC,2016-05-26,24,0.00912398678189522,3.4138225275419297e-7,1,0,0.004045901815337389,1,1,0.00912398678189522,1,0.00912398678189522,1,0.00912398678189522
BTC,2016-05-27,24,0.04127095640621227,3.523308553489303e-7,1,0,0.004157230266146929,1,1,0.04127095640621227,1,0.04127095640621227,1,0.04127095640621227
BTC,2016-05-28,24,0.1018099935331375,4.191004170617429e-7,1,0,0.004710340623240886,1,1,0.1018099935331375,1,0.1018099935331375,1,0.1018099935331375
BTC,2016-05-29,24,-0.005798387399112471,4.756626108923622e-7,1,0,0.005121579081345606,1,1,-0.005798387399112471,1,-0.005798387399112471,1,-0.005798387399112471
BTC,2016-05-30,24,0.01911923137477325,5.070359537356633e-7,1,0,0.0052812661378077806,1,1,0.01911923137477325,1,0.01911923137477325,1,0.01911923137477325
BTC,2016-05-31,24,0.004131340825521749,5.088584162706247e-7,1,0,0.005440746686360863,1,1,0.004131340825521749,1,0.004131340825521749,1,0.004131340825521749
BTC,2016-06-01,24,0.008202491723885397,5.078691466264328e-7,1,0,0.005494333171316233,1,1,0.008202491723885397,1,0.008202491723885397,1,0.008202491723885397
BTC,2016-06-02,24,0.0029029923797904813,5.008303891920169e-7,1,0,0.005488777015710764,1,1,0.0029029923797904813,1,0.0029029923797904813,1,0.0029029923797904813
BTC,2016-06-03,24,0.05765517733883397,5.005008073810537e-7,1,0,0.005612999391816407,1,1,0.05765517733883397,1,0.05765517733883397,1,0.05765517733883397
BTC,2016-06-04,24,0.006039720597388366,5.068202247515863e-7,1,0,0.005750556080800162,1,1,0.006039720597388366,1,0.006039720597388366,1,0.006039720597388366
BTC,2016-06-05,24,0.002838153147022825,5.183238799452534e-7,1,0,0.005800904426511552,1,1,0.002838153147022825,1,0.002838153147022825,1,0.002838153147022825
BTC,2016-06-06,24,0.018853539361114086,5.148941319059872e-7,1,0,0.005806323742639164,1,1,0.018853539361114086,1,0.018853539361114086,1,0.018853539361114086
BTC,2016-06-07,24,-0.011692017649610805,4.935240506343605e-7,1,0,0.005851212208994249,1,1,-0.011692017649610805,1,-0.011692017649610805,1,-0.011692017649610805
BTC,2016-06-08,24,0.006516253297558448,4.951169046678282e-7,1,0,0.005866870955323754,1,1,0.006516253297558448,1,0.006516253297558448,1,0.006516253297558448
BTC,2016-06-09,24,-0.012041694552771012,4.87375629354544e-7,1,0,0.005848129266207582,1,1,-0.012041694552771012,1,-0.012041694552771012,1,-0.012041694552771012
BTC,2016-06-10,24,0.008237084841865736,4.89925681006974e-7,1,0,0.005843953612414845,1,1,0.008237084841865736,1,0.008237084841865736,1,0.008237084841865736
BTC,2016-06-11,24,0.04987785291368621,5.009050806232788e-7,1,0,0.0059639974959774305,1,1,0.04987785291368621,1,0.04987785291368621,1,0.04987785291368621
BTC,2016-06-12,24,0.09037516814626936,5.062469866161306e-7,1,0,0.0062173824893752005,1,1,0.09037516814626936,1,0.09037516814626936,1,0.09037516814626936
BTC,2016-06-13,24,0.05299715318786795,5.512281814136376e-7,1,0,0.006661150181576402,1,1,0.05299715318786795,1,0.05299715318786795,1,0.05299715318786795
BTC,2016-06-14,24,-0.025368517599009294,5.526763028938144e-7,1,0,0.006899443527689539,1,1,-0.025368517599009294,1,-0.025368517599009294,1,-0.025368517599009294
BTC,2016-06-15,24,0.014836530516706657,5.521654915298154e-7,1,0,0.006933039784985461,1,1,0.014836530516706657,1,0.014836530516706657,1,0.014836530516706657
BTC,2016-06-16,24,0.09191885582298723,5.35173011415204e-7,1,0,0.0070775697949386944,1,1,0.09191885582298723,1,0.09191885582298723,1,0.09191885582298723
BTC,2016-06-17,24,-0.017635406455454868,5.710082666240614e-7,1,0,0.007545756148470734,1,1,-0.017635406455454868,1,-0.017635406455454868,1,-0.017635406455454868
BTC,2016-06-18,24,0.011195384145223974,5.306457036688193e-7,1,0,0.007514039141623468,1,1,0.011195384145223974,1,0.011195384145223974,1,0.011195384145223974
BTC,2016-06-19,24,0.009687657807952929,5.009329113986044e-7,1,0,0.007360596478270584,1,1,0.009687657807952929,1,0.009687657807952929,1,0.009687657807952929
BTC,2016-06-20,24,-0.04011518092229428,4.853167748593215e-7,1,0,0.007395318577005899,1,1,-0.04011518092229428,1,-0.04011518092229428,1,-0.04011518092229428
BTC,2016-06-21,24,-0.09652455860499062,5.602175729750181e-7,1,0,0.008223530866601625,1,1,-0.09652455860499062,1,-0.09652455860499062,1,-0.09652455860499062
BTC,2016-06-22,24,-0.10372528476293465,5.863646998712786e-7,1,0,0.008616914504387767,1,1,-0.10372528476293465,1,-0.10372528476293465,1,-0.10372528476293465
BTC,2016-06-23,24,0.04139332061018768,7.08886176765197e-7,1,0,0.009655256461840395,1,1,0.04139332061018768,1,0.04139332061018768,1,0.04139332061018768
BTC,2016-06-24,24,0.06901593026340204,7.622954264429231e-7,1,0,0.010284809716394772,2,1,0.06901593026340204,1,0.06901593026340204,1,0.06901593026340204
BTC,2016-06-25,24,0.002510966361905292,7.898422339320155e-7,1,0,0.01053976160700128,2,1,0.002510966361905292,1,0.002510966361905292,1,0.002510966361905292
BTC,2016-06-26,24,-0.06735152521482594,8.122279811752881e-7,1,0,0.010660073506462411,2,1,-0.06735152521482594,1,-0.06735152521482594,1,-0.06735152521482594
BTC,2016-06-27,24,0.05180752722654267,8.326781432623669e-7,1,0,0.01058563563942277,2,1,0.05180752722654267,1,0.05180752722654267,1,0.05180752722654267
BTC,2016-06-28,24,-0.02159860502883792,8.085504447112921e-7,1,0,0.010424949990627578,2,1,-0.02159860502883792,1,-0.02159860502883792,1,-0.02159860502883792
BTC,2016-06-29,24,-0.009598964484553408,7.948020514088897e-7,1,0,0.010396825041828137,2,1,-0.009598964484553408,1,-0.009598964484553408,1,-0.009598964484553408
BTC,2016-06-30,24,0.04321997910450205,7.993756323936216e-7,1,0,0.010371315735924966,2,1,0.04321997910450205,1,0.04321997910450205,1,0.04321997910450205
BTC,2016-07-01,24,0.0036803547090742328,7.968538251522305e-7,1,0,0.010360060161558465,2,1,0.0036803547090742328,1,0.0036803547090742328,1,0.0036803547090742328
BTC,2016-07-02,23,0.0411447910805275,8.050849759212962e-7,1,0,0.01038381278089275,2,1,0.0411447910805275,1,0.0411447910805275,1,0.0411447910805275
BTC,2016-07-03,24,-0.06845804523680707,8.332051785637792e-7,1,0,0.010499401201185782,2,1,-0.06845804523680707,1,-0.06845804523680707,1,-0.06845804523680707
BTC,2016-07-04,24,0.02879731559688642,8.357401836812448e-7,1,0,0.010474651300743442,2,1,0.02879731559688642,1,0.02879731559688642,1,0.02879731559688642
BTC,2016-07-05,24,-0.008616260136113604,8.414765193639496e-7,1,0,0.010494256586916547,2,1,-0.008616260136113604,1,-0.008616260136113604,1,-0.008616260136113604
BTC,2016-07-06,24,0.011721060274799525,8.421363424598356e-7,1,0,0.010491887961633055,2,1,0.011721060274799525,1,0.011721060274799525,1,0.011721060274799525
BTC,2016-07-07,24,-0.055725991369039975,8.961907347338787e-7,1,0,0.010796732110425698,2,1,-0.055725991369039975,1,-0.055725991369039975,1,-0.055725991369039975
BTC,2016-07-08,24,0.047325721288860784,9.004919079311929e-7,1,0,0.01084716132637029,2,1,0.047325721288860784,1,0.047325721288860784,1,0.047325721288860784
BTC,2016-07-09,24,-0.0293741404847672,9.253232671733772e-7,1,0,0.011032475826220167,2,1,-0.0293741404847672,1,-0.0293741404847672,1,-0.0293741404847672
BTC,2016-07-10,24,-0.002964512527677913,9.393063250353704e-7,1,0,0.011059002135169638,2,1,-0.002964512527677913,1,-0.002964512527677913,1,-0.002964512527677913
BTC,2016-07-11,24,0.001091594066190044,9.482279490763713e-7,1,0,0.011085293486339787,2,1,0.001091594066190044,1,0.001091594066190044,1,0.001091594066190044
BTC,2016-07-12,24,0.02311802707522398,9.684273310349954e-7,1,0,0.010941516260514499,2,1,0.02311802707522398,1,0.02311802707522398,1,0.02311802707522398
BTC,2016-07-13,24,-0.016486510074003313,9.585450185039556e-7,1,0,0.01068726214060299,2,1,-0.016486510074003313,1,-0.016486510074003313,1,-0.016486510074003313
BTC,2016-07-14,24,0.011956746649467912,9.713090273150826e-7,1,0,0.010548797968814532,2,1,0.011956746649467912,1,0.011956746649467912,1,0.011956746649467912
BTC,2016-07-15,24,0.003252672014060435,9.791894246892964e-7,1,0,0.010543172098885629,2,1,0.003252672014060435,1,0.003252672014060435,1,0.003252672014060435
BTC,2016-07-16,24,-2.255384740607034e-4,1.0275498069593658e-6,1,0,0.010447164245372067,2,1,-2.255384740607034e-4,1,-2.255384740607034e-4,1,-2.255384740607034e-4
BTC,2016-07-17,24,0.025037317522697944,1.0328537311429418e-6,1,0,0.010130417759669278,2,1,0.025037317522697944,1,0.025037317522697944,1,0.025037317522697944
BTC,2016-07-18,24,-0.01042282682223556,1.080835520855053e-6,1,0,0.010018203420503498,2,1,-0.01042282682223556,1,-0.01042282682223556,1,-0.01042282682223556
BTC,2016-07-19,24,-0.002519509717069946,1.1006771330648e-6,1,0,0.009994060277928736,2,1,-0.002519509717069946,1,-0.002519509717069946,1,-0.002519509717069946
BTC,2016-07-20,24,-0.010350638571943313,1.1234036920945009e-6,1,0,0.009915162584737,1,1,-0.010350638571943313,1,-0.010350638571943313,1,-0.010350638571943313
BTC,2016-07-21,24,-4.219089414938446e-4,1.116302674894003e-6,1,0,0.009254001320793273,1,1,-4.219089414938446e-4,1,-4.219089414938446e-4,1,-4.219089414938446e-4
BTC,2016-07-22,24,-0.022369443712097526,1.1371460768244309e-6,1,0,0.008903215688332133,1,1,-0.022369443712097526,1,-0.022369443712097526,1,-0.022369443712097526
BTC,2016-07-23,24,0.010036237620051376,9.580844510705439e-7,1,0,0.007784538982866863,1,1,0.010036237620051376,1,0.010036237620051376,1,0.010036237620051376
BTC,2016-07-24,23,0.008550606035264897,8.652872546912896e-7,1,0,0.0069679710602351,1,1,0.008550606035264897,1,0.008550606035264897,1,0.008550606035264897
BTC,2016-07-25,24,-0.017687302115205302,8.147241790726573e-7,1,0,0.00665050490615559,1,1,-0.017687302115205302,1,-0.017687302115205302,1,-0.017687302115205302
BTC,2016-07-26,24,-0.0026672090641409515,7.357281597161172e-7,1,0,0.0062971601435251505,1,1,-0.0026672090641409515,1,-0.0026672090641409515,1,-0.0026672090641409515
BTC,2016-07-27,24,0.010679691613765514,6.65282004470738e-7,1,0,0.006028711743652718,1,1,0.010679691613765514,1,0.010679691613765514,1,0.010679691613765514
BTC,2016-07-28,24,-0.0013693217752920503,6.67774380737532e-7,1,0,0.005924165477522702,1,1,-0.0013693217752920503,1,-0.0013693217752920503,1,-0.0013693217752920503
BTC,2016-07-29,24,0.00118817324746581,6.736470083907529e-7,1,0,0.005851814557946278,1,1,0.00118817324746581,1,0.00118817324746581,1,0.00118817324746581
BTC,2016-07-30,23,-0.001737037417365936,6.636953626147377e-7,1,0,0.005722180632560545,1,1,-0.001737037417365936,1,-0.001737037417365936,1,-0.001737037417365936
BTC,2016-07-31,24,-0.05187779674220055,6.920399012500578e-7,1,0,0.005778008394853782,1,1,-0.05187779674220055,1,-0.05187779674220055,1,-0.05187779674220055
BTC,2016-08-01,24,-0.032683762730720795,6.696562279558743e-7,1,0,0.005783432880233862,1,1,-0.032683762730720795,1,-0.032683762730720795,1,-0.032683762730720795
BTC,2016-08-02,24,-0.10960316952701395,9.634584527844286e-7,1,0,0.007509979603663411,1,1,-0.10960316952701395,1,-0.10960316952701395,1,-0.10960316952701395
BTC,2016-08-03,24,0.05375138192459618,9.554406141305593e-7,1,0,0.007745052702311412,1,1,0.05375138192459618,1,0.05375138192459618,1,0.05375138192459618
BTC,2016-08-04,24,0.02232277770817853,9.359202428689131e-7,1,0,0.007817580682981069,1,1,0.02232277770817853,1,0.02232277770817853,1,0.02232277770817853
BTC,2016-08-05,24,-0.012160833889120974,9.34618526558215e-7,1,0,0.007823618215484673,1,1,-0.012160833889120974,1,-0.012160833889120974,1,-0.012160833889120974
BTC,2016-08-06,24,0.0276153022233811,8.840057760617144e-7,1,0,0.007460840137793464,1,1,0.0276153022233811,1,0.0276153022233811,1,0.0276153022233811
BTC,2016-08-07,24,0.005463638020275186,8.786011087436016e-7,1,0,0.0074025448494938135,1,1,0.005463638020275186,1,0.005463638020275186,1,0.005463638020275186
BTC,2016-08-08,24,-0.005340284389762653,8.360141418803446e-7,1,0,0.007140259837993117,1,1,-0.005340284389762653,1,-0.005340284389762653,1,-0.005340284389762653
BTC,2016-08-09,24,-0.009525975412634556,8.245881164579922e-7,1,0,0.0071294953670437726,1,1,-0.009525975412634556,1,-0.009525975412634556,1,-0.009525975412634556
BTC,2016-08-10,24,0.008120871662866153,8.096684773163975e-7,1,0,0.007147121338194644,1,1,0.008120871662866153,1,0.008120871662866153,1,0.008120871662866153
BTC,2016-08-11,24,-0.005072062849363856,7.874419561564215e-7,1,0,0.00709004319220867,1,1,-0.005072062849363856,1,-0.005072062849363856,1,-0.005072062849363856
BTC,2016-08-12,24,5.270629962283334e-4,7.821321916072979e-7,1,0,0.0070657456837029545,1,1,5.270629962283334e-4,1,5.270629962283334e-4,1,5.270629962283334e-4
BTC,2016-08-13,24,-0.005966909975788203,7.868830054573089e-7,1,0,0.007036795101508327,1,1,-0.005966909975788203,1,-0.005966909975788203,1,-0.005966909975788203
BTC,2016-08-14,24,-0.02468577290239836,7.993553879931443e-7,1,0,0.007086844601715638,1,1,-0.02468577290239836,1,-0.02468577290239836,1,-0.02468577290239836
BTC,2016-08-15,24,-0.007105950328579711,7.974397866108902e-7,1,0,0.007096821003622317,1,1,-0.007105950328579711,1,-0.007105950328579711,1,-0.007105950328579711
BTC,2016-08-16,24,0.02284307922961916,7.939365486118288e-7,1,0,0.007102932474915698,1,1,0.02284307922961916,1,0.02284307922961916,1,0.02284307922961916
BTC,2016-08-17,24,-0.010981210019170502,7.999979996914116e-7,1,0,0.007092524262931703,1,1,-0.010981210019170502,1,-0.010981210019170502,1,-0.010981210019170502
BTC,2016-08-18,24,0.003969226338573159,8.077673092601165e-7,1,0,0.00709202657366639,1,1,0.003969226338573159,1,0.003969226338573159,1,0.003969226338573159
BTC,2016-08-19,24,-0.004632298480684864,8.251373479414185e-7,1,0,0.007086548959331937,1,1,-0.004632298480684864,1,-0.004632298480684864,1,-0.004632298480684864
BTC,2016-08-20,23,0.016016965068493313,8.271661545473044e-7,1,0,0.007091423463856241,1,1,0.016016965068493313,1,0.016016965068493313,1,0.016016965068493313
BTC,2016-08-21,24,-0.0010655851413893201,8.462137598599979e-7,1,0,0.007085301955221344,1,1,-0.0010655851413893201,1,-0.0010655851413893201,1,-0.0010655851413893201
BTC,2016-08-22,23,0.00593219172702213,8.408580449961128e-7,1,0,0.007048882314263164,1,1,0.00593219172702213,1,0.00593219172702213,1,0.00593219172702213
BTC,2016-08-23,24,-0.002755978019037005,8.374012518764852e-7,1,0,0.007027009074471223,1,1,-0.002755978019037005,1,-0.002755978019037005,1,-0.002755978019037005
BTC,2016-08-24,24,-0.002181059630503249,8.3777077586357e-7,1,0,0.007003624766638122,1,1,-0.002181059630503249,1,-0.002181059630503249,1,-0.002181059630503249
BTC,2016-08-25,24,-0.008919440453132631,8.333188761283953e-7,1,0,0.0070016337963004355,1,1,-0.008919440453132631,1,-0.008919440453132631,1,-0.008919440453132631
BTC,2016-08-26,24,0.0041857710513463296,8.524769221361845e-7,1,0,0.006967939676090243,1,1,0.0041857710513463296,1,0.0041857710513463296,1,0.0041857710513463296
BTC,2016-08-27,24,-0.015901794741751428,8.587073260710847e-7,1,0,0.006962174002595573,1,1,-0.015901794741751428,1,-0.015901794741751428,1,-0.015901794741751428
BTC,2016-08-28,24,0.010160059411708937,8.60856242636789e-7,1,0,0.006956286603874704,1,1,0.010160059411708937,1,0.010160059411708937,1,0.010160059411708937
BTC,2016-08-29,24,-9.569835776618316e-4,8.62156519436204e-7,1,0,0.006975766808452761,1,1,-9.569835776618316e-4,1,-9.569835776618316e-4,1,-9.569835776618316e-4
BTC,2016-08-30,24,0.006008063448245033,8.53455947356039e-7,1,0,0.0068979106209682475,1,1,0.006008063448245033,1,0.006008063448245033,1,0.006008063448245033
BTC,2016-08-31,24,-0.008220792408182444,8.796871779937992e-7,1,0,0.0068315393651997595,1,1,-0.008220792408182444,1,-0.008220792408182444,1,-0.008220792408182444
BTC,2016-09-01,24,-0.0038736067698922107,8.870591402982754e-7,1,0,0.006491040349458654,1,1,-0.0038736067698922107,1,-0.0038736067698922107,1,-0.0038736067698922107
BTC,2016-09-02,24,0.00887657033712276,3.9738721837948384e-7,1,0,0.003898871745074763,1,1,0.00887657033712276,1,0.00887657033712276,1,0.00887657033712276
BTC,2016-09-03,23,0.040579372818286906,4.3091566179889615e-7,1,0,0.003945653029749206,1,1,0.040579372818286906,1,0.040579372818286906,1,0.040579372818286906
BTC,2016-09-04,24,0.014437702262336474,4.0996807268213305e-7,1,0,0.0038314810209777277,1,1,0.014437702262336474,1,0.014437702262336474,1,0.014437702262336474
BTC,2016-09-05,24,2.1974165685046318e-4,3.851273625433617e-7,1,0,0.0036986068174928413,1,1,2.1974165685046318e-4,1,2.1974165685046318e-4,1,2.1974165685046318e-4
BTC,2016-09-06,24,0.0034815380435249377,3.838234345791153e-7,1,0,0.0036208157214170983,1,1,0.0034815380435249377,1,0.0034815380435249377,1,0.0034815380435249377
BTC,2016-09-07,24,0.008677909820468784,3.76159958314165e-7,1,0,0.003588199769010346,1,1,0.008677909820468784,1,0.008677909820468784,1,0.008677909820468784
BTC,2016-09-08,24,0.022082607982465464,3.82452572303499e-7,1,0,0.0036172946296312027,1,1,0.022082607982465464,1,0.022082607982465464,1,0.022082607982465464
BTC,2016-09-09,24,-0.0079843315495885,3.7620197399324455e-7,1,0,0.0035001535824646162,1,1,-0.0079843315495885,1,-0.0079843315495885,1,-0.0079843315495885
BTC,2016-09-10,24,-0.0019360687876108507,3.9526516671949197e-7,1,0,0.003499876236650297,1,1,-0.0019360687876108507,1,-0.0019360687876108507,1,-0.0019360687876108507
BTC,2016-09-11,24,-0.02697818798369315,4.992924408043308e-7,1,0,0.003916004209574151,1,1,-0.02697818798369315,1,-0.02697818798369315,1,-0.02697818798369315
BTC,2016-09-12,24,0.004676220609026586,4.975722352537287e-7,1,0,0.003906317577287708,1,1,0.004676220609026586,1,0.004676220609026586,1,0.004676220609026586
BTC,2016-09-13,24,0.0068200095395033805,4.782995790974165e-7,1,0,0.0038067625436030744,1,1,0.0068200095395033805,1,0.0068200095395033805,1,0.0068200095395033805
BTC,2016-09-14,24,-0.002144380367137928,4.7273475193253245e-7,1,0,0.0037763997053037444,1,1,-0.002144380367137928,1,-0.002144380367137928,1,-0.002144380367137928
BTC,2016-09-15,24,-0.006551035616382091,4.7226608109556454e-7,1,0,0.0037092131809246115,1,1,-0.006551035616382091,1,-0.006551035616382091,1,-0.006551035616382091
BTC,2016-09-16,24,-0.0032546734566893305,4.669782872558497e-7,1,0,0.0036611554472296345,1,1,-0.0032546734566893305,1,-0.0032546734566893305,1,-0.0032546734566893305
BTC,2016-09-17,24,-0.0019427392139042539,4.73719539442715e-7,1,0,0.0036650803504475736,1,1,-0.0019427392139042539,1,-0.0019427392139042539,1,-0.0019427392139042539
BTC,2016-09-18,24,0.008515061020208572,4.786082649411593e-7,1,0,0.00365948641454528,1,1,0.008515061020208572,1,0.008515061020208572,1,0.008515061020208572
BTC,2016-09-19,24,-0.004567687473578468,4.695075652947612e-7,1,0,0.0036333530427071336,1,1,-0.004567687473578468,1,-0.004567687473578468,1,-0.004567687473578468
BTC,2016-09-20,24,-0.008903603748268703,4.578634917276103e-7,1,0,0.003633581762079521,1,1,-0.008903603748268703,1,-0.008903603748268703,1,-0.008903603748268703
BTC,2016-09-21,24,-0.006896865595007915,4.559743199831098e-7,1,0,0.0036530605821892604,1,1,-0.006896865595007915,1,-0.006896865595007915,1,-0.006896865595007915
BTC,2016-09-22,24,-0.00769567446884656,4.5384056782221476e-7,1,0,0.0036203700668986593,1,1,-0.00769567446884656,1,-0.00769567446884656,1,-0.00769567446884656
BTC,2016-09-23,24,0.015201827745953191,4.54688018653979e-7,1,0,0.0036265026307053414,1,1,0.015201827745953191,1,0.015201827745953191,1,0.015201827745953191
BTC,2016-09-24,24,-2.7976265053110795e-4,4.6847009140162525e-7,1,0,0.003592410470566846,1,1,-2.7976265053110795e-4,1,-2.7976265053110795e-4,1,-2.7976265053110795e-4
BTC,2016-09-25,24,-0.006646220427047943,4.7270689308409466e-7,1,0,0.003612274100968913,1,1,-0.006646220427047943,1,-0.006646220427047943,1,-0.006646220427047943
BTC,2016-09-26,24,0.014859104570875118,4.6696519887952455e-7,1,0,0.003597179831083437,1,1,0.014859104570875118,1,0.014859104570875118,1,0.014859104570875118
BTC,2016-09-27,24,-0.004072454074927448,4.591500988834459e-7,1,0,0.0035818409493456674,1,1,-0.004072454074927448,1,-0.004072454074927448,1,-0.004072454074927448
BTC,2016-09-28,24,-0.00248616723629281,4.617829613098964e-7,1,0,0.003547749456012086,1,1,-0.00248616723629281,1,-0.00248616723629281,1,-0.00248616723629281
BTC,2016-09-29,24,0.003909708964521065,4.606782961469324e-7,1,0,0.0035193822663263517,1,1,0.003909708964521065,1,0.003909708964521065,1,0.003909708964521065
BTC,2016-09-30,24,0.008412428317447162,4.5537420404995587e-7,1,0,0.0035071614045710394,1,1,0.008412428317447162,1,0.008412428317447162,1,0.008412428317447162
BTC,2016-10-01,22,0.003072825054052735,4.589114531272529e-7,1,0,0.00348402257255463,1,1,0.003072825054052735,1,0.003072825054052735,1,0.003072825054052735
BTC,2016-10-02,23,-0.0041558603046513145,4.765022601161146e-7,1,0,0.0034926800530987664,1,1,-0.0041558603046513145,1,-0.0041558603046513145,1,-0.0041558603046513145
BTC,2016-10-03,23,0.0028740834270392954,4.283585402081406e-7,1,0,0.0032472702525743985,1,1,0.0028740834270392954,1,0.0028740834270392954,1,0.0028740834270392954
BTC,2016-10-04,24,-0.0026077080829964966,4.280027577440605e-7,1,0,0.003191144366260091,1,1,-0.0026077080829964966,1,-0.0026077080829964966,1,-0.0026077080829964966
BTC,2016-10-05,24,0.0048184380192997705,4.2489300137843195e-7,1,0,0.0031872861997142036,1,1,0.0048184380192997705,1,0.0048184380192997705,1,0.0048184380192997705
BTC,2016-10-06,24,6.504318870014804e-5,4.2798873199467414e-7,1,0,0.003186334579340739,1,1,6.504318870014804e-5,1,6.504318870014804e-5,1,6.504318870014804e-5
BTC,2016-10-07,24,0.005728314644392621,4.041439701209036e-7,1,0,0.003162804725730361,1,1,0.005728314644392621,1,0.005728314644392621,1,0.005728314644392621
BTC,2016-10-08,24,0.003648782127128393,3.9215139288892497e-7,1,0,0.0030706464708970104,1,1,0.003648782127128393,1,0.003648782127128393,1,0.003648782127128393
BTC,2016-10-09,24,-0.006918317418838147,3.901103971898304e-7,1,0,0.0030417873094121506,1,1,-0.006918317418838147,1,-0.006918317418838147,1,-0.006918317418838147
BTC,2016-10-10,24,0.0036429322954554836,3.7566229490579943e-7,1,0,0.003011388901181225,1,1,0.0036429322954554836,1,0.0036429322954554836,1,0.0036429322954554836
BTC,2016-10-11,24,0.038979196051717555,2.7121723508442085e-7,1,0,0.0026094547372492068,1,1,0.038979196051717555,1,0.038979196051717555,1,0.038979196051717555
BTC,2016-10-12,24,-0.012630824833225977,2.6932326528624723e-7,1,0,0.0026166885639489356,1,1,-0.012630824833225977,1,-0.012630824833225977,1,-0.012630824833225977
BTC,2016-10-13,24,-0.0016336848259379808,2.597084044710456e-7,1,0,0.002571566125062357,1,1,-0.0016336848259379808,1,-0.0016336848259379808,1,-0.0016336848259379808
BTC,2016-10-14,24,0.009988685657482456,2.5910211521280483e-7,1,0,0.002592993232913741,1,1,0.009988685657482456,1,0.009988685657482456,1,0.009988685657482456
BTC,2016-10-15,24,2.1695715337379656e-4,2.61001161871258e-7,1,0,0.002599686324814217,1,1,2.1695715337379656e-4,1,2.1695715337379656e-4,1,2.1695715337379656e-4
BTC,2016-10-16,23,0.003942283668019576,2.607131641438281e-7,1,0,0.002583042338116484,1,1,0.003942283668019576,1,0.003942283668019576,1,0.003942283668019576
BTC,2016-10-17,24,-0.0035880735178336147,2.5010908432854896e-7,1,0,0.0025531084263885413,1,1,-0.0035880735178336147,1,-0.0035880735178336147,1,-0.0035880735178336147
BTC,2016-10-18,24,-0.006269456020317888,2.4488014986362396e-7,1,0,0.0025413263032850924,1,1,-0.006269456020317888,1,-0.006269456020317888,1,-0.006269456020317888
BTC,2016-10-19,24,-0.008624616911195818,2.5073826257231923e-7,1,0,0.0026004830879108824,1,1,-0.008624616911195818,1,-0.008624616911195818,1,-0.008624616911195818
BTC,2016-10-20,23,-0.002298760474843658,2.637603919953872e-7,1,0,0.002643221136778953,1,1,-0.002298760474843658,1,-0.002298760474843658,1,-0.002298760474843658
BTC,2016-10-21,24,0.006927776663654205,2.5266828433237543e-7,1,0,0.0025711349163728223,1,1,0.006927776663654205,1,0.006927776663654205,1,0.006927776663654205
BTC,2016-10-22,24,0.041364192601480186,2.7210296503359636e-7,1,0,0.002725354804350742,1,1,0.041364192601480186,1,0.041364192601480186,1,0.041364192601480186
BTC,2016-10-23,24,-0.0053680982584920454,2.769968488913688e-7,1,0,0.002770725830434976,1,1,-0.0053680982584920454,1,-0.0053680982584920454,1,-0.0053680982584920454
BTC,2016-10-24,24,-0.007712699253421454,2.712278003682186e-7,1,0,0.002807107127098161,1,1,-0.007712699253421454,1,-0.007712699253421454,1,-0.007712699253421454
BTC,2016-10-25,24,0.004981214240920285,2.6614750177476216e-7,1,0,0.0028690888219917977,1,1,0.004981214240920285,1,0.004981214240920285,1,0.004981214240920285
BTC,2016-10-26,24,0.03214931466890613,2.5973848218369537e-7,1,0,0.0028895007764874734,1,1,0.03214931466890613,1,0.03214931466890613,1,0.03214931466890613
BTC,2016-10-27,24,0.013884774556459877,2.630007975714856e-7,1,0,0.0029674399570173296,1,1,0.013884774556459877,1,0.013884774556459877,1,0.013884774556459877
BTC,2016-10-28,24,0.004665941056096499,2.5968906742017675e-7,1,0,0.0029809668244682288,1,1,0.004665941056096499,1,0.004665941056096499,1,0.004665941056096499
BTC,2016-10-29,24,0.034177359047959266,2.6606630122178925e-7,1,0,0.003089433674828519,1,1,0.034177359047959266,1,0.034177359047959266,1,0.034177359047959266
BTC,2016-10-30,24,-0.018479478897231488,2.921322636232262e-7,1,0,0.003317675105055027,1,1,-0.018479478897231488,1,-0.018479478897231488,1,-0.018479478897231488
BTC,2016-10-31,24,-0.0028546220511350383,3.038376504031897e-7,1,0,0.0034127760481514747,1,1,-0.0028546220511350383,1,-0.0028546220511350383,1,-0.0028546220511350383
BTC,2016-11-01,24,0.04862533824591365,3.0401080804696517e-7,1,0,0.0035337115163277654,1,1,0.04862533824591365,1,0.04862533824591365,1,0.04862533824591365
BTC,2016-11-02,24,0.017998694971666823,3.028758017490204e-7,1,0,0.0036063281762509446,1,1,0.017998694971666823,1,0.017998694971666823,1,0.017998694971666823
BTC,2016-11-03,24,-0.07631429622002875,3.461637936886602e-7,1,0,0.0040808642228926,1,1,-0.07631429622002875,1,-0.07631429622002875,1,-0.07631429622002875
BTC,2016-11-04,24,0.019821635006186195,3.646128648047742e-7,1,0,0.004255483724112135,1,1,0.019821635006186195,1,0.019821635006186195,1,0.019821635006186195
BTC,2016-11-05,24,6.258345254299306e-4,3.646558289242747e-7,1,0,0.004266552245959294,1,1,6.258345254299306e-4,1,6.258345254299306e-4,1,6.258345254299306e-4
BTC,2016-11-06,24,0.012685343895532296,3.837938097929564e-7,1,0,0.004333983157523529,1,1,0.012685343895532296,1,0.012685343895532296,1,0.012685343895532296
BTC,2016-11-07,24,-0.01145888187209777,3.8818257405333046e-7,1,0,0.004364971616173099,1,1,-0.01145888187209777,1,-0.01145888187209777,1,-0.01145888187209777
BTC,2016-11-08,24,0.007261387899305234,3.872207565706912e-7,1,0,0.0043929578908249375,1,1,0.007261387899305234,1,0.007261387899305234,1,0.007261387899305234
BTC,2016-11-09,24,0.01379908995996987,3.9200662833219793e-7,1,0,0.004546829097709782,1,1,0.01379908995996987,1,0.01379908995996987,1,0.01379908995996987
BTC,2016-11-10,24,-0.011696039763190872,3.8027899633174254e-7,1,0,0.004466744262659605,1,1,-0.011696039763190872,1,-0.011696039763190872,1,-0.011696039763190872
BTC,2016-11-11,24,0.005238356661588612,3.8018140924053e-7,1,0,0.004462137009087097,1,1,0.005238356661588612,1,0.005238356661588612,1,0.005238356661588612
BTC,2016-11-12,24,-0.01934296284313061,3.8302084560255964e-7,1,0,0.004480707661593731,1,1,-0.01934296284313061,1,-0.01934296284313061,1,-0.01934296284313061
BTC,2016-11-13,24,-0.0033151481271300612,3.9425553389773727e-7,1,0,0.004547908609854273,1,1,-0.0033151481271300612,1,-0.0033151481271300612,1,-0.0033151481271300612
BTC,2016-11-14,24,0.007558971266707668,3.9419965995953867e-7,1,0,0.00456387622837769,1,1,0.007558971266707668,1,0.007558971266707668,1,0.007558971266707668
BTC,2016-11-15,24,0.0060861611086664835,3.887530894253417e-7,1,0,0.00457189245553876,1,1,0.0060861611086664835,1,0.0060861611086664835,1,0.0060861611086664835
BTC,2016-11-16,24,0.041705719144620346,4.131169819754803e-7,1,0,0.004823852893096449,1,1,0.041705719144620346,1,0.041705719144620346,1,0.041705719144620346
BTC,2016-11-17,24,-0.0033808297600649534,3.952653777719378e-7,1,0,0.00488445023574082,1,1,-0.0033808297600649534,1,-0.0033808297600649534,1,-0.0033808297600649534
BTC,2016-11-18,24,0.017611557217675253,3.8693708036108235e-7,1,0,0.004871972090912104,1,1,0.017611557217675253,1,0.017611557217675253,1,0.017611557217675253
BTC,2016-11-19,24,-3.217610194344949e-4,3.875799630253519e-7,1,0,0.004927437229707909,1,1,-3.217610194344949e-4,1,-3.217610194344949e-4,1,-3.217610194344949e-4
BTC,2016-11-20,24,-0.03012105551692582,4.05484355005911e-7,1,0,0.005077885545125012,1,1,-0.03012105551692582,1,-0.03012105551692582,1,-0.03012105551692582
BTC,2016-11-21,24,0.011341854128316252,4.041963845300703e-7,1,0,0.005015409336008139,1,1,0.011341854128316252,1,0.011341854128316252,1,0.011341854128316252
BTC,2016-11-22,24,0.01580933071895837,3.94399149531063e-7,1,0,0.0050104144198980455,1,1,0.01580933071895837,1,0.01580933071895837,1,0.01580933071895837
BTC,2016-11-23,24,-0.010430866693218367,4.014652723440339e-7,1,0,0.005051315044363309,1,1,-0.010430866693218367,1,-0.010430866693218367,1,-0.010430866693218367
BTC,2016-11-24,24,-0.004782435723843972,4.081865401362319e-7,1,0,0.005048871568524526,1,1,-0.004782435723843972,1,-0.004782435723843972,1,-0.004782435723843972
BTC,2016-11-25,24,0.004998051712604956,4.114166410425825e-7,1,0,0.0050356372629485,1,1,0.004998051712604956,1,0.004998051712604956,1,0.004998051712604956
BTC,2016-11-26,24,-0.012160306016805416,4.180246168419164e-7,1,0,0.005026961664074629,1,1,-0.012160306016805416,1,-0.012160306016805416,1,-0.012160306016805416
BTC,2016-11-27,24,-0.004428959464469383,4.2334632451169625e-7,1,0,0.005028485099795579,1,1,-0.004428959464469383,1,-0.004428959464469383,1,-0.004428959464469383
BTC,2016-11-28,24,0.005791970293338363,4.211823333602095e-7,1,0,0.004966991755843968,1,1,0.005791970293338363,1,0.005791970293338363,1,0.005791970293338363
BTC,2016-11-29,24,-0.002960095465725096,4.0280771798931455e-7,1,0,0.004816972995917416,1,1,-0.002960095465725096,1,-0.002960095465725096,1,-0.002960095465725096
BTC,2016-11-30,24,0.014102279565129622,3.9189252119736094e-7,1,0,0.004763085328369785,1,1,0.014102279565129622,1,0.014102279565129622,1,0.014102279565129622
BTC,2016-12-01,24,0.013503585049546761,3.837341914918483e-7,1,0,0.004655758421587651,1,1,0.013503585049546761,1,0.013503585049546761,1,0.013503585049546761
BTC,2016-12-02,24,0.027537998611474712,3.723429556926295e-7,1,0,0.004618181211387075,1,1,0.027537998611474712,1,0.027537998611474712,1,0.027537998611474712
BTC,2016-12-03,24,-0.011381932262165084,3.460362568368226e-7,1,0,0.00425675639451279,1,1,-0.011381932262165084,1,-0.011381932262165084,1,-0.011381932262165084
BTC,2016-12-04,24,0.005548524580345336,3.295263729845734e-7,1,0,0.004078432227672533,1,1,0.005548524580345336,1,0.005548524580345336,1,0.005548524580345336
BTC,2016-12-05,24,-0.022249597882014804,3.2165687748610965e-7,1,0,0.004089621779068656,1,1,-0.022249597882014804,1,-0.022249597882014804,1,-0.022249597882014804
BTC,2016-12-06,24,0.008347163454135545,3.106813788646253e-7,1,0,0.004047020752041415,1,1,0.008347163454135545,1,0.008347163454135545,1,0.008347163454135545
BTC,2016-12-07,24,0.008701677730360676,3.112307668550192e-7,1,0,0.004044989102874133,1,1,0.008701677730360676,1,0.008701677730360676,1,0.008701677730360676
BTC,2016-12-08,24,0.00427445004462034,3.0806390763262737e-7,1,0,0.004018546332108681,1,1,0.00427445004462034,1,0.00427445004462034,1,0.00427445004462034
BTC,2016-12-09,24,0.004389742859757834,2.9722198137980385e-7,1,0,0.00384411872265499,1,1,0.004389742859757834,1,0.004389742859757834,1,0.004389742859757834
BTC,2016-12-10,24,0.004308623640843636,2.9279110448722526e-7,1,0,0.0037866579743265584,1,1,0.004308623640843636,1,0.004308623640843636,1,0.004308623640843636
BTC,2016-12-11,24,-0.00429177715958724,2.9605252509707454e-7,1,0,0.0038031972362684093,1,1,-0.00429177715958724,1,-0.00429177715958724,1,-0.00429177715958724
BTC,2016-12-12,24,0.008250383142656177,2.8934180945296973e-7,1,0,0.003775742249829464,1,1,0.008250383142656177,1,0.008250383142656177,1,0.008250383142656177
BTC,2016-12-13,24,8.29910748728192e-4,2.87835210425405e-7,1,0,0.0037652676161347557,1,1,8.29910748728192e-4,1,8.29910748728192e-4,1,8.29910748728192e-4
BTC,2016-12-14,24,-0.0014920206664457702,2.846909972919566e-7,1,0,0.003751468087977821,1,1,-0.0014920206664457702,1,-0.0014920206664457702,1,-0.0014920206664457702
BTC,2016-12-15,24,7.083769401341881e-4,2.811938039135447e-7,1,0,0.003721925233375128,1,1,7.083769401341881e-4,1,7.083769401341881e-4,1,7.083769401341881e-4
BTC,2016-12-16,24,0.009337972069694186,2.436141566326677e-7,1,0,0.0033953432213089173,1,1,0.009337972069694186,1,0.009337972069694186,1,0.009337972069694186
BTC,2016-12-17,24,0.009578254386721295,2.5229971308550127e-7,1,0,0.003313001783203846,1,1,0.009578254386721295,1,0.009578254386721295,1,0.009578254386721295
BTC,2016-12-18,23,0.001565040201499369,2.5819851873327774e-7,1,0,0.0032823971496479198,1,1,0.001565040201499369,1,0.001565040201499369,1,0.001565040201499369
BTC,2016-12-19,24,-0.002106191352919818,2.47166854463407e-7,1,0,0.0031664963525644503,1,1,-0.002106191352919818,1,-0.002106191352919818,1,-0.002106191352919818
BTC,2016-12-20,24,0.010928782520351898,2.1304464452432678e-7,1,0,0.0029311656565144013,1,1,0.010928782520351898,1,0.010928782520351898,1,0.010928782520351898
BTC,2016-12-21,24,0.03525394060646461,2.0608653619235022e-7,1,0,0.002950845801161339,1,1,0.03525394060646461,1,0.03525394060646461,1,0.03525394060646461
BTC,2016-12-22,24,0.035506688456910136,2.218928583740018e-7,1,0,0.0030968564774893977,1,1,0.035506688456910136,1,0.035506688456910136,1,0.035506688456910136
BTC,2016-12-23,24,0.0654719516348144,2.449940067121301e-7,1,0,0.0033987050246860532,1,1,0.0654719516348144,1,0.0654719516348144,1,0.0654719516348144
BTC,2016-12-24,24,-0.025055620780287582,2.5148802717748736e-7,1,0,0.0034792271800874676,1,1,-0.025055620780287582,1,-0.025055620780287582,1,-0.025055620780287582
BTC,2016-12-25,24,0.0014830365794233499,2.7523876592833343e-7,1,0,0.003678917012788358,1,1,0.0014830365794233499,1,0.0014830365794233499,1,0.0014830365794233499
BTC,2016-12-26,24,0.0052293952235942,2.8423477444556295e-7,1,0,0.003793329079624839,1,1,0.0052293952235942,1,0.0052293952235942,1,0.0052293952235942
BTC,2016-12-27,24,0.03434404894224667,2.7881924383565514e-7,1,0,0.003816109813466486,1,1,0.03434404894224667,1,0.03434404894224667,1,0.03434404894224667
BTC,2016-12-28,24,0.0471054916818385,2.8891345057458346e-7,1,0,0.0040107467866533535,1,1,0.0471054916818385,1,0.0471054916818385,1,0.0471054916818385
BTC,2016-12-29,24,-0.0037709007503271535,2.9133565697310896e-7,1,0,0.004100353570854622,1,1,-0.0037709007503271535,1,-0.0037709007503271535,1,-0.0037709007503271535
BTC,2016-12-30,24,-0.014005786312951006,2.991479865382481e-7,1,0,0.004205106911113783,1,1,-0.014005786312951006,1,-0.014005786312951006,1,-0.014005786312951006
BTC,2016-12-31,24,0.0069297385160337855,3.097343086453735e-7,1,0,0.004254507505265981,1,1,0.0069297385160337855,1,0.0069297385160337855,1,0.0069297385160337855
BTC,2017-01-01,24,0.02920499216761575,3.236924358239898e-7,1,0,0.004302224380736748,1,1,0.02920499216761575,1,0.02920499216761575,1,0.02920499216761575
BTC,2017-01-02,24,0.02152113536439284,3.1679373546234125e-7,1,0,0.004336134508143846,1,1,0.02152113536439284,1,0.02152113536439284,1,0.02152113536439284
BTC,2017-01-03,24,0.019902010996916627,3.1387273880692194e-7,1,0,0.004375109974763557,1,1,0.019902010996916627,1,0.019902010996916627,1,0.019902010996916627
BTC,2017-01-04,24,0.08752565198337214,4.5209862210485136e-7,1,0,0.0054795521638242315,1,1,0.08752565198337214,1,0.08752565198337214,1,0.08752565198337214
BTC,2017-01-05,24,-0.11909012424180929,8.496800339980719e-7,2,0,0.008060136351100885,2,1,-0.11909012424180929,1,-0.11909012424180929,1,-0.11909012424180929
BTC,2017-01-06,24,-0.1160961968604744,9.457032536376597e-7,2,0,0.008876095003889993,2,1,-0.1160961968604744,1,-0.1160961968604744,1,-0.1160961968604744
BTC,2017-01-07,24,0.013613165209342089,1.031173562450688e-6,2,0,0.009609085853776506,2,1,0.013613165209342089,1,0.013613165209342089,1,0.013613165209342089
BTC,2017-01-08,24,0.009796570177539713,1.0456022580575628e-6,2,0,0.009760692789324277,2,1,0.009796570177539713,1,0.009796570177539713,1,0.009796570177539713
BTC,2017-01-09,24,-0.013094955416197472,1.060769921239992e-6,2,0,0.00987808172311147,2,1,-0.013094955416197472,1,-0.013094955416197472,1,-0.013094955416197472
BTC,2017-01-10,24,0.004967696009641535,1.0551752320751445e-6,2,0,0.0098957866007826,2,1,0.004967696009641535,1,0.004967696009641535,1,0.004967696009641535
BTC,2017-01-11,24,-0.14102759013562652,1.0422211794327644e-6,2,0,0.010462720210854082,2,1,-0.14102759013562652,1,-0.14102759013562652,1,-0.14102759013562652
BTC,2017-01-12,24,0.022420976283993123,1.0571197130441173e-6,2,0,0.010755117778430023,2,1,0.022420976283993123,1,0.022420976283993123,1,0.022420976283993123
BTC,2017-01-13,24,0.030606511420650944,1.053346636352412e-6,2,0,0.010876687043998775,2,1,0.030606511420650944,1,0.030606511420650944,1,0.030606511420650944
BTC,2017-01-14,24,-0.017255723333299895,1.0600693555739183e-6,2,0,0.010974324857529898,2,1,-0.017255723333299895,1,-0.017255723333299895,1,-0.017255723333299895
BTC,2017-01-15,24,0.010314894680424812,1.0643420005059832e-6,2,0,0.011000754170560291,2,1,0.010314894680424812,1,0.010314894680424812,1,0.010314894680424812
BTC,2017-01-16,24,0.006827963597337831,1.0612589691985367e-6,2,0,0.011032891212196316,2,1,0.006827963597337831,1,0.006827963597337831,1,0.006827963597337831
BTC,2017-01-17,24,0.08467226493855277,1.0363131777077873e-6,2,0,0.011177570481889207,2,1,0.08467226493855277,1,0.08467226493855277,1,0.08467226493855277
BTC,2017-01-18,24,-0.015658260301710115,1.0320366407277433e-6,2,0,0.011323577893161425,2,1,-0.015658260301710115,1,-0.015658260301710115,1,-0.015658260301710115
BTC,2017-01-19,24,0.00870225155540516,1.0235788414711746e-6,2,0,0.01136004790248649,2,1,0.00870225155540516,1,0.00870225155540516,1,0.00870225155540516
BTC,2017-01-20,24,-0.0016578376636970297,1.0284008535746502e-6,2,0,0.011367374850543413,2,1,-0.0016578376636970297,1,-0.0016578376636970297,1,-0.0016578376636970297
BTC,2017-01-21,24,0.02925670737719213,1.028198307469098e-6,2,0,0.011338778264716482,2,1,0.02925670737719213,1,0.02925670737719213,1,0.02925670737719213
BTC,2017-01-22,24,-3.11299526701299e-4,1.0404753475517582e-6,2,0,0.011270304315102314,2,1,-3.11299526701299e-4,1,-3.11299526701299e-4,1,-3.11299526701299e-4
BTC,2017-01-23,24,-0.007642016639676794,1.0393190855332596e-6,2,0,0.011240439989785541,2,1,-0.007642016639676794,1,-0.007642016639676794,1,-0.007642016639676794
BTC,2017-01-24,24,-0.03320768066751451,1.0132723164010505e-6,2,0,0.011218301604928519,2,1,-0.03320768066751451,1,-0.03320768066751451,1,-0.03320768066751451
BTC,2017-01-25,24,0.00997837258919617,1.0123123379855565e-6,2,0,0.01117764276812087,2,1,0.00997837258919617,1,0.00997837258919617,1,0.00997837258919617
BTC,2017-01-26,24,0.01990996414127281,1.0196186683411238e-6,2,0,0.01118041969653627,2,1,0.01990996414127281,1,0.01990996414127281,1,0.01990996414127281
BTC,2017-01-27,24,0.008026278307101158,1.0282154741011158e-6,2,0,0.011109463223374142,2,1,0.008026278307101158,1,0.008026278307101158,1,0.008026278307101158
BTC,2017-01-28,24,-0.00428108428354158,1.0458911095409318e-6,2,0,0.01107616311639745,2,1,-0.00428108428354158,1,-0.00428108428354158,1,-0.00428108428354158
BTC,2017-01-29,24,-0.002897397478898795,1.0566729985242857e-6,2,0,0.011029607243241375,2,1,-0.002897397478898795,1,-0.002897397478898795,1,-0.002897397478898795
BTC,2017-01-30,24,0.0053129219524310455,1.0472484510477623e-6,2,0,0.011013629458241404,2,1,0.0053129219524310455,1,0.0053129219524310455,1,0.0053129219524310455
BTC,2017-01-31,24,0.052023056940901126,1.0259721025179863e-6,2,0,0.011016966760571735,2,1,0.052023056940901126,1,0.052023056940901126,1,0.052023056940901126
BTC,2017-02-01,24,0.01945399892000855,1.0214518242918247e-6,2,0,0.010997596958654652,2,1,0.01945399892000855,1,0.01945399892000855,1,0.01945399892000855
BTC,2017-02-02,24,0.021220687385344918,1.0111506033485778e-6,2,0,0.011000566351868754,2,1,0.021220687385344918,1,0.021220687385344918,1,0.021220687385344918
BTC,2017-02-03,24,0.005149117196048716,9.541036860093776e-7,2,0,0.01053418681885211,2,1,0.005149117196048716,1,0.005149117196048716,1,0.005149117196048716
BTC,2017-02-04,24,0.013873820490346085,7.200197832744452e-7,1,0,0.008777752268162907,2,1,0.013873820490346085,1,0.013873820490346085,1,0.013873820490346085
BTC,2017-02-05,24,-0.011241380560965835,6.327992700618827e-7,1,0,0.007979489361667827,2,1,-0.011241380560965835,1,-0.011241380560965835,1,-0.011241380560965835
BTC,2017-02-06,24,0.008923740422645498,5.314914668645308e-7,1,0,0.007084814942189447,2,1,0.008923740422645498,1,0.008923740422645498,1,0.008923740422645498
BTC,2017-02-07,24,0.023088520946070702,5.029391334612498e-7,1,0,0.006889914367035562,2,1,0.023088520946070702,1,0.023088520946070702,1,0.023088520946070702
BTC,2017-02-08,24,0.0045945754813508715,4.826509547222108e-7,1,0,0.006831032817363827,2,1,0.0045945754813508715,1,0.0045945754813508715,1,0.0045945754813508715
BTC,2017-02-09,24,-0.06602280421997377,5.311925923309955e-7,1,0,0.00744156469830536,2,1,-0.06602280421997377,1,-0.06602280421997377,1,-0.06602280421997377
BTC,2017-02-10,24,0.014410330995786591,4.728176732167967e-7,1,0,0.006683450085878478,2,1,0.014410330995786591,1,0.014410330995786591,1,0.014410330995786591
BTC,2017-02-11,24,0.008221605308645429,4.225120439270465e-7,1,0,0.006180686270670227,1,1,0.008221605308645429,1,0.008221605308645429,1,0.008221605308645429
BTC,2017-02-12,24,-0.009927413303384727,4.0941873560545453e-7,1,0,0.005981480805964226,1,1,-0.009927413303384727,1,-0.009927413303384727,1,-0.009927413303384727
BTC,2017-02-13,24,-0.0046320113578231905,4.0260398284494444e-7,1,0,0.005914129553779798,1,1,-0.0046320113578231905,1,-0.0046320113578231905,1,-0.0046320113578231905
BTC,2017-02-14,24,0.019953336359584798,4.007442636746468e-7,1,0,0.005935476896034063,1,1,0.019953336359584798,1,0.019953336359584798,1,0.019953336359584798
BTC,2017-02-15,24,-7.105523219188355e-4,3.934207549390433e-7,1,0,0.0058765807643455,1,1,-7.105523219188355e-4,1,-7.105523219188355e-4,1,-7.105523219188355e-4
BTC,2017-02-16,24,0.023470372769919264,3.792922054273372e-7,1,0,0.005645565453129785,1,1,0.023470372769919264,1,0.023470372769919264,1,0.023470372769919264
BTC,2017-02-17,24,0.011657270823400944,3.557697441660904e-7,1,0,0.005416006098242454,1,1,0.011657270823400944,1,0.011657270823400944,1,0.011657270823400944
BTC,2017-02-18,24,0.006484233325288891,3.5472710161391907e-7,1,0,0.00535964249857991,1,1,0.006484233325288891,1,0.006484233325288891,1,0.006484233325288891
BTC,2017-02-19,24,-0.003120333916811521,3.566008355805345e-7,1,0,0.005322593396102308,1,1,-0.003120333916811521,1,-0.003120333916811521,1,-0.003120333916811521
BTC,2017-02-20,24,0.03084715431509704,3.634011658224008e-7,1,0,0.0053426321579753185,1,1,0.03084715431509704,1,0.03084715431509704,1,0.03084715431509704
BTC,2017-02-21,24,0.035886145834855804,3.577116537463053e-7,1,0,0.005327682084961848,1,1,0.035886145834855804,1,0.035886145834855804,1,0.035886145834855804
BTC,2017-02-22,24,-0.00247457345855563,3.542450892828759e-7,1,0,0.005348134719091315,1,1,-0.00247457345855563,1,-0.00247457345855563,1,-0.00247457345855563
BTC,2017-02-23,24,0.0488303934050124,3.537937091649927e-7,1,0,0.00532210354952004,1,1,0.0488303934050124,1,0.0488303934050124,1,0.0488303934050124
BTC,2017-02-24,24,0.0025348556031882345,3.691087209022338e-7,1,0,0.005608959209431189,1,1,0.0025348556031882345,1,0.0025348556031882345,1,0.0025348556031882345
BTC,2017-02-25,24,-0.032737672284119036,3.695558681807982e-7,1,0,0.005659869095005511,1,1,-0.032737672284119036,1,-0.032737672284119036,1,-0.032737672284119036
BTC,2017-02-26,24,0.017431251001444572,3.724682030056657e-7,1,0,0.005694760958355781,1,1,0.017431251001444572,1,0.017431251001444572,1,0.017431251001444572
BTC,2017-02-27,24,0.01969424902566491,3.721746963812389e-7,1,0,0.005749252117971499,1,1,0.01969424902566491,1,0.01969424902566491,1,0.01969424902566491
BTC,2017-02-28,24,-0.0086161638525103,3.718963456030875e-7,1,0,0.005810902138971902,1,1,-0.0086161638525103,1,-0.0086161638525103,1,-0.0086161638525103
BTC,2017-03-01,24,0.03742640551911714,3.7121976218289924e-7,1,0,0.005848315883379721,1,1,0.03742640551911714,1,0.03742640551911714,1,0.03742640551911714
BTC,2017-03-02,24,0.023397598214038327,3.7946777294871005e-7,1,0,0.005893665316358927,1,1,0.023397598214038327,1,0.023397598214038327,1,0.023397598214038327
BTC,2017-03-03,24,0.018174351754010536,3.87132469198737e-7,1,0,0.005968481226085772,2,1,0.018174351754010536,1,0.018174351754010536,1,0.018174351754010536
BTC,2017-03-04,24,-0.012396815531969937,3.9585903553781414e-7,1,0,0.005981857132166548,2,1,-0.012396815531969937,1,-0.012396815531969937,1,-0.012396815531969937
BTC,2017-03-05,24,0.005312259206123267,3.97579347544978e-7,1,0,0.005905036424088029,1,1,0.005312259206123267,1,0.005312259206123267,1,0.005312259206123267
BTC,2017-03-06,24,0.0055179409714965965,3.961096138159691e-7,1,0,0.0058566291669369455,1,1,0.0055179409714965965,1,0.0055179409714965965,1,0.0055179409714965965
BTC,2017-03-07,24,-0.040073092011221195,4.160893763227506e-7,1,0,0.006142111179812331,2,1,-0.040073092011221195,1,-0.040073092011221195,1,-0.040073092011221195
BTC,2017-03-08,24,-0.06887817641550983,4.291076773633436e-7,1,0,0.006348875604078576,2,1,-0.06887817641550983,1,-0.06887817641550983,1,-0.06887817641550983
BTC,2017-03-09,24,0.037597629326192775,4.490657740628818e-7,1,0,0.006510722533992697,2,1,0.037597629326192775,1,0.037597629326192775,1,0.037597629326192775
BTC,2017-03-10,24,-0.06633202885235935,8.377415996821765e-7,2,0,0.009234478373755071,2,1,-0.06633202885235935,1,-0.06633202885235935,1,-0.06633202885235935
BTC,2017-03-11,24,0.05598125361186887,8.160207672081757e-7,2,0,0.008931440585659789,2,1,0.05598125361186887,1,0.05598125361186887,1,0.05598125361186887
BTC,2017-03-12,24,0.0411838449758812,8.515671675181578e-7,2,0,0.009071064753835746,2,1,0.0411838449758812,1,0.0411838449758812,1,0.0411838449758812
BTC,2017-03-13,24,0.004588560139083363,8.361839296681425e-7,2,0,0.00916617889255561,2,1,0.004588560139083363,1,0.004588560139083363,1,0.004588560139083363
BTC,2017-03-14,24,0.011313805631979333,8.19162492759192e-7,2,0,0.009179398924389763,2,1,0.011313805631979333,1,0.011313805631979333,1,0.011313805631979333
BTC,2017-03-15,24,0.007148852091575876,7.97697586872277e-7,2,0,0.009125096785929819,2,1,0.007148852091575876,1,0.007148852091575876,1,0.007148852091575876
BTC,2017-03-16,24,-0.07266990686412408,7.690744595719657e-7,2,0,0.009252141346440975,2,1,-0.07266990686412408,1,-0.07266990686412408,1,-0.07266990686412408
BTC,2017-03-17,24,-0.1318676842301026,7.650704550377719e-7,2,0,0.009629799127935955,2,1,-0.1318676842301026,1,-0.1318676842301026,1,-0.1318676842301026
BTC,2017-03-18,24,-0.06699574003903433,8.146131026252563e-7,2,0,0.010211375208426916,2,1,-0.06699574003903433,1,-0.06699574003903433,1,-0.06699574003903433
BTC,2017-03-19,24,0.06383453418760834,8.563548420319981e-7,2,0,0.010590278395716872,2,1,0.06383453418760834,1,0.06383453418760834,1,0.06383453418760834
BTC,2017-03-20,24,0.011780772079314883,8.73448884984246e-7,2,0,0.010794872181698925,2,1,0.011780772079314883,1,0.011780772079314883,1,0.011780772079314883
BTC,2017-03-21,24,0.07513268966979496,8.712635168402552e-7,2,0,0.010946858615189445,2,1,0.07513268966979496,1,0.07513268966979496,1,0.07513268966979496
BTC,2017-03-22,24,-0.07318313497643453,8.830363705817467e-7,2,0,0.011143936663371016,2,1,-0.07318313497643453,1,-0.07318313497643453,1,-0.07318313497643453
BTC,2017-03-23,24,-0.0077625338717337575,8.886891970190763e-7,2,0,0.011172403843009094,2,1,-0.0077625338717337575,1,-0.0077625338717337575,1,-0.0077625338717337575
BTC,2017-03-24,24,-0.10571321508723387,8.8356354728225e-7,2,0,0.011282589865461828,2,1,-0.10571321508723387,1,-0.10571321508723387,1,-0.10571321508723387
BTC,2017-03-25,24,0.03180924258931282,9.297923547708693e-7,2,0,0.011675151711567217,2,1,0.03180924258931282,1,0.03180924258931282,1,0.03180924258931282
BTC,2017-03-26,24,0.011287375045756593,9.460850463584236e-7,2,0,0.011656508148113249,2,1,0.011287375045756593,1,0.011287375045756593,1,0.011287375045756593
BTC,2017-03-27,24,0.07794820804748893,9.475669377308393e-7,2,0,0.011728137801480545,2,1,0.07794820804748893,1,0.07794820804748893,1,0.07794820804748893
BTC,2017-03-28,24,0.003293121223005521,9.263606324772314e-7,2,0,0.011753530824093824,2,1,0.003293121223005521,1,0.003293121223005521,1,0.003293121223005521
BTC,2017-03-29,24,1.4280846773066704e-4,9.202121658371991e-7,2,0,0.011824696117299062,2,1,1.4280846773066704e-4,1,1.4280846773066704e-4,1,1.4280846773066704e-4
BTC,2017-03-30,24,-0.003292650195950521,9.105444351192994e-7,2,0,0.011826341307698409,2,1,-0.003292650195950521,1,-0.003292650195950521,1,-0.003292650195950521
BTC,2017-03-31,24,0.03753660352872542,9.065950918695601e-7,2,0,0.011875562190423945,2,1,0.03753660352872542,1,0.03753660352872542,1,0.03753660352872542
BTC,2017-04-01,24,0.011002613405166818,9.068790502644353e-7,2,0,0.011862331531448795,2,1,0.011002613405166818,1,0.011002613405166818,1,0.011002613405166818
BTC,2017-04-02,24,0.014308271848683954,9.011314563389218e-7,2,0,0.011841655994944597,2,1,0.014308271848683954,1,0.014308271848683954,1,0.014308271848683954
BTC,2017-04-03,24,0.036325848780204076,8.836625065458031e-7,2,0,0.011867791813208973,2,1,0.036325848780204076,1,0.036325848780204076,1,0.036325848780204076
BTC,2017-04-04,24,-0.005614690797262122,8.720008015593061e-7,2,0,0.011893600805150107,2,1,-0.005614690797262122,1,-0.005614690797262122,1,-0.005614690797262122
BTC,2017-04-05,24,-0.0033664365580254145,8.624015280896577e-7,2,0,0.011892369897416514,2,1,-0.0033664365580254145,1,-0.0033664365580254145,1,-0.0033664365580254145
BTC,2017-04-06,24,0.04585044962127316,8.449269099415308e-7,2,0,0.01176014121203017,2,1,0.04585044962127316,1,0.04585044962127316,1,0.04585044962127316
BTC,2017-04-07,24,2.685194524914233e-4,8.413633509864819e-7,2,0,0.01166411038862889,2,1,2.685194524914233e-4,1,2.685194524914233e-4,1,2.685194524914233e-4
BTC,2017-04-08,24,-0.00792642135126966,8.37088204093295e-7,2,0,0.011581178745790396,2,1,-0.00792642135126966,1,-0.00792642135126966,1,-0.00792642135126966
BTC,2017-04-09,24,0.023840993487685872,5.953456344607238e-7,1,0,0.0094935284949822,2,1,0.023840993487685872,1,0.023840993487685872,1,0.023840993487685872
BTC,2017-04-10,24,1.8990764765623724e-4,5.833284425043329e-7,1,0,0.009305509887729137,2,1,1.8990764765623724e-4,1,1.8990764765623724e-4,1,1.8990764765623724e-4
BTC,2017-04-11,24,0.010078414354304548,5.636347322701199e-7,1,0,0.009122044302138161,2,1,0.010078414354304548,1,0.010078414354304548,1,0.010078414354304548
BTC,2017-04-12,24,-0.0035617122062607514,5.649477350682062e-7,1,0,0.00902142206514829,2,1,-0.0035617122062607514,1,-0.0035617122062607514,1,-0.0035617122062607514
BTC,2017-04-13,24,-0.03762562655281442,5.69036714525261e-7,1,0,0.009068834651927905,2,1,-0.03762562655281442,1,-0.03762562655281442,1,-0.03762562655281442
BTC,2017-04-14,24,0.0117361973403413,5.760063607952216e-7,1,0,0.009090308629712562,2,1,0.0117361973403413,1,0.0117361973403413,1,0.0117361973403413
BTC,2017-04-15,24,-0.010988689070598922,5.882328738667192e-7,1,0,0.008929467373591226,2,1,-0.010988689070598922,1,-0.010988689070598922,1,-0.010988689070598922
BTC,2017-04-16,24,0.005084887650107174,5.823926809292446e-7,1,0,0.008526478405365395,2,1,0.005084887650107174,1,0.005084887650107174,1,0.005084887650107174
BTC,2017-04-17,24,0.013876206569243408,5.195744770601246e-7,1,0,0.007828461027139627,2,1,0.013876206569243408,1,0.013876206569243408,1,0.013876206569243408
BTC,2017-04-18,24,0.004065212246453037,4.5927971832556167e-7,1,0,0.007265094788461858,2,1,0.004065212246453037,1,0.004065212246453037,1,0.004065212246453037
BTC,2017-04-19,24,0.0015141834988238816,4.2811119095778506e-7,1,0,0.0069441419647992735,2,1,0.0015141834988238816,1,0.0015141834988238816,1,0.0015141834988238816
BTC,2017-04-20,24,0.030808498742478936,4.0808925205532653e-7,1,0,0.0067288332213228325,2,1,0.030808498742478936,1,0.030808498742478936,1,0.030808498742478936
BTC,2017-04-21,24,0.005718485711918259,3.6988437398626765e-7,1,0,0.006339637739148324,1,1,0.005718485711918259,1,0.005718485711918259,1,0.005718485711918259
BTC,2017-04-22,24,-0.010876396770184048,3.6447622748477116e-7,1,0,0.0062614059847039645,1,1,-0.010876396770184048,1,-0.010876396770184048,1,-0.010876396770184048
BTC,2017-04-23,24,0.005643348547195251,3.513219916502201e-7,1,0,0.00600698464422037,1,1,0.005643348547195251,1,0.005643348547195251,1,0.005643348547195251
BTC,2017-04-24,24,0.006846638891552403,2.682131325301896e-7,1,0,0.005132179984690098,1,1,0.006846638891552403,1,0.006846638891552403,1,0.006846638891552403
BTC,2017-04-25,24,0.019829021180899964,2.447523334094978e-7,1,0,0.004859890213501013,1,1,0.019829021180899964,1,0.019829021180899964,1,0.019829021180899964
BTC,2017-04-26,24,0.011260970454555468,2.2201015866658023e-7,1,0,0.004629310717570008,1,1,0.011260970454555468,1,0.011260970454555468,1,0.011260970454555468
BTC,2017-04-27,24,0.032911021839585275,2.1904767896187467e-7,1,0,0.004556375313125951,1,1,0.032911021839585275,1,0.032911021839585275,1,0.032911021839585275
BTC,2017-04-28,24,-0.003801171970989028,2.2162777808349425e-7,1,0,0.004572464768306191,1,1,-0.003801171970989028,1,-0.003801171970989028,1,-0.003801171970989028
BTC,2017-04-29,24,0.005468821683634615,2.2315370591945175e-7,1,0,0.004551048484652014,1,1,0.005468821683634615,1,0.005468821683634615,1,0.005468821683634615
BTC,2017-04-30,24,0.01101087821300425,2.1895379768252014e-7,1,0,0.004444248750479647,1,1,0.01101087821300425,1,0.01101087821300425,1,0.01101087821300425
BTC,2017-05-01,24,0.03385900546565308,2.1201846911945133e-7,1,0,0.004465609740958785,1,1,0.03385900546565308,1,0.03385900546565308,1,0.03385900546565308
BTC,2017-05-02,24,0.040648780184259624,2.1842388214398337e-7,1,0,0.004602636045213127,1,1,0.040648780184259624,1,0.040648780184259624,1,0.040648780184259624
BTC,2017-05-03,24,0.03934691041695064,2.203363922872854e-7,1,0,0.004657650872605341,1,1,0.03934691041695064,1,0.03934691041695064,1,0.03934691041695064
BTC,2017-05-04,24,0.014310444166402984,2.47321013773988e-7,1,0,0.005136810332402963,1,1,0.014310444166402984,1,0.014310444166402984,1,0.014310444166402984
BTC,2017-05-05,24,-0.011386602432830302,2.721271476414239e-7,1,0,0.005580506950934223,1,1,-0.011386602432830302,1,-0.011386602432830302,1,-0.011386602432830302
BTC,2017-05-06,24,0.011391161450453033,2.7905579870999844e-7,1,0,0.005638057228799914,1,1,0.011391161450453033,1,0.011391161450453033,1,0.011391161450453033
BTC,2017-05-07,24,-0.01990339945905443,3.0712922598406246e-7,1,0,0.006052329084903326,1,1,-0.01990339945905443,1,-0.01990339945905443,1,-0.01990339945905443
BTC,2017-05-08,24,0.10395709278221754,3.069185172212148e-7,1,0,0.0062514303301138925,2,1,0.10395709278221754,1,0.10395709278221754,1,0.10395709278221754
BTC,2017-05-09,24,0.03048167949217301,3.1093502193647946e-7,1,0,0.006504137377991637,2,1,0.03048167949217301,1,0.03048167949217301,1,0.03048167949217301
BTC,2017-05-10,24,0.03439569441052967,3.07057736379055e-7,1,0,0.006583036806648096,2,1,0.03439569441052967,1,0.03439569441052967,1,0.03439569441052967
BTC,2017-05-11,24,0.029885097709613402,3.0407216391398344e-7,1,0,0.00673129837934463,2,1,0.029885097709613402,1,0.029885097709613402,1,0.029885097709613402
BTC,2017-05-12,24,-0.07805962650557091,3.1981542774138634e-7,1,0,0.0070776123543614625,2,1,-0.07805962650557091,1,-0.07805962650557091,1,-0.07805962650557091
BTC,2017-05-13,24,0.049055173462289194,3.2944180203097995e-7,1,0,0.007267443901790124,2,1,0.049055173462289194,1,0.049055173462289194,1,0.049055173462289194
BTC,2017-05-14,24,0.0025030741507912854,3.284898209244554e-7,1,0,0.007287056893755717,2,1,0.0025030741507912854,1,0.0025030741507912854,1,0.0025030741507912854
BTC,2017-05-15,24,-0.027378623122918132,3.328404632733126e-7,1,0,0.007442766009592493,2,1,-0.027378623122918132,1,-0.027378623122918132,1,-0.027378623122918132
BTC,2017-05-16,24,0.02671286834783196,3.2211283002579047e-7,1,0,0.007486719175147919,2,1,0.02671286834783196,1,0.02671286834783196,1,0.02671286834783196
BTC,2017-05-17,24,0.027165499731820395,3.1040280691048936e-7,1,0,0.0075155292587569655,2,1,0.027165499731820395,1,0.027165499731820395,1,0.027165499731820395
BTC,2017-05-18,24,0.03423409334992002,3.075476341868074e-7,1,0,0.007610370823841059,2,1,0.03423409334992002,1,0.03423409334992002,1,0.03423409334992002
BTC,2017-05-19,24,0.03200496481762024,3.04479735439538e-7,1,0,0.007738042476595916,2,1,0.03200496481762024,1,0.03200496481762024,1,0.03200496481762024
BTC,2017-05-20,24,0.03865654879909726,2.9679457039977394e-7,1,0,0.007739679959432686,2,1,0.03865654879909726,1,0.03865654879909726,1,0.03865654879909726
BTC,2017-05-21,24,-0.013830580293244757,3.0167462745361677e-7,1,0,0.007908384100881733,2,1,-0.013830580293244757,1,-0.013830580293244757,1,-0.013830580293244757
BTC,2017-05-22,24,0.03655970198427628,3.4621234735225445e-7,1,0,0.008700493125299906,2,1,0.03655970198427628,1,0.03655970198427628,1,0.03655970198427628
BTC,2017-05-23,24,0.06763873798338631,3.4478926304981944e-7,1,0,0.008853092125850096,2,1,0.06763873798338631,1,0.06763873798338631,1,0.06763873798338631
BTC,2017-05-24,24,0.07601293079062886,3.4785832623353287e-7,1,0,0.0090921323997545,2,1,0.07601293079062886,1,0.07601293079062886,1,0.07601293079062886
BTC,2017-05-25,24,-0.06388542193737243,4.078935600392286e-7,1,0,0.010201829691122547,2,1,-0.06388542193737243,1,-0.06388542193737243,1,-0.06388542193737243
BTC,2017-05-26,24,-0.024868918411074574,4.6960690665471013e-7,1,0,0.011168095038416502,2,1,-0.024868918411074574,1,-0.024868918411074574,1,-0.024868918411074574
BTC,2017-05-27,24,-0.09300264807622834,5.395974536298857e-7,2,0,0.012256584113297797,3,1,-0.09300264807622834,1,-0.09300264807622834,0.5,-0.10713855301696971
BTC,2017-05-28,24,0.06236344197855784,5.54494698185741e-7,2,0,0.012531599601054925,3,1,0.06236344197855784,1,0.06236344197855784,0,0
BTC,2017-05-29,24,0.04932447355653752,5.56639962098465e-7,2,0,0.012627715035303067,3,1,0.04932447355653752,1,0.04932447355653752,0,0
BTC,2017-05-30,24,-0.03913703863364602,5.522318017774939e-7,2,0,0.012759709995010944,3,1,-0.03913703863364602,1,-0.03913703863364602,0,0
BTC,2017-05-31,24,0.059429699785598,5.517773535044863e-7,2,0,0.012859849531810566,3,1,0.059429699785598,1,0.059429699785598,0,0
BTC,2017-06-01,24,0.0459322053410273,5.416861816148635e-7,2,0,0.012900186847216038,3,1,0.0459322053410273,1,0.0459322053410273,0,0
BTC,2017-06-02,24,0.036098760886315806,5.355677392814898e-7,2,0,0.012879974528250623,3,1,0.036098760886315806,1,0.036098760886315806,0,0
BTC,2017-06-03,24,0.024832412275996668,5.297302644596011e-7,2,0,0.012702738511522867,3,1,0.024832412275996668,1,0.024832412275996668,0,0
BTC,2017-06-04,24,-0.011505628603487788,5.198604682465472e-7,2,0,0.012523827018036185,3,1,-0.011505628603487788,1,-0.011505628603487788,0,0
BTC,2017-06-05,24,0.06506366519736627,5.106532692791e-7,1,0,0.012499560827230919,3,1,0.06506366519736627,1,0.06506366519736627,0,0
BTC,2017-06-06,24,0.06372499328748488,4.984945919889047e-7,1,0,0.012520353463042769,3,1,0.06372499328748488,1,0.06372499328748488,0,0
BTC,2017-06-07,24,-0.06372462154034207,4.974327447961504e-7,1,0,0.01252865665404935,3,1,-0.06372462154034207,1,-0.06372462154034207,0,0
BTC,2017-06-08,24,0.04422317664840138,4.984199779881158e-7,1,0,0.012459806681200686,3,1,0.04422317664840138,1,0.04422317664840138,0,0
BTC,2017-06-09,24,0.0017185206050731087,4.998018659009152e-7,1,0,0.012436101602209058,3,1,0.0017185206050731087,1,0.0017185206050731087,0,0
BTC,2017-06-10,24,-7.03033126643101e-5,4.991037187144502e-7,1,0,0.012401275142927255,3,1,-7.03033126643101e-5,1,-7.03033126643101e-5,0,0
BTC,2017-06-11,24,0.03784015300509137,4.912647676144196e-7,1,0,0.012240718471137014,3,1,0.03784015300509137,1,0.03784015300509137,0,0
BTC,2017-06-12,24,-0.114116706932642,5.294171058734421e-7,2,0,0.01284381508994652,3,1,-0.114116706932642,1,-0.114116706932642,0,0
BTC,2017-06-13,24,0.03781222951745938,5.249827684503381e-7,2,0,0.012920420830304619,3,1,0.03781222951745938,1,0.03781222951745938,0,0
BTC,2017-06-14,24,-0.09976488433141677,5.274041029943532e-7,2,0,0.013111174756783075,3,1,-0.09976488433141677,1,-0.09976488433141677,0,0
BTC,2017-06-15,24,-0.009824733587953969,5.935523556303559e-7,2,0,0.014190945595496095,3,1,-0.009824733587953969,1,-0.009824733587953969,0,0
BTC,2017-06-16,24,0.016981798208821376,6.010751969247219e-7,2,0,0.01429851431486726,3,1,0.016981798208821376,1,0.016981798208821376,0,0
BTC,2017-06-17,24,0.06728736246548772,6.05176819502731e-7,2,0,0.014322209926681616,3,1,0.06728736246548772,1,0.06728736246548772,0,0
BTC,2017-06-18,24,-0.05623304670320658,6.089834705813327e-7,2,0,0.014350222818965792,3,1,-0.05623304670320658,1,-0.05623304670320658,0,0
BTC,2017-06-19,24,0.034275443206476124,6.117697209217755e-7,2,0,0.014396441440602049,3,1,0.034275443206476124,1,0.034275443206476124,0,0
BTC,2017-06-20,24,0.04546830604201624,6.067624143147938e-7,2,0,0.014350611806680846,3,1,0.04546830604201624,1,0.04546830604201624,0,0
BTC,2017-06-21,24,-0.022479913253432692,5.81134882799383e-7,2,0,0.013947006495701526,3,1,-0.022479913253432692,1,-0.022479913253432692,0,0
BTC,2017-06-22,24,0.015016919297484213,5.841179004380499e-7,2,0,0.01390371244110151,3,1,0.015016919297484213,1,0.015016919297484213,0,0
BTC,2017-06-23,24,-0.006346758182507963,5.857320431279011e-7,2,0,0.013759676866074398,3,1,-0.006346758182507963,1,-0.006346758182507963,0,0
BTC,2017-06-24,24,-0.04624372768327124,5.55856031482241e-7,2,0,0.013117599414535972,3,1,-0.04624372768327124,1,-0.04624372768327124,0,0
BTC,2017-06-25,24,-0.022752088764110102,5.097936991990064e-7,1,0,0.0124041274161784,3,1,-0.022752088764110102,1,-0.022752088764110102,0,0
BTC,2017-06-26,24,-0.03478340804827121,4.5987280872999546e-7,1,0,0.011706879920809711,2,1,-0.03478340804827121,1,-0.03478340804827121,0.875,-0.045406950426090165
BTC,2017-06-27,24,0.05383040583703247,4.426307416484371e-7,1,0,0.011542608589523138,2,1,0.05383040583703247,1,0.05383040583703247,1,0.05383040583703247
BTC,2017-06-28,24,0.00628867057802859,4.3595716143457943e-7,1,0,0.011546607367461917,2,1,0.00628867057802859,1,0.00628867057802859,1,0.00628867057802859
BTC,2017-06-29,24,-0.01100266114500258,4.2986570198945e-7,1,0,0.011404759781273213,2,1,-0.01100266114500258,1,-0.01100266114500258,1,-0.01100266114500258
BTC,2017-06-30,24,-0.03262119590094676,4.28028275161532e-7,1,0,0.011293478233214803,2,1,-0.03262119590094676,1,-0.03262119590094676,1,-0.03262119590094676
BTC,2017-07-01,24,-0.02151904428266788,4.335888117392705e-7,1,0,0.011226220947006054,2,1,-0.02151904428266788,1,-0.02151904428266788,1,-0.02151904428266788
BTC,2017-07-02,24,0.045990574029124306,4.3755823396725075e-7,1,0,0.011246595156827766,2,1,0.045990574029124306,1,0.045990574029124306,1,0.045990574029124306
BTC,2017-07-03,24,0.016293530637743314,4.367709139605151e-7,1,0,0.011262338514342872,2,1,0.016293530637743314,1,0.016293530637743314,1,0.016293530637743314
BTC,2017-07-04,24,0.020343890174489558,4.369364834539153e-7,1,0,0.011268344178164882,2,1,0.020343890174489558,1,0.020343890174489558,1,0.020343890174489558
BTC,2017-07-05,24,0.00472742432125693,4.3836880095526916e-7,1,0,0.011248307515813252,2,1,0.00472742432125693,1,0.00472742432125693,1,0.00472742432125693
BTC,2017-07-06,24,-0.0022027876114256596,4.3576558746853106e-7,1,0,0.01099168538061844,2,1,-0.0022027876114256596,1,-0.0022027876114256596,1,-0.0022027876114256596
BTC,2017-07-07,24,-0.03862061101677688,4.3533400626491077e-7,1,0,0.01090727064959019,2,1,-0.03862061101677688,1,-0.03862061101677688,1,-0.03862061101677688
BTC,2017-07-08,24,0.016190589632677038,4.3008417553954776e-7,1,0,0.010838883600622073,2,1,0.016190589632677038,1,0.016190589632677038,1,0.016190589632677038
BTC,2017-07-09,24,-0.019357636798457197,4.3080275847069173e-7,1,0,0.010814673497805264,2,1,-0.019357636798457197,1,-0.019357636798457197,1,-0.019357636798457197
BTC,2017-07-10,24,-0.06606966411550355,4.3103947120712763e-7,1,0,0.010891516675779133,2,1,-0.06606966411550355,1,-0.06606966411550355,1,-0.06606966411550355
BTC,2017-07-11,24,-0.01595620039847155,4.295518767174397e-7,1,0,0.011014139220134165,2,1,-0.01595620039847155,1,-0.01595620039847155,1,-0.01595620039847155
BTC,2017-07-12,24,0.030646237165837194,3.7303569849613305e-7,1,0,0.010196488221232675,2,1,0.030646237165837194,1,0.030646237165837194,1,0.030646237165837194
BTC,2017-07-13,24,-0.015899285463205903,3.687320806573957e-7,1,0,0.010110010872400238,2,1,-0.015899285463205903,1,-0.015899285463205903,1,-0.015899285463205903
BTC,2017-07-14,24,-0.05282849985993879,3.5860412844674645e-7,1,0,0.009901007153928734,2,1,-0.05282849985993879,1,-0.05282849985993879,1,-0.05282849985993879
BTC,2017-07-15,24,-0.11669988683367179,2.76936918050573e-7,1,0,0.008613097517406054,2,1,-0.11669988683367179,1,-0.11669988683367179,1,-0.11669988683367179
BTC,2017-07-16,24,-0.03342710600252273,2.8648391734701397e-7,1,0,0.00888748997646568,2,1,-0.03342710600252273,1,-0.03342710600252273,1,-0.03342710600252273
BTC,2017-07-17,24,0.15049828412885216,2.9499075536327857e-7,1,0,0.009176687884997824,2,1,0.15049828412885216,1,0.15049828412885216,1,0.15049828412885216
BTC,2017-07-18,24,0.04143885429079923,2.904338116379186e-7,1,0,0.009281794081233842,2,1,0.04143885429079923,1,0.04143885429079923,1,0.04143885429079923
BTC,2017-07-19,24,-0.024444698888685154,2.981460672838136e-7,1,0,0.009468027703216935,2,1,-0.024444698888685154,1,-0.024444698888685154,1,-0.024444698888685154
BTC,2017-07-20,24,0.23588142521928698,3.1448595406905573e-7,1,0,0.009947836998036603,2,1,0.23588142521928698,1,0.23588142521928698,1,0.23588142521928698
BTC,2017-07-21,24,-0.06695203884341784,3.2813280429339593e-7,1,0,0.010288156244957748,2,1,-0.06695203884341784,1,-0.06695203884341784,1,-0.06695203884341784
BTC,2017-07-22,24,0.058597806048648005,3.2783126843505e-7,1,0,0.010358795563820734,2,1,0.058597806048648005,1,0.058597806048648005,1,0.058597806048648005
BTC,2017-07-23,24,-0.02501091061362306,3.2588972479816965e-7,1,0,0.010427394423693066,2,1,-0.02501091061362306,1,-0.02501091061362306,1,-0.02501091061362306
BTC,2017-07-24,24,-0.0019220255403154534,3.1492939336161567e-7,1,0,0.01026829140333723,2,1,-0.0019220255403154534,1,-0.0019220255403154534,1,-0.0019220255403154534
BTC,2017-07-25,24,-0.07529902331927256,3.209098305796818e-7,1,0,0.010482833117150822,2,1,-0.07529902331927256,1,-0.07529902331927256,1,-0.07529902331927256
BTC,2017-07-26,24,-0.012203256260272646,3.1141580838459156e-7,1,0,0.010329533599416334,2,1,-0.012203256260272646,1,-0.012203256260272646,1,-0.012203256260272646
BTC,2017-07-27,24,0.05785484894048334,3.0397615685727355e-7,1,0,0.010157844958835989,2,1,0.05785484894048334,1,0.05785484894048334,1,0.05785484894048334
BTC,2017-07-28,24,0.04552350551335171,3.022969844655536e-7,1,0,0.010155152168390974,2,1,0.04552350551335171,1,0.04552350551335171,1,0.04552350551335171
BTC,2017-07-29,24,-0.030459575673288664,3.036357938583621e-7,1,0,0.010210826225489323,2,1,-0.030459575673288664,1,-0.030459575673288664,1,-0.030459575673288664
BTC,2017-07-30,24,0.030102369025447235,3.0583169902666545e-7,1,0,0.010225047007029265,2,1,0.030102369025447235,1,0.030102369025447235,1,0.030102369025447235
BTC,2017-07-31,24,0.027184473040649648,3.0345168047307726e-7,1,0,0.01022908479426273,2,1,0.027184473040649648,1,0.027184473040649648,1,0.027184473040649648
BTC,2017-08-01,24,-0.053234678769429486,3.164152815176251e-7,1,0,0.01059679961848152,2,1,-0.053234678769429486,1,-0.053234678769429486,1,-0.053234678769429486
BTC,2017-08-02,24,-0.00966397938503506,3.176513665906479e-7,1,0,0.01062025632394602,2,1,-0.00966397938503506,1,-0.00966397938503506,1,-0.00966397938503506
BTC,2017-08-03,24,0.03501154460774104,3.1592234333756e-7,1,0,0.010594486357482086,2,1,0.03501154460774104,1,0.03501154460774104,1,0.03501154460774104
BTC,2017-08-04,24,0.02782974320498446,3.15389682559104e-7,1,0,0.010603225516246763,2,1,0.02782974320498446,1,0.02782974320498446,1,0.02782974320498446
BTC,2017-08-05,24,0.1242053392212016,3.2520212934241717e-7,1,0,0.010960599420943637,2,1,0.1242053392212016,1,0.1242053392212016,1,0.1242053392212016
BTC,2017-08-06,24,-0.006555832741141245,3.2582951308604355e-7,1,0,0.010980556626235366,2,1,-0.006555832741141245,1,-0.006555832741141245,1,-0.006555832741141245
BTC,2017-08-07,24,0.04826494129837284,3.2876456936481835e-7,1,0,0.011054766803021856,2,1,0.04826494129837284,1,0.04826494129837284,1,0.04826494129837284
BTC,2017-08-08,24,0.010408092175082335,3.285532611003251e-7,1,0,0.011150652210785598,2,1,0.010408092175082335,1,0.010408092175082335,1,0.010408092175082335
BTC,2017-08-09,24,-0.01724199400907787,3.3261665979827453e-7,1,0,0.011164772280266926,2,1,-0.01724199400907787,1,-0.01724199400907787,1,-0.01724199400907787
BTC,2017-08-10,24,0.018252700031987153,3.3074335661068514e-7,1,0,0.01101029439484759,2,1,0.018252700031987153,1,0.018252700031987153,1,0.018252700031987153
BTC,2017-08-11,24,0.066469102857828,3.320087840941067e-7,1,0,0.01099214068474159,2,1,0.066469102857828,1,0.066469102857828,1,0.066469102857828
BTC,2017-08-12,24,0.056835049422832316,3.343890317605073e-7,1,0,0.011077325825387487,2,1,0.056835049422832316,1,0.056835049422832316,1,0.056835049422832316
BTC,2017-08-13,24,0.05005018881310791,3.518344747476835e-7,1,0,0.011447385858134259,2,1,0.05005018881310791,1,0.05005018881310791,1,0.05005018881310791
BTC,2017-08-14,24,0.064399707634666,3.489788244242819e-7,1,0,0.011358108547768005,2,1,0.064399707634666,1,0.064399707634666,1,0.064399707634666
BTC,2017-08-15,24,-0.043033133309036915,3.508898732580931e-7,1,0,0.011357175252130427,2,1,-0.043033133309036915,1,-0.043033133309036915,1,-0.043033133309036915
BTC,2017-08-16,24,0.05043006778493455,3.5517165211930415e-7,1,0,0.011305931100065694,2,1,0.05043006778493455,1,0.05043006778493455,1,0.05043006778493455
BTC,2017-08-17,24,-0.02235373640359574,3.612605695577909e-7,1,0,0.011238443905905794,2,1,-0.02235373640359574,1,-0.02235373640359574,1,-0.02235373640359574
BTC,2017-08-18,24,-0.035582501445957086,3.5050331409220713e-7,1,0,0.011078043963137633,2,1,-0.035582501445957086,1,-0.035582501445957086,1,-0.035582501445957086
BTC,2017-08-19,24,0.00931006433501563,3.5041693718087567e-7,1,0,0.010824612186326278,2,1,0.00931006433501563,1,0.00931006433501563,1,0.00931006433501563
BTC,2017-08-20,24,-0.024580865284525917,3.3704550402531995e-7,1,0,0.010442399232523172,2,1,-0.024580865284525917,1,-0.024580865284525917,1,-0.024580865284525917
BTC,2017-08-21,24,-0.01794715826648266,3.353462871253913e-7,1,0,0.010344782134972322,2,1,-0.01794715826648266,1,-0.01794715826648266,1,-0.01794715826648266
BTC,2017-08-22,24,0.024462036724300272,3.62108813004357e-7,1,0,0.010801489270567179,2,1,0.024462036724300272,1,0.024462036724300272,1,0.024462036724300272
BTC,2017-08-23,24,0.011167886999164708,3.636525872246499e-7,1,0,0.010832210288146404,2,1,0.011167886999164708,1,0.011167886999164708,1,0.011167886999164708
BTC,2017-08-24,24,0.04329898206950683,3.547033427278697e-7,1,0,0.010551705795912483,2,1,0.04329898206950683,1,0.04329898206950683,1,0.04329898206950683
BTC,2017-08-25,24,0.012906235311916524,3.506146098716555e-7,1,0,0.010363538273011364,2,1,0.012906235311916524,1,0.012906235311916524,1,0.012906235311916524
BTC,2017-08-26,24,-0.008976653194282246,3.535407453688302e-7,1,0,0.010307043572169,2,1,-0.008976653194282246,1,-0.008976653194282246,1,-0.008976653194282246
BTC,2017-08-27,24,-0.003058386825558238,3.5606847796505393e-7,1,0,0.010176990831503831,2,1,-0.003058386825558238,1,-0.003058386825558238,1,-0.003058386825558238
BTC,2017-08-28,24,0.011314897400029552,3.5542641503358726e-7,1,0,0.010110317846590599,2,1,0.011314897400029552,1,0.011314897400029552,1,0.011314897400029552
BTC,2017-08-29,24,0.04508249873424349,3.538007446806477e-7,1,0,0.010114122285356478,2,1,0.04508249873424349,1,0.04508249873424349,1,0.04508249873424349
BTC,2017-08-30,24,-0.0022724310833266608,3.559169510333373e-7,1,0,0.010060766263706064,2,1,-0.0022724310833266608,1,-0.0022724310833266608,1,-0.0022724310833266608
BTC,2017-08-31,24,0.03381660893391678,3.393722464297905e-7,1,0,0.009605517660771386,2,1,0.03381660893391678,1,0.03381660893391678,1,0.03381660893391678
BTC,2017-09-01,24,0.037827184677056654,3.382907241407297e-7,1,0,0.009539005219505193,2,1,0.037827184677056654,1,0.037827184677056654,1,0.037827184677056654
BTC,2017-09-02,24,-0.06064494763937736,3.585856079891204e-7,1,0,0.009858286841985201,2,1,-0.06064494763937736,1,-0.06064494763937736,1,-0.06064494763937736
BTC,2017-09-03,24,0.003148114810774214,3.675210562433806e-7,1,0,0.009957169078808302,2,1,0.003148114810774214,1,0.003148114810774214,1,0.003148114810774214
BTC,2017-09-04,24,-0.06697046767116148,3.7975414273503517e-7,1,0,0.010022419029405778,2,1,-0.06697046767116148,1,-0.06697046767116148,1,-0.06697046767116148
BTC,2017-09-05,24,0.02723104089189496,3.940499342450543e-7,1,0,0.010247870601277275,2,1,0.02723104089189496,1,0.02723104089189496,1,0.02723104089189496
BTC,2017-09-06,24,0.03900718889846719,3.9783920234461735e-7,1,0,0.010255860618738774,2,1,0.03900718889846719,1,0.03900718889846719,1,0.03900718889846719
BTC,2017-09-07,24,0.003956313752551852,3.99374234290256e-7,1,0,0.010175296681727326,2,1,0.003956313752551852,1,0.003956313752551852,1,0.003956313752551852
BTC,2017-09-08,24,-0.060825822313408225,4.0300889069793816e-7,1,0,0.010278785537994958,2,1,-0.060825822313408225,1,-0.060825822313408225,1,-0.060825822313408225
BTC,2017-09-09,24,-0.009785464170766135,4.104510818215778e-7,1,0,0.010360802729198974,2,1,-0.009785464170766135,1,-0.009785464170766135,1,-0.009785464170766135
BTC,2017-09-10,24,-0.012793647974162022,4.212550883696398e-7,1,0,0.010452551872009143,2,1,-0.012793647974162022,1,-0.012793647974162022,1,-0.012793647974162022
BTC,2017-09-11,24,-0.01430726952852823,4.3130418854307486e-7,1,0,0.010460428437298936,2,1,-0.01430726952852823,1,-0.01430726952852823,1,-0.01430726952852823
BTC,2017-09-12,24,-0.012524271424643551,4.078152607983278e-7,1,0,0.010005462997832153,2,1,-0.012524271424643551,1,-0.012524271424643551,1,-0.012524271424643551
BTC,2017-09-13,24,-0.07237696947119247,4.095794514226673e-7,1,0,0.010063180610611844,2,1,-0.07237696947119247,1,-0.07237696947119247,1,-0.07237696947119247
BTC,2017-09-14,24,-0.17645553353177235,4.071145213978949e-7,1,0,0.010152418512928956,2,1,-0.17645553353177235,1,-0.17645553353177235,1,-0.17645553353177235
BTC,2017-09-15,24,0.13903218411194165,5.157250208884302e-7,2,0,0.011873219666443691,3,1,0.13903218411194165,1,0.13903218411194165,0.7083333333333334,0.09493698553862907
BTC,2017-09-16,24,-0.00622319605000287,5.326179120658611e-7,2,0,0.012088664226734417,3,1,-0.00622319605000287,1,-0.00622319605000287,0,0
BTC,2017-09-17,24,6.993571579123302e-4,5.492543430682006e-7,2,0,0.012112594587859238,3,1,6.993571579123302e-4,1,6.993571579123302e-4,0,0
BTC,2017-09-18,24,0.09545683604236622,5.390242774138883e-7,2,0,0.012070071304607867,3,1,0.09545683604236622,1,0.09545683604236622,0,0
BTC,2017-09-19,24,-0.045118555211922956,5.399414189595792e-7,2,0,0.01217347399374352,3,1,-0.045118555211922956,1,-0.045118555211922956,0,0
BTC,2017-09-20,24,-0.012323125807666339,5.446238951185259e-7,2,0,0.012218648413770102,3,1,-0.012323125807666339,1,-0.012323125807666339,0,0
BTC,2017-09-21,24,-0.06391917598467879,5.198187985299228e-7,2,0,0.011841518479956438,3,1,-0.06391917598467879,1,-0.06391917598467879,0,0
BTC,2017-09-22,24,-0.004729841337417593,5.284585575036333e-7,2,0,0.011923055971619466,3,1,-0.004729841337417593,1,-0.004729841337417593,0,0
BTC,2017-09-23,24,0.04928117939284904,5.339264785813525e-7,2,0,0.011974326476021757,3,1,0.04928117939284904,1,0.04928117939284904,0,0
BTC,2017-09-24,24,-0.03117504563787492,5.393242526750155e-7,2,0,0.011979395331737754,3,1,-0.03117504563787492,1,-0.03117504563787492,0,0
BTC,2017-09-25,24,0.06618445530452859,5.412282736966467e-7,2,0,0.012078276721784475,3,1,0.06618445530452859,1,0.06618445530452859,0,0
BTC,2017-09-26,24,-0.009756924480933344,5.379579411638961e-7,2,0,0.012104309223015352,3,1,-0.009756924480933344,1,-0.009756924480933344,0,0
BTC,2017-09-27,24,0.08101023618870998,5.383780867868859e-7,2,0,0.012175048467763138,3,1,0.08101023618870998,1,0.08101023618870998,0,0
BTC,2017-09-28,24,-0.00566411947684637,5.380798032033841e-7,2,0,0.012178726942682334,3,1,-0.00566411947684637,1,-0.00566411947684637,0,0
BTC,2017-09-29,24,-0.007883018143404343,5.42187609183303e-7,2,0,0.012233082508740925,3,1,-0.007883018143404343,1,-0.007883018143404343,0,0
BTC,2017-09-30,24,0.0439778668409924,5.442829702093274e-7,2,0,0.012239683125104176,3,1,0.0439778668409924,1,0.0439778668409924,0,0
BTC,2017-10-01,24,0.009097534015661792,5.480428501260718e-7,2,0,0.012227377089522217,3,1,0.009097534015661792,1,0.009097534015661792,0,0
BTC,2017-10-02,24,0.004097713294073163,5.392951939482755e-7,2,0,0.012003125347411945,3,1,0.004097713294073163,1,0.004097713294073163,0,0
BTC,2017-10-03,24,-0.02128497130766747,5.344166045913288e-7,2,0,0.011957485318448268,3,1,-0.02128497130766747,1,-0.02128497130766747,0,0
BTC,2017-10-04,24,-0.020018013683478896,5.171240316587945e-7,2,0,0.011598916048687053,2,1,-0.020018013683478896,1,-0.020018013683478896,0.5,-0.010194913503737016
BTC,2017-10-05,24,0.02353930722609127,5.076549746409845e-7,2,0,0.011386501338762824,2,1,0.02353930722609127,1,0.02353930722609127,1,0.02353930722609127
BTC,2017-10-06,24,0.00895566171166785,5.054080114042814e-7,2,0,0.011306909720809768,2,1,0.00895566171166785,1,0.00895566171166785,1,0.00895566171166785
BTC,2017-10-07,24,0.015668135557001448,5.08954953951967e-7,2,0,0.011301983778303196,2,1,0.015668135557001448,1,0.015668135557001448,1,0.015668135557001448
BTC,2017-10-08,24,0.03546470957228277,5.00968894890099e-7,2,0,0.011083709236157181,2,1,0.03546470957228277,1,0.03546470957228277,1,0.03546470957228277
BTC,2017-10-09,24,0.03847080057302234,4.933419905295646e-7,2,0,0.01105172379884052,2,1,0.03847080057302234,1,0.03847080057302234,1,0.03847080057302234
BTC,2017-10-10,24,-0.004957680889417538,4.8240495512576e-7,2,0,0.010974821476296043,2,1,-0.004957680889417538,1,-0.004957680889417538,1,-0.004957680889417538
BTC,2017-10-11,24,0.015484423014597858,4.7232908453517755e-7,2,0,0.01084142793205776,2,1,0.015484423014597858,1,0.015484423014597858,1,0.015484423014597858
BTC,2017-10-12,24,0.11857068208533061,4.694331056149702e-7,2,0,0.010879229109785083,2,1,0.11857068208533061,1,0.11857068208533061,1,0.11857068208533061
BTC,2017-10-13,24,0.038000181709168995,4.839341524083066e-7,2,0,0.01099043956889229,2,1,0.038000181709168995,1,0.038000181709168995,1,0.038000181709168995
BTC,2017-10-14,24,0.027973852042406218,4.802839686235008e-7,2,0,0.010526614695564013,2,1,0.027973852042406218,1,0.027973852042406218,1,0.027973852042406218
BTC,2017-10-15,24,-0.020906684819313612,3.3969976972915917e-7,1,0,0.008378982125868784,2,1,-0.020906684819313612,1,-0.020906684819313612,1,-0.020906684819313612
BTC,2017-10-16,24,0.010298896509037557,3.1594885294662977e-7,1,0,0.007937105412449052,2,1,0.010298896509037557,1,0.010298896509037557,1,0.010298896509037557
BTC,2017-10-17,24,-0.023323490323299317,3.153554082513486e-7,1,0,0.007900515032717105,2,1,-0.023323490323299317,1,-0.023323490323299317,1,-0.023323490323299317
BTC,2017-10-18,24,-0.004845395188728895,3.176249955945377e-7,1,0,0.007895269027953566,2,1,-0.004845395188728895,1,-0.004845395188728895,1,-0.004845395188728895
BTC,2017-10-19,24,0.020560029569183024,3.138355957571983e-7,1,0,0.007739516460144231,2,1,0.020560029569183024,1,0.020560029569183024,1,0.020560029569183024
BTC,2017-10-20,24,0.05195151537170373,3.126842014600886e-7,1,0,0.007714635677607141,2,1,0.05195151537170373,1,0.05195151537170373,1,0.05195151537170373
BTC,2017-10-21,24,0.007307788708465256,3.168577099601568e-7,1,0,0.007685853311593567,2,1,0.007307788708465256,1,0.007307788708465256,1,0.007307788708465256
BTC,2017-10-22,24,-0.007541188172706247,3.1517246987683855e-7,1,0,0.007612000450724203,2,1,-0.007541188172706247,1,-0.007541188172706247,1,-0.007541188172706247
BTC,2017-10-23,24,-0.01593257459955799,3.1268296334789535e-7,1,0,0.007598725266519548,2,1,-0.01593257459955799,1,-0.01593257459955799,1,-0.01593257459955799
BTC,2017-10-24,24,-0.062440026544498366,3.1437509282097326e-7,1,0,0.007706665524721593,2,1,-0.062440026544498366,1,-0.062440026544498366,1,-0.062440026544498366
BTC,2017-10-25,24,0.03843667964252148,3.1435951011472906e-7,1,0,0.007699225054931586,2,1,0.03843667964252148,1,0.03843667964252148,1,0.03843667964252148
BTC,2017-10-26,24,0.02193439234232134,3.1788224514081274e-7,1,0,0.007728091149926732,2,1,0.02193439234232134,1,0.02193439234232134,1,0.02193439234232134
BTC,2017-10-27,24,-0.01656947976350065,3.220515079910734e-7,1,0,0.007670278812716229,2,1,-0.01656947976350065,1,-0.01656947976350065,1,-0.01656947976350065
BTC,2017-10-28,24,-0.00758852547474327,3.258376879016141e-7,1,0,0.007605387295622627,2,1,-0.00758852547474327,1,-0.00758852547474327,1,-0.00758852547474327
BTC,2017-10-29,24,0.0639948951388612,3.244916255193413e-7,1,0,0.007587273241048014,2,1,0.0639948951388612,1,0.0639948951388612,1,0.0639948951388612
BTC,2017-10-30,24,-8.976295025169088e-4,3.256808724029138e-7,1,0,0.007578871474759936,2,1,-8.976295025169088e-4,1,-8.976295025169088e-4,1,-8.976295025169088e-4
BTC,2017-10-31,24,0.048755175278401106,3.247198513132037e-7,1,0,0.007604207474168296,2,1,0.048755175278401106,1,0.048755175278401106,1,0.048755175278401106
BTC,2017-11-01,24,0.04728948858391507,3.241138894977017e-7,1,0,0.007643779443438346,2,1,0.04728948858391507,1,0.04728948858391507,1,0.04728948858391507
BTC,2017-11-02,24,0.03861067849249895,3.477316178462067e-7,1,0,0.007978145512830088,2,1,0.03861067849249895,1,0.03861067849249895,1,0.03861067849249895
BTC,2017-11-03,24,0.021557518172136116,3.610683895057095e-7,1,0,0.008163483705549646,2,1,0.021557518172136116,1,0.021557518172136116,1,0.021557518172136116
BTC,2017-11-04,24,0.02889415661560646,3.6604272831514105e-7,1,0,0.008197308918763949,2,1,0.02889415661560646,1,0.02889415661560646,1,0.02889415661560646
BTC,2017-11-05,24,0.0013695010242203028,3.7196416823268226e-7,1,0,0.008247772833872789,2,1,0.0013695010242203028,1,0.0013695010242203028,1,0.0013695010242203028
BTC,2017-11-06,24,-0.057301896155999565,3.758847979712924e-7,1,0,0.008373851915338102,2,1,-0.057301896155999565,1,-0.057301896155999565,1,-0.057301896155999565
BTC,2017-11-07,24,0.022572976794413842,3.8664606174699935e-7,1,0,0.008457042428879598,2,1,0.022572976794413842,1,0.022572976794413842,1,0.022572976794413842
BTC,2017-11-08,24,0.04597975384036162,4.1622735878903656e-7,1,0,0.00880581384699949,2,1,0.04597975384036162,1,0.04597975384036162,1,0.04597975384036162
BTC,2017-11-09,24,-0.042576508372246726,4.1814418999421303e-7,1,0,0.008800442768542669,2,1,-0.042576508372246726,1,-0.042576508372246726,1,-0.042576508372246726
BTC,2017-11-10,24,-0.08295739623317117,4.5195097399436914e-7,2,0,0.009328646044318227,2,1,-0.08295739623317117,1,-0.08295739623317117,1,-0.08295739623317117
BTC,2017-11-11,24,-0.03919033232965485,4.761663723295763e-7,2,0,0.009540051553389557,2,1,-0.03919033232965485,1,-0.03919033232965485,1,-0.03919033232965485
BTC,2017-11-12,24,-0.07374347424554903,5.16424318291634e-7,2,0,0.010123705177701697,2,1,-0.07374347424554903,1,-0.07374347424554903,1,-0.07374347424554903
BTC,2017-11-13,24,0.1045438557512702,5.336946367575349e-7,2,0,0.010452995975636691,2,1,0.1045438557512702,1,0.1045438557512702,1,0.1045438557512702
BTC,2017-11-14,24,0.02010895292271358,5.284476157140377e-7,2,0,0.010394962532880409,2,1,0.02010895292271358,1,0.02010895292271358,1,0.02010895292271358
BTC,2017-11-15,24,0.08617025825218545,5.251816260615122e-7,2,0,0.010520534986811925,2,1,0.08617025825218545,1,0.08617025825218545,1,0.08617025825218545
BTC,2017-11-16,24,0.06540333303035724,5.092622787249173e-7,2,0,0.010532941617976656,2,1,0.06540333303035724,1,0.06540333303035724,1,0.06540333303035724
BTC,2017-11-17,24,-0.007121430552427963,5.123600832732193e-7,2,0,0.010545973052466571,2,1,-0.007121430552427963,1,-0.007121430552427963,1,-0.007121430552427963
BTC,2017-11-18,24,0.011665517873629915,5.200039866551873e-7,2,0,0.010608075927226785,2,1,0.011665517873629915,1,0.011665517873629915,1,0.011665517873629915
BTC,2017-11-19,24,0.027114292491572156,5.217515713742471e-7,2,0,0.010566379371874464,2,1,0.027114292491572156,1,0.027114292491572156,1,0.027114292491572156
BTC,2017-11-20,24,0.028842526359735946,5.190480502424747e-7,2,0,0.01048304847007448,2,1,0.028842526359735946,1,0.028842526359735946,1,0.028842526359735946
BTC,2017-11-21,24,-0.014804028805898263,5.236450933238072e-7,2,0,0.010586334768958155,2,1,-0.014804028805898263,1,-0.014804028805898263,1,-0.014804028805898263
BTC,2017-11-22,24,0.016805885741143257,5.22045973761292e-7,2,0,0.010502477073259544,2,1,0.016805885741143257,1,0.016805885741143257,1,0.016805885741143257
BTC,2017-11-23,24,-0.027101397016146642,5.166959840300168e-7,2,0,0.010355566013848811,2,1,-0.027101397016146642,1,-0.027101397016146642,1,-0.027101397016146642
BTC,2017-11-24,24,0.017663745909745066,5.114842908208844e-7,2,0,0.010273835845284731,2,1,0.017663745909745066,1,0.017663745909745066,1,0.017663745909745066
BTC,2017-11-25,24,0.0613246654088857,5.129641723548614e-7,2,0,0.010250993942244052,2,1,0.0613246654088857,1,0.0613246654088857,1,0.0613246654088857
BTC,2017-11-26,24,0.05423315747484778,5.224879407362545e-7,2,0,0.010348625647035358,2,1,0.05423315747484778,1,0.05423315747484778,1,0.05423315747484778
BTC,2017-11-27,24,0.04327149523062131,5.252662650311379e-7,2,0,0.010414027270520728,2,1,0.04327149523062131,1,0.04327149523062131,1,0.04327149523062131
BTC,2017-11-28,24,0.02270479369375669,5.259637096135705e-7,2,0,0.010360898085036421,2,1,0.02270479369375669,1,0.02270479369375669,1,0.02270479369375669
BTC,2017-11-29,24,-4.286632915535271e-4,6.206559905681663e-7,2,0,0.011525231598068751,2,1,-4.286632915535271e-4,1,-4.286632915535271e-4,1,-4.286632915535271e-4
BTC,2017-11-30,24,0.02944243888762348,6.863570626075531e-7,2,0,0.012239146397527444,3,1,0.02944243888762348,1,0.02944243888762348,0.08333333333333336,0.06577336659449431
BTC,2017-12-01,24,0.07700876577232849,7.268018912136247e-7,2,0,0.01257938785647426,3,1,0.07700876577232849,1,0.07700876577232849,0,0
BTC,2017-12-02,24,4.4960110129717886e-4,7.293136109088548e-7,2,0,0.012409826405774612,3,1,4.4960110129717886e-4,1,4.4960110129717886e-4,0,0
BTC,2017-12-03,24,0.03018827820802397,7.483537450649124e-7,2,0,0.01254235881452268,3,1,0.03018827820802397,1,0.03018827820802397,0,0
BTC,2017-12-04,24,0.03523279988023306,7.49064246059674e-7,2,0,0.012580250248059128,3,1,0.03523279988023306,1,0.03523279988023306,0,0
BTC,2017-12-05,24,0.008402476042454962,7.440823747348754e-7,2,0,0.012562689544254688,3,1,0.008402476042454962,1,0.008402476042454962,0,0
BTC,2017-12-06,24,0.15746579603654767,7.474726158416518e-7,2,0,0.012601025097205908,3,1,0.15746579603654767,1,0.15746579603654767,0,0
BTC,2017-12-07,24,0.14611233585309097,7.64141118814622e-7,2,0,0.012938356370850515,3,1,0.14611233585309097,1,0.14611233585309097,0,0
BTC,2017-12-08,24,0.001439305862078421,8.34962758343033e-7,2,0,0.013461379068826943,3,1,0.001439305862078421,1,0.001439305862078421,0,0
BTC,2017-12-09,24,-0.08101196866833174,9.206728858789809e-7,2,0,0.01408417687006345,3,1,-0.08101196866833174,1,-0.08101196866833174,0,0
BTC,2017-12-10,22,0.011336515704533371,1.0004440270827764e-6,2,0,0.014504242182318354,3,1,0.011336515704533371,1,0.011336515704533371,0,0
BTC,2017-12-11,24,0.11005644810448253,1.0244187936278905e-6,2,0,0.014545316082084618,3,1,0.11005644810448253,1,0.11005644810448253,0,0
BTC,2017-12-12,24,0.018603770149721775,1.0263551599460171e-6,2,0,0.014047937845791926,3,1,0.018603770149721775,1,0.018603770149721775,0,0
BTC,2017-12-13,24,-0.0447540437190963,1.0391691848129773e-6,2,0,0.013865854113035139,3,1,-0.0447540437190963,1,-0.0447540437190963,0,0
BTC,2017-12-14,24,0.013896713237697322,1.052169546602547e-6,2,0,0.013871641098656396,3,1,0.013896713237697322,1,0.013896713237697322,0,0
BTC,2017-12-15,24,0.0663779260918113,1.0895995136358443e-6,2,0,0.013899899055255889,3,1,0.0663779260918113,1,0.0663779260918113,0,0
BTC,2017-12-16,24,0.10084806413080943,1.1379016669255455e-6,2,0,0.013897280487163044,3,1,0.10084806413080943,1,0.10084806413080943,0,0
BTC,2017-12-17,24,-0.022797669465803236,1.1644954021418872e-6,2,0,0.01390491619066528,3,1,-0.022797669465803236,1,-0.022797669465803236,0,0
BTC,2017-12-18,24,-0.004635315567469876,1.1701940603647005e-6,2,0,0.013950366744674654,3,1,-0.004635315567469876,1,-0.004635315567469876,0,0
BTC,2017-12-19,24,-0.06768864929552092,1.1873925914861833e-6,2,0,0.014162092360532886,3,1,-0.06768864929552092,1,-0.06768864929552092,0,0
BTC,2017-12-20,24,-0.08163910637864288,1.2681669504683132e-6,2,0,0.014833144791048115,3,1,-0.08163910637864288,1,-0.08163910637864288,0,0
BTC,2017-12-21,24,-0.06630943238535832,1.332510527893129e-6,2,0,0.015184688745563299,3,1,-0.06630943238535832,1,-0.06630943238535832,0,0
BTC,2017-12-22,24,-0.08995497930366686,1.633024996243883e-6,2,0,0.01734674742722898,3,1,-0.08995497930366686,1,-0.08995497930366686,0,0
BTC,2017-12-23,24,0.0483160613811799,1.713884756311745e-6,2,0,0.01782691267359237,3,1,0.0483160613811799,1,0.0483160613811799,0,0
BTC,2017-12-24,24,-0.05657402153979892,1.847397432061985e-6,2,0,0.018462149451381544,3,1,-0.05657402153979892,1,-0.05657402153979892,0,0
BTC,2017-12-25,24,0.00760184656254375,1.9047212986311045e-6,2,0,0.018730389603777996,3,1,0.00760184656254375,1,0.00760184656254375,0,0
BTC,2017-12-26,24,0.131559561635235,1.9245472305690575e-6,2,0,0.01886400183495716,3,1,0.131559561635235,1,0.131559561635235,0,0
BTC,2017-12-27,24,-0.023583644744932023,1.9605300579590118e-06,2,0,0.019079931819333554,3,1,-0.023583644744932023,1,-0.023583644744932023,0,0
BTC,2017-12-28,24,-0.0598350799685342,2.0000794685287995e-6,2,0,0.019456109678706826,3,1,-0.0598350799685342,1,-0.0598350799685342,0,0
BTC,2017-12-29,24,-0.010224755395154071,1.9866321538252682e-6,2,0,0.018950710953359633,3,1,-0.010224755395154071,1,-0.010224755395154071,0,0
BTC,2017-12-30,24,-0.13358694663692539,2.0154246688039214e-6,2,0,0.018877673761940716,3,1,-0.13358694663692539,1,-0.13358694663692539,0,0
BTC,2017-12-31,24,0.1046459747199576,2.0627965308188766e-6,2,0,0.01889209035824713,3,1,0.1046459747199576,1,0.1046459747199576,0,0
BTC,2018-01-01,24,-0.03520135343546117,2.093258210318802e-6,2,0,0.01899346144198862,3,1,-0.03520135343546117,1,-0.03520135343546117,0,0
BTC,2018-01-02,24,0.09701099373314064,2.1228332672851993e-6,2,0,0.019088604772621122,3,1,0.09701099373314064,1,0.09701099373314064,0,0
BTC,2018-01-03,24,0.020201766583304567,2.146919423829886e-6,2,0,0.019117435413724727,3,1,0.020201766583304567,1,0.020201766583304567,0,0
BTC,2018-01-04,24,0.005313240071894084,2.151890781078216e-6,2,0,0.01914989691924719,3,1,0.005313240071894084,1,0.005313240071894084,0,0
BTC,2018-01-05,24,0.10695750005357264,2.177880719221589e-6,2,0,0.019189472434600386,3,1,0.10695750005357264,1,0.10695750005357264,0,0
BTC,2018-01-06,24,0.0057515270939433195,2.2289319109247278e-6,2,0,0.018956165505149447,3,1,0.0057515270939433195,1,0.0057515270939433195,0,0
BTC,2018-01-07,24,-0.0577947696090792,2.1731638346519245e-6,2,0,0.01848137257487161,3,1,-0.0577947696090792,1,-0.0577947696090792,0,0
BTC,2018-01-08,24,-0.07102595928327093,2.1059103847118685e-6,2,0,0.018200606025872684,3,1,-0.07102595928327093,1,-0.07102595928327093,0,0
BTC,2018-01-09,24,-0.03426291168808035,2.0302487356886043e-6,2,0,0.017739521325093856,3,1,-0.03426291168808035,1,-0.03426291168808035,0,0
BTC,2018-01-10,24,0.028588702032636325,2.0402778069616055e-6,2,0,0.017742430002488787,3,1,0.028588702032636325,1,0.028588702032636325,0,0
BTC,2018-01-11,10,-0.09029586058840124,2.077671514822574e-6,2,0,0.017950103691183793,3,1,-0.09029586058840124,1,-0.09029586058840124,0,0
BTC,2018-01-12,1,-0.010673780662683749,2.079944958396971e-6,2,0,0.01795335643528243,3,1,-0.010673780662683749,1,-0.010673780662683749,0,0
BTC,2018-01-13,11,0.06431632360304979,2.101631719274274e-6,2,0,0.01801512400463278,3,1,0.06431632360304979,1,0.06431632360304979,0,0
BTC,2018-01-14,24,-0.0490151894857296,2.1131997390081353e-6,2,0,0.01799517194519412,3,1,-0.0490151894857296,1,-0.0490151894857296,0,0
BTC,2018-01-15,24,-0.007533116390292161,2.1083149295859465e-6,2,0,0.01801868230551976,3,1,-0.007533116390292161,1,-0.007533116390292161,0,0
BTC,2018-01-16,24,-0.16545006807083135,2.190603534400594e-6,2,0,0.018882016691874448,3,1,-0.16545006807083135,1,-0.16545006807083135,0,0
BTC,2018-01-17,24,-0.030656237693009125,2.2761010773470244e-6,2,0,0.019952707924201823,3,1,-0.030656237693009125,1,-0.030656237693009125,0,0
BTC,2018-01-18,24,0.008989424604855372,2.266868553237819e-6,2,0,0.02026751297039451,3,1,0.008989424604855372,1,0.008989424604855372,0,0
BTC,2018-01-19,24,0.027278272046367215,2.2472106223136568e-6,2,0,0.02033427099828231,3,1,0.027278272046367215,1,0.027278272046367215,0,0
BTC,2018-01-20,24,0.10218340268762033,2.251664412700532e-6,2,0,0.02040785945883128,3,1,0.10218340268762033,1,0.10218340268762033,0,0
BTC,2018-01-21,24,-0.1058199116769472,2.221824357972359e-6,2,0,0.020165796673672232,3,1,-0.1058199116769472,1,-0.1058199116769472,0,0
BTC,2018-01-22,24,-0.06661289916398208,2.198865334145556e-6,2,0,0.02012483754603784,3,1,-0.06661289916398208,1,-0.06661289916398208,0,0
BTC,2018-01-23,24,0.003563979914126058,2.011204723902465e-6,2,0,0.018839921914585958,3,1,0.003563979914126058,1,0.003563979914126058,0,0
BTC,2018-01-24,24,0.05119282758552249,1.9040892118238393e-6,2,0,0.018340939493375,3,1,0.05119282758552249,1,0.05119282758552249,0,0
BTC,2018-01-25,24,-0.023075459968061374,1.7762672534308191e-6,2,0,0.01777349366879891,3,1,-0.023075459968061374,1,-0.023075459968061374,0,0
BTC,2018-01-26,24,-0.0070593500928426665,1.6839958196034333e-6,2,0,0.017648276186292576,3,1,-0.0070593500928426665,1,-0.0070593500928426665,0,0
BTC,2018-01-27,24,0.027170649650138386,1.6327883045499702e-6,2,0,0.01753459279442551,3,1,0.027170649650138386,1,0.027170649650138386,0,0
BTC,2018-01-28,24,0.02119483751243762,1.5698335051929466e-6,2,0,0.017329932676436354,3,1,0.02119483751243762,1,0.02119483751243762,0,0
BTC,2018-01-29,24,-0.042139870135199625,1.5120745158250282e-6,2,0,0.01698108159934644,3,1,-0.042139870135199625,1,-0.042139870135199625,0,0
BTC,2018-01-30,24,-0.11087644786372049,1.439627001694257e-6,2,0,0.017022053930469634,3,1,-0.11087644786372049,1,-0.11087644786372049,0,0
BTC,2018-01-31,24,0.012130777099926507,1.3540578664857572e-6,2,0,0.01674870069581707,3,1,0.012130777099926507,1,0.012130777099926507,0,0
BTC,2018-02-01,24,-0.11130017471175137,1.2348328986035505e-6,2,0,0.016654278189430778,3,1,-0.11130017471175137,1,-0.11130017471175137,0,0
BTC,2018-02-02,24,-0.029760424761271782,1.1923812857401249e-6,2,0,0.01717453974067554,3,1,-0.029760424761271782,1,-0.029760424761271782,0,0
BTC,2018-02-03,24,0.04407502473922294,1.1598637251636568e-6,2,0,0.01717314663236553,3,1,0.04407502473922294,1,0.04407502473922294,0,0
BTC,2018-02-04,24,-0.120122728905393,1.150048220968117e-6,2,0,0.017355129302281395,3,1,-0.120122728905393,1,-0.120122728905393,0,0
BTC,2018-02-05,24,-0.17225700244912823,1.119880403428083e-6,2,0,0.017888594654967404,3,1,-0.17225700244912823,1,-0.17225700244912823,0,0
BTC,2018-02-06,24,0.11490032479174869,1.151202865886202e-6,2,0,0.01921426471610802,3,1,0.11490032479174869,1,0.11490032479174869,0,0
BTC,2018-02-07,24,-0.015489939535721694,1.1244583422573153e-6,2,0,0.019537977538271193,3,1,-0.015489939535721694,1,-0.015489939535721694,0,0
BTC,2018-02-08,24,0.08516860768046713,1.1041157413894786e-6,2,0,0.019709189822633828,3,1,0.08516860768046713,1,0.08516860768046713,0,0
BTC,2018-02-09,24,0.053125535352715615,1.0739088359985398e-6,2,0,0.019695987961041602,3,1,0.053125535352715615,1,0.053125535352715615,0,0
BTC,2018-02-10,24,-0.014435321851393235,1.0526053519925127e-6,2,0,0.019786686005790206,3,1,-0.014435321851393235,1,-0.014435321851393235,0,0
BTC,2018-02-11,24,-0.0601681590443681,1.0330286276886967e-6,2,0,0.019764909842524492,3,1,-0.0601681590443681,1,-0.0601681590443681,0,0
BTC,2018-02-12,24,0.10032932304079137,9.93872408283441e-7,2,0,0.01954565250148143,3,1,0.10032932304079137,1,0.10032932304079137,0,0
BTC,2018-02-13,24,-0.04461254014255571,9.76186112004787e-7,2,0,0.01950979131115639,3,1,-0.04461254014255571,1,-0.04461254014255571,0,0
BTC,2018-02-14,24,0.10806064855306914,9.636480696425414e-7,2,0,0.019522758099920594,3,1,0.10806064855306914,1,0.10806064855306914,0,0
BTC,2018-02-15,24,0.056071264932896825,8.872840643036113e-7,2,0,0.018722080728279536,3,1,0.056071264932896825,1,0.056071264932896825,0,0
BTC,2018-02-16,24,0.014981368427190542,7.990692263158715e-7,2,0,0.01761852057022518,3,1,0.014981368427190542,1,0.014981368427190542,0,0
BTC,2018-02-17,24,0.08568547505943432,7.66658543772655e-7,2,0,0.017246985633466865,3,1,0.08568547505943432,1,0.08568547505943432,0,0
BTC,2018-02-18,24,-0.0622588393056071,7.5936958797411e-7,2,0,0.017276965267718172,3,1,-0.0622588393056071,1,-0.0622588393056071,0,0
BTC,2018-02-19,24,0.06810657280001145,7.45050790509312e-7,2,0,0.01713651478760448,3,1,0.06810657280001145,1,0.06810657280001145,0,0
BTC,2018-02-20,24,0.0068906080542598565,7.141364928349601e-7,2,0,0.016914014238504062,3,1,0.0068906080542598565,1,0.0068906080542598565,0,0
BTC,2018-02-21,24,-0.07135091232148688,6.718841922873804e-7,2,0,0.016665822546113436,3,1,-0.07135091232148688,1,-0.07135091232148688,0,0
BTC,2018-02-22,24,-0.06185650148460465,6.372185431302025e-7,2,0,0.01647143155046492,3,1,-0.06185650148460465,1,-0.06185650148460465,0,0
BTC,2018-02-23,24,0.03175600250936375,6.190332869267342e-7,2,0,0.016419746803085864,3,1,0.03175600250936375,1,0.03175600250936375,0,0
BTC,2018-02-24,24,-0.0473440323194329,6.124501645850185e-7,2,0,0.01646074923727095,3,1,-0.0473440323194329,1,-0.0473440323194329,0,0
BTC,2018-02-25,24,-0.01121041426802151,5.992981934790169e-7,2,0,0.01627730497798794,3,1,-0.01121041426802151,1,-0.01121041426802151,0,0
BTC,2018-02-26,24,0.07460963574178991,5.902904944506005e-7,2,0,0.016234843604038925,3,1,0.07460963574178991,1,0.07460963574178991,0,0
BTC,2018-02-27,24,0.021933414435396148,5.898891226522273e-7,2,0,0.016264401880514038,3,1,0.021933414435396148,1,0.021933414435396148,0,0
BTC,2018-02-28,24,-0.023106344131086823,5.83632536942307e-7,2,0,0.016277516995592576,3,1,-0.023106344131086823,1,-0.023106344131086823,0,0
BTC,2018-03-01,24,0.05748167228789017,5.751015628972483e-7,2,0,0.016087775178557064,3,1,0.05748167228789017,1,0.05748167228789017,0,0
BTC,2018-03-02,24,0.01014071638444297,5.749346505903026e-7,2,0,0.016007567043036457,3,1,0.01014071638444297,1,0.01014071638444297,0,0
BTC,2018-03-03,24,0.035329797667324754,5.742612021269362e-7,2,0,0.015751197574523586,3,1,0.035329797667324754,1,0.035329797667324754,0,0
BTC,2018-03-04,24,0.007332171766719956,5.48222055047757e-7,2,0,0.01502891580168726,3,1,0.007332171766719956,1,0.007332171766719956,0,0
BTC,2018-03-05,24,-0.006816029177435821,5.303617360215886e-7,2,0,0.014703026829967793,3,1,-0.006816029177435821,1,-0.006816029177435821,0,0
BTC,2018-03-06,24,-0.06339928511822879,5.087926952167208e-7,2,0,0.014445311342320289,3,1,-0.06339928511822879,1,-0.06339928511822879,0,0
BTC,2018-03-07,24,-0.08034560030041701,4.887322175114074e-7,2,0,0.014008151143646744,3,1,-0.08034560030041701,1,-0.08034560030041701,0,0
BTC,2018-03-08,24,-0.06498697066118565,4.012947952304295e-7,1,0,0.012312829125007339,2,1,-0.06498697066118565,1,-0.06498697066118565,0.2916666666666667,-0.06839886378114042
BTC,2018-03-09,24,-0.0038219907897097958,3.9134785513196654e-7,1,0,0.01224109330462625,2,1,-0.0038219907897097958,1,-0.0038219907897097958,1,-0.0038219907897097958
BTC,2018-03-10,24,-0.05474653440864474,3.777573424624459e-7,1,0,0.01202222792648892,2,1,-0.05474653440864474,1,-0.05474653440864474,1,-0.05474653440864474
BTC,2018-03-11,24,0.08476365164975823,3.837207778417375e-7,1,0,0.01218822140939903,2,1,0.08476365164975823,1,0.08476365164975823,1,0.08476365164975823
BTC,2018-03-12,24,-0.04546383882645735,3.7568298322586944e-7,1,0,0.01211326758767323,2,1,-0.04546383882645735,1,-0.04546383882645735,1,-0.04546383882645735
BTC,2018-03-13,24,0.004220548796611523,3.7318228639355056e-7,1,0,0.012127998967480718,2,1,0.004220548796611523,1,0.004220548796611523,1,0.004220548796611523
BTC,2018-03-14,24,-0.11181975463197408,3.65021690553223e-7,1,0,0.012172509690140254,2,1,-0.11181975463197408,1,-0.11181975463197408,1,-0.11181975463197408
BTC,2018-03-15,24,0.009060636309168695,3.6440051213470403e-7,1,0,0.012385797918917611,2,1,0.009060636309168695,1,0.009060636309168695,1,0.009060636309168695
BTC,2018-03-16,24,2.909161454733994e-4,3.636038220240184e-7,1,0,0.012462248312920803,2,1,2.909161454733994e-4,1,2.909161454733994e-4,1,2.909161454733994e-4
BTC,2018-03-17,24,-0.0506619912996625,3.544666119398164e-7,1,0,0.012344237950135034,2,1,-0.0506619912996625,1,-0.0506619912996625,1,-0.0506619912996625
BTC,2018-03-18,24,0.042410858338117266,3.6194151706919975e-7,1,0,0.012712736701903515,3,1,0.042410858338117266,1,0.042410858338117266,0.9166666666666667,0.0387716050397068
BTC,2018-03-19,24,0.050864274812911045,3.572468150159588e-7,1,0,0.012780564313197572,3,1,0.050864274812911045,1,0.050864274812911045,0,0
BTC,2018-03-20,24,0.034451136211356516,3.426102771229928e-7,1,0,0.012580998387567504,3,1,0.034451136211356516,1,0.034451136211356516,0,0
BTC,2018-03-21,24,-0.0035971261808496486,3.3325654456761945e-7,1,0,0.012498802666095172,2,1,-0.0035971261808496486,1,-0.0035971261808496486,0.6666666666666666,-0.00756513078974933
BTC,2018-03-22,24,-0.01915756512325565,3.314549093372263e-7,1,0,0.012477180931142794,2,1,-0.01915756512325565,1,-0.01915756512325565,1,-0.01915756512325565
BTC,2018-03-23,24,0.023293145952311876,3.336103229896315e-7,1,0,0.012429212987589958,2,1,0.023293145952311876,1,0.023293145952311876,1,0.023293145952311876
BTC,2018-03-24,24,-0.044347776329546826,3.3468706469126436e-7,1,0,0.01231593762186536,2,1,-0.044347776329546826,1,-0.044347776329546826,1,-0.044347776329546826
BTC,2018-03-25,24,-0.010085861725221168,3.334658108629799e-7,1,0,0.012195516588681976,2,1,-0.010085861725221168,1,-0.010085861725221168,1,-0.010085861725221168
BTC,2018-03-26,24,-0.03698362656377925,3.2999853174708886e-7,1,0,0.012142266023182541,2,1,-0.03698362656377925,1,-0.03698362656377925,1,-0.03698362656377925
BTC,2018-03-27,24,-0.04410272310991542,3.327985517658366e-7,1,0,0.012245172448868972,2,1,-0.04410272310991542,1,-0.04410272310991542,1,-0.04410272310991542
BTC,2018-03-28,24,0.019911655937960945,3.317796776996752e-7,1,0,0.012179689592211112,2,1,0.019911655937960945,1,0.019911655937960945,1,0.019911655937960945
BTC,2018-03-29,24,-0.11504077414296532,3.201800674086278e-7,1,0,0.012213771370899032,2,1,-0.11504077414296532,1,-0.11504077414296532,1,-0.11504077414296532
BTC,2018-03-30,24,-0.03977735736605183,3.3117829795980236e-7,1,0,0.012647547534841118,3,1,-0.03977735736605183,1,-0.03977735736605183,0.25,0.003005648481765979
BTC,2018-03-31,24,0.015618140156965013,3.3531938551228887e-7,1,0,0.01275317646472201,3,1,0.015618140156965013,1,0.015618140156965013,0,0
BTC,2018-04-01,24,-0.01473669452915886,3.357200550452947e-7,1,0,0.01289776878429263,3,1,-0.01473669452915886,1,-0.01473669452915886,0,0
BTC,2018-04-02,24,0.035301941205916856,3.370828422724553e-7,1,0,0.012985165253254473,3,1,0.035301941205916856,1,0.035301941205916856,0,0
BTC,2018-04-03,24,0.049783941505459325,3.336719134381265e-7,1,0,0.013014448280421828,3,1,0.049783941505459325,1,0.049783941505459325,0,0
BTC,2018-04-04,24,-0.08796815287532533,3.3306936687767726e-7,1,0,0.013114813433544514,3,1,-0.08796815287532533,1,-0.08796815287532533,0,0
BTC,2018-04-05,24,-0.003969342450361067,3.3586259705916794e-7,1,0,0.013187896554454783,3,1,-0.003969342450361067,1,-0.003969342450361067,0,0
BTC,2018-04-06,24,-0.022019320536560458,3.2781811184356335e-7,1,0,0.01290042439130866,3,1,-0.022019320536560458,1,-0.022019320536560458,0,0
BTC,2018-04-07,24,0.040999724259079696,3.191124940878253e-7,1,0,0.012639903295005304,3,1,0.040999724259079696,1,0.040999724259079696,0,0
BTC,2018-04-08,24,0.01745852390705996,3.067683720392517e-7,1,0,0.012132659738079407,2,1,0.01745852390705996,1,0.01745852390705996,0.7916666666666667,0.0037642104042578005
BTC,2018-04-09,24,-0.03497625866327108,3.076416612503302e-7,1,0,0.012131125741507166,2,1,-0.03497625866327108,1,-0.03497625866327108,1,-0.03497625866327108
BTC,2018-04-10,24,0.008321497069279024,2.954157544021816e-7,1,0,0.011729952317834415,2,1,0.008321497069279024,1,0.008321497069279024,1,0.008321497069279024
BTC,2018-04-11,24,0.0161211827747479,2.856961233609875e-7,1,0,0.011379531474273848,2,1,0.0161211827747479,1,0.0161211827747479,1,0.0161211827747479
BTC,2018-04-12,24,0.13193272312654986,3.0700578338209174e-7,1,0,0.011869677112536768,2,1,0.13193272312654986,1,0.13193272312654986,1,0.13193272312654986
BTC,2018-04-13,24,-0.004733467046917549,3.059941901630382e-7,1,0,0.011747405676670609,2,1,-0.004733467046917549,1,-0.004733467046917549,1,-0.004733467046917549
BTC,2018-04-14,24,0.015408741741190946,3.0244813450082757e-7,1,0,0.01145679378862689,2,1,0.015408741741190946,1,0.015408741741190946,1,0.015408741741190946
BTC,2018-04-15,24,0.04379923187235434,3.0066240447960004e-7,1,0,0.011277412568992435,2,1,0.04379923187235434,1,0.04379923187235434,1,0.04379923187235434
BTC,2018-04-16,24,-0.037299395765007244,3.037918274300815e-7,1,0,0.011228296616365332,2,1,-0.037299395765007244,1,-0.037299395765007244,1,-0.037299395765007244
BTC,2018-04-17,24,-0.020564730185661708,2.8790158894185566e-7,1,0,0.010682856630604112,2,1,-0.020564730185661708,1,-0.020564730185661708,1,-0.020564730185661708
BTC,2018-04-18,24,0.03447994877195629,2.9226985587878907e-7,1,0,0.010582680293321262,2,1,0.03447994877195629,1,0.03447994877195629,1,0.03447994877195629
BTC,2018-04-19,24,0.012854600958516305,2.924732062190882e-7,1,0,0.010411739708247313,2,1,0.012854600958516305,1,0.012854600958516305,1,0.012854600958516305
BTC,2018-04-20,24,0.06991482553105148,2.9933610349611157e-7,1,0,0.010477341632175658,2,1,0.06991482553105148,1,0.06991482553105148,1,0.06991482553105148
BTC,2018-04-21,23,0.007811662879939596,3.002870644791687e-7,1,0,0.010403955715774911,2,1,0.007811662879939596,1,0.007811662879939596,1,0.007811662879939596
BTC,2018-04-22,24,-0.014958265882083575,3.0141985229113523e-7,1,0,0.010316433460259646,2,1,-0.014958265882083575,1,-0.014958265882083575,1,-0.014958265882083575
BTC,2018-04-23,24,0.01601979559006108,2.944565168410824e-7,1,0,0.01014332190628084,2,1,0.01601979559006108,1,0.01601979559006108,1,0.01601979559006108
BTC,2018-04-24,24,0.07605808822861486,2.917091378976816e-7,1,0,0.010148682418351573,2,1,0.07605808822861486,1,0.07605808822861486,1,0.07605808822861486
BTC,2018-04-25,24,-0.0871082966842108,2.89847587848398e-7,1,0,0.0101950231120052,2,1,-0.0871082966842108,1,-0.0871082966842108,1,-0.0871082966842108
BTC,2018-04-26,24,0.048027921654962946,2.8804783731449e-7,1,0,0.010120183124396952,2,1,0.048027921654962946,1,0.048027921654962946,1,0.048027921654962946
BTC,2018-04-27,24,-0.04103996174799656,2.86923856881464e-7,1,0,0.010080129609990208,2,1,-0.04103996174799656,1,-0.04103996174799656,1,-0.04103996174799656
BTC,2018-04-28,24,0.04617131606662257,2.961791248335797e-7,1,0,0.009927024156281791,2,1,0.04617131606662257,1,0.04617131606662257,1,0.04617131606662257
BTC,2018-04-29,24,0.0076798739101494986,2.7719122079559204e-7,1,0,0.009247612923482503,2,1,0.0076798739101494986,1,0.0076798739101494986,1,0.0076798739101494986
BTC,2018-04-30,24,-0.01801232333267522,2.7156583576439453e-7,1,0,0.009041510411947376,2,1,-0.01801232333267522,1,-0.01801232333267522,1,-0.01801232333267522
BTC,2018-05-01,24,-0.017670791873599843,2.6623895393347027e-7,1,0,0.008800101927654739,2,1,-0.017670791873599843,1,-0.017670791873599843,1,-0.017670791873599843
BTC,2018-05-02,24,0.014843100298604231,2.62338421149625e-7,1,0,0.008644277038479548,2,1,0.014843100298604231,1,0.014843100298604231,1,0.014843100298604231
BTC,2018-05-03,24,0.05475963000402224,2.630546185486595e-7,1,0,0.00858081540354191,2,1,0.05475963000402224,1,0.05475963000402224,1,0.05475963000402224
BTC,2018-05-04,24,-0.004839184106843203,2.62047708858247e-7,1,0,0.008415237994670718,2,1,-0.004839184106843203,1,-0.004839184106843203,1,-0.004839184106843203
BTC,2018-05-05,24,0.010891151029455926,2.570134913112169e-7,1,0,0.008179330108994371,1,1,0.010891151029455926,1,0.010891151029455926,1,0.010891151029455926
BTC,2018-05-06,24,-0.019598666474325316,2.5729232702428207e-7,1,0,0.008100851210980373,1,1,-0.019598666474325316,1,-0.019598666474325316,1,-0.019598666474325316
BTC,2018-05-07,24,-0.025763993923057577,2.567775642541271e-7,1,0,0.008036659851758034,1,1,-0.025763993923057577,1,-0.025763993923057577,1,-0.025763993923057577
BTC,2018-05-08,24,-0.0202777096831811,2.596773714032066e-7,1,0,0.008042829823184421,1,1,-0.0202777096831811,1,-0.0202777096831811,1,-0.0202777096831811
BTC,2018-05-09,24,0.014363195495384928,2.555450897794072e-7,1,0,0.007861815704914015,1,1,0.014363195495384928,1,0.014363195495384928,1,0.014363195495384928
BTC,2018-05-10,24,-0.03214882355842484,2.580119311575911e-7,1,0,0.007862093148039895,1,1,-0.03214882355842484,1,-0.03214882355842484,1,-0.03214882355842484
BTC,2018-05-11,24,-0.06928620683081041,2.621223494792451e-7,1,0,0.007983977921859496,1,1,-0.06928620683081041,1,-0.06928620683081041,1,-0.06928620683081041
BTC,2018-05-12,24,0.008432671899776036,2.0800704594495744e-7,1,0,0.006911959334283947,1,1,0.008432671899776036,1,0.008432671899776036,1,0.008432671899776036
BTC,2018-05-13,24,0.025523589380903683,2.077668585865488e-7,1,0,0.006748025993221342,1,1,0.025523589380903683,1,0.025523589380903683,1,0.025523589380903683
BTC,2018-05-14,24,-0.004309010642193494,2.1320849393527912e-7,1,0,0.006853341716524887,1,1,-0.004309010642193494,1,-0.004309010642193494,1,-0.004309010642193494
BTC,2018-05-15,24,-0.023127008933550977,2.1286262638889878e-7,1,0,0.00684397487779697,1,1,-0.023127008933550977,1,-0.023127008933550977,1,-0.023127008933550977
BTC,2018-05-16,24,-0.014029514308513057,2.1580969579354978e-7,1,0,0.006900702105984876,1,1,-0.014029514308513057,1,-0.014029514308513057,1,-0.014029514308513057
BTC,2018-05-17,24,-0.03424086248949908,2.1475674620347023e-7,1,0,0.006862455385096041,1,1,-0.03424086248949908,1,-0.03424086248949908,1,-0.03424086248949908
BTC,2018-05-18,24,0.02060713941272216,2.12700701761475e-7,1,0,0.006794448200666817,1,1,0.02060713941272216,1,0.02060713941272216,1,0.02060713941272216
BTC,2018-05-19,24,2.3078277977034217e-4,2.1722917566529734e-7,1,0,0.00683783715075234,1,1,2.3078277977034217e-4,1,2.3078277977034217e-4,1,2.3078277977034217e-4
BTC,2018-05-20,24,0.034039591003345325,2.136209069928616e-7,1,0,0.006677646814069881,1,1,0.034039591003345325,1,0.034039591003345325,1,0.034039591003345325
BTC,2018-05-21,24,-0.01515135698235333,2.150437354095153e-7,1,0,0.006639933729208389,1,1,-0.01515135698235333,1,-0.01515135698235333,1,-0.01515135698235333
BTC,2018-05-22,24,-0.04905775490976682,2.140991366771321e-7,1,0,0.006629013829076438,1,1,-0.04905775490976682,1,-0.04905775490976682,1,-0.04905775490976682
BTC,2018-05-23,24,-0.06313509289044418,2.1548316017708118e-7,1,0,0.006725731037489925,1,1,-0.06313509289044418,1,-0.06313509289044418,1,-0.06313509289044418
BTC,2018-05-24,24,0.009514213604790168,2.2096478119869823e-7,1,0,0.0067559854481131975,1,1,0.009514213604790168,1,0.009514213604790168,1,0.009514213604790168
BTC,2018-05-25,24,-0.014097852854684534,2.193633155111852e-7,1,0,0.006517277426692481,1,1,-0.014097852854684534,1,-0.014097852854684534,1,-0.014097852854684534
BTC,2018-05-26,24,-0.01838386459383203,2.2030671343227252e-7,1,0,0.006405504943895082,1,1,-0.01838386459383203,1,-0.01838386459383203,1,-0.01838386459383203
BTC,2018-05-27,24,-5.595016487495377e-4,2.2130988401205224e-7,1,0,0.006322631122260075,1,1,-5.595016487495377e-4,1,-5.595016487495377e-4,1,-5.595016487495377e-4
BTC,2018-05-28,24,-0.030955100053266064,2.1678807669049534e-7,1,0,0.006242574243334007,1,1,-0.030955100053266064,1,-0.030955100053266064,1,-0.030955100053266064
BTC,2018-05-29,24,0.04944296476740063,2.209613985774664e-7,1,0,0.006327332898074847,1,1,0.04944296476740063,1,0.04944296476740063,1,0.04944296476740063
BTC,2018-05-30,24,-0.011821536152023988,2.2065807876964337e-7,1,0,0.006313906802866609,1,1,-0.011821536152023988,1,-0.011821536152023988,1,-0.011821536152023988
BTC,2018-05-31,24,0.01489883216764482,2.2059420300552895e-7,1,0,0.006249640718264323,1,1,0.01489883216764482,1,0.01489883216764482,1,0.01489883216764482
BTC,2018-06-01,24,0.0024816888212125486,2.2609951455741264e-7,1,0,0.006306468747111076,1,1,0.0024816888212125486,1,0.0024816888212125486,1,0.0024816888212125486
BTC,2018-06-02,24,0.017424137838680083,2.2858092378593102e-7,1,0,0.006252310758507007,1,1,0.017424137838680083,1,0.017424137838680083,1,0.017424137838680083
BTC,2018-06-03,24,0.010512768693111275,2.2942971640349692e-7,1,0,0.006205376031793838,1,1,0.010512768693111275,1,0.010512768693111275,1,0.010512768693111275
BTC,2018-06-04,24,-0.029096929862337605,2.3131215289779285e-7,1,0,0.006208737524310301,1,1,-0.029096929862337605,1,-0.029096929862337605,1,-0.029096929862337605
BTC,2018-06-05,24,0.016735961981435628,2.301368064817258e-7,1,0,0.006200107323324445,1,1,0.016735961981435628,1,0.016735961981435628,1,0.016735961981435628
BTC,2018-06-06,24,0.004947071299393624,2.2957252278194942e-7,1,0,0.00616656640133996,1,1,0.004947071299393624,1,0.004947071299393624,1,0.004947071299393624
BTC,2018-06-07,24,0.002555545356601666,2.2722005323304412e-7,1,0,0.006103734759533016,1,1,0.002555545356601666,1,0.002555545356601666,1,0.002555545356601666
BTC,2018-06-08,24,-0.008828606911919463,2.2885835528043695e-7,1,0,0.006061879006418918,1,1,-0.008828606911919463,1,-0.008828606911919463,1,-0.008828606911919463
BTC,2018-06-09,24,-0.015463338502037745,2.2896480160236632e-7,1,0,0.006014911503144131,1,1,-0.015463338502037745,1,-0.015463338502037745,1,-0.015463338502037745
BTC,2018-06-10,24,-0.10205862691265329,2.7347932488088385e-7,1,0,0.006597026234468915,1,1,-0.10205862691265329,1,-0.10205862691265329,1,-0.10205862691265329
BTC,2018-06-11,24,0.015991663556645486,2.6832722088922117e-7,1,0,0.006499339805167075,1,1,0.015991663556645486,1,0.015991663556645486,1,0.015991663556645486
BTC,2018-06-12,24,-0.049145033002583716,2.639950281449817e-7,1,0,0.006487023078285806,1,1,-0.049145033002583716,1,-0.049145033002583716,1,-0.049145033002583716
BTC,2018-06-13,24,-0.039408902902872266,2.492871776540973e-7,1,0,0.006334202498171911,1,1,-0.039408902902872266,1,-0.039408902902872266,1,-0.039408902902872266
BTC,2018-06-14,24,0.053588805186370506,2.540674333487324e-7,1,0,0.0064815639230776274,1,1,0.053588805186370506,1,0.053588805186370506,1,0.053588805186370506
BTC,2018-06-15,24,-0.038858768634038934,2.4810470763899406e-7,1,0,0.006335992776103046,1,1,-0.038858768634038934,1,-0.038858768634038934,1,-0.038858768634038934
BTC,2018-06-16,24,0.014577925427018065,2.570875366554129e-7,1,0,0.0063973821884063045,1,1,0.014577925427018065,1,0.014577925427018065,1,0.014577925427018065
BTC,2018-06-17,24,-0.006283780407958129,2.578675002970608e-7,1,0,0.006338985052036652,1,1,-0.006283780407958129,1,-0.006283780407958129,1,-0.006283780407958129
BTC,2018-06-18,24,0.040439360152535915,2.6018459126684695e-7,1,0,0.006406693356561838,1,1,0.040439360152535915,1,0.040439360152535915,1,0.040439360152535915
BTC,2018-06-19,24,0.0049974819182972054,2.560796414802815e-7,1,0,0.0063593612269141194,1,1,0.0049974819182972054,1,0.0049974819182972054,1,0.0049974819182972054
BTC,2018-06-20,24,0.0022525869805347857,2.5682585340231063e-7,1,0,0.006387755136449387,1,1,0.0022525869805347857,1,0.0022525869805347857,1,0.0022525869805347857
BTC,2018-06-21,24,-0.005834556135194651,2.5771857264288706e-7,1,0,0.0063396237820832445,1,1,-0.005834556135194651,1,-0.005834556135194651,1,-0.005834556135194651
BTC,2018-06-22,24,-0.1035406789408405,2.7268661692336326e-7,1,0,0.00654925498459878,1,1,-0.1035406789408405,1,-0.1035406789408405,1,-0.1035406789408405
BTC,2018-06-23,24,0.016151576382618982,2.7120171652774925e-7,1,0,0.006446682017363122,1,1,0.016151576382618982,1,0.016151576382618982,1,0.016151576382618982
BTC,2018-06-24,24,-6.501845127542711e-4,3.0924750632219264e-7,1,0,0.0070231327240130636,1,1,-6.501845127542711e-4,1,-6.501845127542711e-4,1,-6.501845127542711e-4
BTC,2018-06-25,24,0.01539286257499412,3.061909129843285e-7,1,0,0.007039972083119807,1,1,0.01539286257499412,1,0.01539286257499412,1,0.01539286257499412
BTC,2018-06-26,24,-0.026642715511615962,3.035394604350624e-7,1,0,0.007047418370895828,1,1,-0.026642715511615962,1,-0.026642715511615962,1,-0.026642715511615962
BTC,2018-06-27,24,0.008661181399925664,3.015474168150516e-7,1,0,0.007018786253647739,1,1,0.008661181399925664,1,0.008661181399925664,1,0.008661181399925664
BTC,2018-06-28,24,-0.04596900311607173,2.985793682031562e-7,1,0,0.006947958452400129,1,1,-0.04596900311607173,1,-0.04596900311607173,1,-0.04596900311607173
BTC,2018-06-29,24,0.05613849981329815,3.1947041548034535e-7,1,0,0.007229110646861534,1,1,0.05613849981329815,1,0.05613849981329815,1,0.05613849981329815
BTC,2018-06-30,24,0.030356408868962147,3.2192700032131437e-7,1,0,0.007259808148352914,1,1,0.030356408868962147,1,0.030356408868962147,1,0.030356408868962147
BTC,2018-07-01,24,-0.00661239912949586,3.193693655828255e-7,1,0,0.007196952620034702,1,1,-0.00661239912949586,1,-0.00661239912949586,1,-0.00661239912949586
BTC,2018-07-02,24,0.041954700807429246,3.263239818749269e-7,1,0,0.0073109810275135976,1,1,0.041954700807429246,1,0.041954700807429246,1,0.041954700807429246
BTC,2018-07-03,24,-0.01863824810260824,3.265501329284976e-7,1,0,0.007338309589413757,1,1,-0.01863824810260824,1,-0.01863824810260824,1,-0.01863824810260824
BTC,2018-07-04,24,0.013563210130473263,3.2989526592337575e-7,1,0,0.007396443409176932,1,1,0.013563210130473263,1,0.013563210130473263,1,0.013563210130473263
BTC,2018-07-05,24,-0.008847995238401421,3.2830883942432537e-7,1,0,0.007374462746213794,1,1,-0.008847995238401421,1,-0.008847995238401421,1,-0.008847995238401421
BTC,2018-07-06,24,0.010547591993394006,3.2731327086239854e-7,1,0,0.007343954230205315,1,1,0.010547591993394006,1,0.010547591993394006,1,0.010547591993394006
BTC,2018-07-07,24,0.023925338812470377,3.330711103273655e-7,1,0,0.007416179550777979,1,1,0.023925338812470377,1,0.023925338812470377,1,0.023925338812470377
BTC,2018-07-08,24,-0.007489002148237181,3.328192093792435e-7,1,0,0.007403946435268747,1,1,-0.007489002148237181,1,-0.007489002148237181,1,-0.007489002148237181
BTC,2018-07-09,24,-0.006313983511386362,3.2906951588858437e-7,1,0,0.007391023765910658,1,1,-0.006313983511386362,1,-0.006313983511386362,1,-0.006313983511386362
BTC,2018-07-10,24,-0.05521526380051732,2.8691062000957644e-7,1,0,0.006807147043560375,1,1,-0.05521526380051732,1,-0.05521526380051732,1,-0.05521526380051732
BTC,2018-07-11,24,0.011559363877298674,2.8140949821773015e-7,1,0,0.006702463068183124,1,1,0.011559363877298674,1,0.011559363877298674,1,0.011559363877298674
BTC,2018-07-12,24,-0.021458146396953776,2.7689522482314787e-7,1,0,0.006635988517230155,1,1,-0.021458146396953776,1,-0.021458146396953776,1,-0.021458146396953776
BTC,2018-07-13,24,-0.004431108443149619,2.818917771409452e-7,1,0,0.006573533724417575,1,1,-0.004431108443149619,1,-0.004431108443149619,1,-0.004431108443149619
BTC,2018-07-14,24,0.005695826971755595,2.763467200297829e-7,1,0,0.006342053377879241,1,1,0.005695826971755595,1,0.005695826971755595,1,0.005695826971755595
BTC,2018-07-15,24,0.013507491357988856,2.7773479812131823e-07,1,0,0.006312083610300128,1,1,0.013507491357988856,1,0.013507491357988856,1,0.013507491357988856
BTC,2018-07-16,24,0.0599763259850822,2.697248798650596e-7,1,0,0.006306782306496457,1,1,0.0599763259850822,1,0.0599763259850822,1,0.0599763259850822
BTC,2018-07-17,24,0.08405746196169778,2.943855458150894e-7,1,0,0.006757505864013801,1,1,0.08405746196169778,1,0.08405746196169778,1,0.08405746196169778
BTC,2018-07-18,24,0.006878121407218148,2.8327748921585065e-7,1,0,0.006700324453128384,1,1,0.006878121407218148,1,0.006878121407218148,1,0.006878121407218148
BTC,2018-07-19,24,0.014137987601105363,2.8287084037471924e-7,1,0,0.006735144992458225,1,1,0.014137987601105363,1,0.014137987601105363,1,0.014137987601105363
BTC,2018-07-20,24,-0.02059252204026931,2.813184374979935e-7,1,0,0.006767762744112834,1,1,-0.02059252204026931,1,-0.02059252204026931,1,-0.02059252204026931
BTC,2018-07-21,24,0.010423626827493593,2.8254888800049487e-7,1,0,0.0067888481586247384,1,1,0.010423626827493593,1,0.010423626827493593,1,0.010423626827493593
BTC,2018-07-22,24,5.946830109435817e-4,2.750265690209569e-7,1,0,0.006522367185415739,1,1,5.946830109435817e-4,1,5.946830109435817e-4,1,5.946830109435817e-4
BTC,2018-07-23,24,0.04218572622502737,2.6912818978249785e-7,1,0,0.006505541366164884,1,1,0.04218572622502737,1,0.04218572622502737,1,0.04218572622502737
BTC,2018-07-24,24,0.08463160457096429,2.236205188798493e-7,1,0,0.0059057401668280544,1,1,0.08463160457096429,1,0.08463160457096429,1,0.08463160457096429
BTC,2018-07-25,24,-0.02846677571026502,2.2005795361404646e-7,1,0,0.0058991215625899575,1,1,-0.02846677571026502,1,-0.02846677571026502,1,-0.02846677571026502
BTC,2018-07-26,24,-0.029956873134039528,2.202692459897884e-7,1,0,0.00595797672075707,1,1,-0.029956873134039528,1,-0.029956873134039528,1,-0.029956873134039528
BTC,2018-07-27,24,0.031303015416495786,2.3344177413665776e-7,1,0,0.006174091579050944,1,1,0.031303015416495786,1,0.031303015416495786,1,0.031303015416495786
BTC,2018-07-28,24,0.006557880131298344,2.3247772728417737e-7,1,0,0.006112826525127057,1,1,0.006557880131298344,1,0.006557880131298344,1,0.006557880131298344
BTC,2018-07-29,24,-0.0021040733120215433,2.113833822869883e-7,1,0,0.005742189454178104,1,1,-0.0021040733120215433,1,-0.0021040733120215433,1,-0.0021040733120215433
BTC,2018-07-30,24,-0.005310233127205967,2.1154240928115287e-7,1,0,0.005771056928847922,1,1,-0.005310233127205967,1,-0.005310233127205967,1,-0.005310233127205967
BTC,2018-07-31,24,-0.055877644627821924,2.1155068184520512e-7,1,0,0.005859866927397678,1,1,-0.055877644627821924,1,-0.055877644627821924,1,-0.055877644627821924
BTC,2018-08-01,24,-0.015903688731208183,2.0431792114663365e-7,1,0,0.005778062298231192,1,1,-0.015903688731208183,1,-0.015903688731208183,1,-0.015903688731208183
BTC,2018-08-02,24,-0.009155286586954598,2.015518537410655e-7,1,0,0.005765272750437076,1,1,-0.009155286586954598,1,-0.009155286586954598,1,-0.009155286586954598
BTC,2018-08-03,24,-0.016027313336031388,1.9800276190616406e-7,1,0,0.005748927030571591,1,1,-0.016027313336031388,1,-0.016027313336031388,1,-0.016027313336031388
BTC,2018-08-04,24,-0.054100937280326285,2.048149978044466e-7,1,0,0.00588744061099686,1,1,-0.054100937280326285,1,-0.054100937280326285,1,-0.054100937280326285
BTC,2018-08-05,24,3.416029752682807e-4,2.0846826822498625e-7,1,0,0.005962863890975894,1,1,3.416029752682807e-4,1,3.416029752682807e-4,1,3.416029752682807e-4
BTC,2018-08-06,24,-0.013063655337172023,2.050370766785921e-7,1,0,0.005933223755057859,1,1,-0.013063655337172023,1,-0.013063655337172023,1,-0.013063655337172023
BTC,2018-08-07,24,-0.031921265965829955,2.0683580412157196e-7,1,0,0.006072240655761624,1,1,-0.031921265965829955,1,-0.031921265965829955,1,-0.031921265965829955
BTC,2018-08-08,24,-0.0680438189537341,2.1129815141782977e-7,1,0,0.006308539778866467,1,1,-0.0680438189537341,1,-0.0680438189537341,1,-0.0680438189537341
BTC,2018-08-09,24,0.040608456529600954,2.1265469999208828e-7,1,0,0.006363988797236831,1,1,0.040608456529600954,1,0.040608456529600954,1,0.040608456529600954
BTC,2018-08-10,24,-0.06225634556068954,2.237052898462237e-7,1,0,0.006646593353422448,1,1,-0.06225634556068954,1,-0.06225634556068954,1,-0.06225634556068954
BTC,2018-08-11,24,0.01459620363027454,2.4159330558086317e-7,1,0,0.006975661517617064,1,1,0.01459620363027454,1,0.01459620363027454,1,0.01459620363027454
BTC,2018-08-12,24,0.012819053092379613,2.4228223265501324e-7,1,0,0.007022805627156778,1,1,0.012819053092379613,1,0.012819053092379613,1,0.012819053092379613
BTC,2018-08-13,24,-0.00990280497135641,2.387215150213234e-7,1,0,0.007072298595395328,1,1,-0.00990280497135641,1,-0.00990280497135641,1,-0.00990280497135641
BTC,2018-08-14,24,-0.008548433969959385,2.3984477893762934e-7,1,0,0.007273874106499765,1,1,-0.008548433969959385,1,-0.008548433969959385,1,-0.008548433969959385
BTC,2018-08-15,24,0.011663576870104348,2.4373751922132043e-7,1,0,0.007397372330990963,2,1,0.011663576870104348,1,0.011663576870104348,1,0.011663576870104348
BTC,2018-08-16,24,0.007389489744940103,2.2899456854706204e-7,1,0,0.007117064089976517,1,1,0.007389489744940103,1,0.007389489744940103,1,0.007389489744940103
BTC,2018-08-17,24,0.04234584869729445,2.3220817334046662e-7,1,0,0.007116041942113351,1,1,0.04234584869729445,1,0.04234584869729445,1,0.04234584869729445
BTC,2018-08-18,24,-0.0291339547250639,2.3521192394638e-7,1,0,0.007139403265940972,1,1,-0.0291339547250639,1,-0.0291339547250639,1,-0.0291339547250639
BTC,2018-08-19,24,0.011666061116161856,2.409009433372754e-7,1,0,0.0071406926793652565,1,1,0.011666061116161856,1,0.011666061116161856,1,0.011666061116161856
BTC,2018-08-20,24,-0.03423125077630949,2.4098091648997983e-7,1,0,0.007176082605321671,1,1,-0.03423125077630949,1,-0.03423125077630949,1,-0.03423125077630949
BTC,2018-08-21,24,0.03429302397602659,2.3861607836577563e-7,1,0,0.007155324292063074,1,1,0.03429302397602659,1,0.03429302397602659,1,0.03429302397602659
BTC,2018-08-22,24,-0.01802889436480695,2.582769369607919e-7,1,0,0.007508861670834832,2,1,-0.01802889436480695,1,-0.01802889436480695,1,-0.01802889436480695
BTC,2018-08-23,24,0.025981130815755503,2.601848790241342e-7,1,0,0.007418603287417305,2,1,0.025981130815755503,1,0.025981130815755503,1,0.025981130815755503
BTC,2018-08-24,24,0.025128964930883357,2.609768249675634e-7,1,0,0.007365255983506859,2,1,0.025128964930883357,1,0.025128964930883357,1,0.025128964930883357
BTC,2018-08-25,24,0.005809812552166689,2.62256056449592e-7,1,0,0.007295716557421176,1,1,0.005809812552166689,1,0.005809812552166689,1,0.005809812552166689
BTC,2018-08-26,24,-0.003317887631912959,2.5603886458203045e-7,1,0,0.007121795448255012,1,1,-0.003317887631912959,1,-0.003317887631912959,1,-0.003317887631912959
BTC,2018-08-27,24,0.029225958523067554,2.564909088864463e-7,1,0,0.007163305048037391,1,1,0.029225958523067554,1,0.029225958523067554,1,0.029225958523067554
BTC,2018-08-28,24,0.023982787844894635,2.5270018758373564e-7,1,0,0.007195611257250761,1,1,0.023982787844894635,1,0.023982787844894635,1,0.023982787844894635
BTC,2018-08-29,24,-0.007659937874755251,2.4925784180589187e-7,1,0,0.0071080284970357534,1,1,-0.007659937874755251,1,-0.007659937874755251,1,-0.007659937874755251
BTC,2018-08-30,24,-0.005654815222811673,2.472147320442157e-7,1,0,0.007061332477529806,1,1,-0.005654815222811673,1,-0.005654815222811673,1,-0.005654815222811673
BTC,2018-08-31,24,0.004671804138204697,2.445432138814706e-7,1,0,0.007000796381837738,1,1,0.004671804138204697,1,0.004671804138204697,1,0.004671804138204697
BTC,2018-09-01,24,0.02470721367314657,2.461096288821164e-7,1,0,0.007000529545182634,1,1,0.02470721367314657,1,0.02470721367314657,1,0.02470721367314657
BTC,2018-09-02,24,0.014276095006220495,2.454895513641451e-7,1,0,0.006945901582392299,1,1,0.014276095006220495,1,0.014276095006220495,1,0.014276095006220495
BTC,2018-09-03,24,-0.005305562655783621,2.408426833230538e-7,1,0,0.00681224477496064,1,1,-0.005305562655783621,1,-0.005305562655783621,1,-0.005305562655783621
BTC,2018-09-04,24,0.014122325106239425,2.3582781842484273e-7,1,0,0.0067283472955241485,1,1,0.014122325106239425,1,0.014122325106239425,1,0.014122325106239425
BTC,2018-09-05,24,-0.09585929579576624,2.4516216478012637e-7,1,0,0.006972813318803819,1,1,-0.09585929579576624,1,-0.09585929579576624,1,-0.09585929579576624
BTC,2018-09-06,24,-0.029103666995425763,2.4648418549385796e-7,1,0,0.00706677338310179,1,1,-0.029103666995425763,1,-0.029103666995425763,1,-0.029103666995425763
BTC,2018-09-07,24,-0.015078936695278995,2.45663750976985e-7,1,0,0.006902637871799951,1,1,-0.015078936695278995,1,-0.015078936695278995,1,-0.015078936695278995
BTC,2018-09-08,24,-0.034086983225019,2.4477613353273163e-7,1,0,0.006838900589393052,1,1,-0.034086983225019,1,-0.034086983225019,1,-0.034086983225019
BTC,2018-09-09,24,0.007684847834461063,2.4069545658691375e-7,1,0,0.006685086658071778,1,1,0.007684847834461063,1,0.007684847834461063,1,0.007684847834461063
BTC,2018-09-10,24,0.011742879486158797,2.1982335549429215e-7,1,0,0.006298483982091729,1,1,0.011742879486158797,1,0.011742879486158797,1,0.011742879486158797
BTC,2018-09-11,24,-0.0035275086630650017,2.1999350342478983e-7,1,0,0.006276447913508971,1,1,-0.0035275086630650017,1,-0.0035275086630650017,1,-0.0035275086630650017
BTC,2018-09-12,24,0.005903935636964841,2.2110770322824968e-7,1,0,0.006223829351145936,1,1,0.005903935636964841,1,0.005903935636964841,1,0.005903935636964841
BTC,2018-09-13,24,0.026175498453334986,2.1490469030883967e-7,1,0,0.0060106853938474225,1,1,0.026175498453334986,1,0.026175498453334986,1,0.026175498453334986
BTC,2018-09-14,24,-6.47648442067013e-4,2.105836213897517e-7,1,0,0.00584918850649222,1,1,-6.47648442067013e-4,1,-6.47648442067013e-4,1,-6.47648442067013e-4
BTC,2018-09-15,24,0.005706434822250497,2.0401350993346163e-7,1,0,0.005669680301290213,1,1,0.005706434822250497,1,0.005706434822250497,1,0.005706434822250497
BTC,2018-09-16,24,-0.003395328160639799,2.040185736129257e-7,1,0,0.0056159266165240794,1,1,-0.003395328160639799,1,-0.003395328160639799,1,-0.003395328160639799
BTC,2018-09-17,24,-0.038897584029612034,1.9843294484302505e-7,1,0,0.005585962707870993,1,1,-0.038897584029612034,1,-0.038897584029612034,1,-0.038897584029612034
BTC,2018-09-18,24,0.012797758229860451,1.904773218122339e-7,1,0,0.005509208410429686,1,1,0.012797758229860451,1,0.012797758229860451,1,0.012797758229860451
BTC,2018-09-19,24,0.009683630919122688,2.07192918757036e-7,1,0,0.005770907407149884,1,1,0.009683630919122688,1,0.009683630919122688,1,0.009683630919122688
BTC,2018-09-20,24,0.015384560572752285,2.0791590913049806e-7,1,0,0.005793832482353504,1,1,0.015384560572752285,1,0.015384560572752285,1,0.015384560572752285
BTC,2018-09-21,24,0.03987996850295557,1.7854491895463857e-7,1,0,0.005313605870249949,1,1,0.03987996850295557,1,0.03987996850295557,1,0.03987996850295557
BTC,2018-09-22,24,-0.005685755688273385,1.7973774925869546e-7,1,0,0.005323693676399814,1,1,-0.005685755688273385,1,-0.005685755688273385,1,-0.005685755688273385
BTC,2018-09-23,24,-0.0025340998878071266,1.8056514987531266e-7,1,0,0.005295131587890672,1,1,-0.0025340998878071266,1,-0.0025340998878071266,1,-0.0025340998878071266
BTC,2018-09-24,24,-0.01819436899832102,1.7793881093126255e-7,1,0,0.0052989988419769995,1,1,-0.01819436899832102,1,-0.01819436899832102,1,-0.01819436899832102
BTC,2018-09-25,24,-0.022161316350509705,1.7436811997934749e-7,1,0,0.005315346965879891,1,1,-0.022161316350509705,1,-0.022161316350509705,1,-0.022161316350509705
BTC,2018-09-26,24,0.0028707782450156207,1.7104193830044136e-7,1,0,0.005266398817447223,1,1,0.0028707782450156207,1,0.0028707782450156207,1,0.0028707782450156207
BTC,2018-09-27,24,0.035064068790090365,1.734124657549845e-7,1,0,0.005293038698988956,1,1,0.035064068790090365,1,0.035064068790090365,1,0.035064068790090365
BTC,2018-09-28,24,-0.009243946450638993,1.7105188465468785e-7,1,0,0.005292977099163265,1,1,-0.009243946450638993,1,-0.009243946450638993,1,-0.009243946450638993
BTC,2018-09-29,24,-0.005997746112940995,1.757067290697831e-7,1,0,0.005305544134880343,1,1,-0.005997746112940995,1,-0.005997746112940995,1,-0.005997746112940995
BTC,2018-09-30,24,0.003245672761599254,1.7863159499024265e-7,1,0,0.005295309151553111,1,1,0.003245672761599254,1,0.003245672761599254,1,0.003245672761599254
BTC,2018-10-01,24,-0.004781175864448602,1.7832320875286532e-7,1,0,0.005266129172971591,1,1,-0.004781175864448602,1,-0.004781175864448602,1,-0.004781175864448602
BTC,2018-10-02,24,-0.01110731551517459,1.773710537570897e-7,1,0,0.005244328058474996,1,1,-0.01110731551517459,1,-0.01110731551517459,1,-0.01110731551517459
BTC,2018-10-03,24,-0.005569326099493235,1.7230606539026525e-7,1,0,0.005232178791409588,1,1,-0.005569326099493235,1,-0.005569326099493235,1,-0.005569326099493235
BTC,2018-10-04,24,0.012835173476034245,1.743267961538557e-7,1,0,0.00524492119903446,1,1,0.012835173476034245,1,0.012835173476034245,1,0.012835173476034245
BTC,2018-10-05,24,0.004981918512000152,1.5576458245390024e-7,1,0,0.004844520235149402,1,1,0.004981918512000152,1,0.004981918512000152,1,0.004981918512000152
BTC,2018-10-06,24,-0.004584893142972329,1.474032056425937e-7,1,0,0.004518966683833484,1,1,-0.004584893142972329,1,-0.004584893142972329,1,-0.004584893142972329
BTC,2018-10-07,24,0.0031248834543947616,1.4506712809019583e-7,1,0,0.004433020328994338,1,1,0.0031248834543947616,1,0.0031248834543947616,1,0.0031248834543947616
BTC,2018-10-08,24,0.005993720762039356,1.3945020581594975e-7,1,0,0.0043124922224569645,1,1,0.005993720762039356,1,0.005993720762039356,1,0.005993720762039356
BTC,2018-10-09,24,-0.0037741327548040287,1.2774656226759564e-7,1,0,0.004078342702561157,1,1,-0.0037741327548040287,1,-0.0037741327548040287,1,-0.0037741327548040287
BTC,2018-10-10,24,-0.00832601107335238,1.2841254540162884e-7,1,0,0.004068461630613555,1,1,-0.00832601107335238,1,-0.00832601107335238,1,-0.00832601107335238
BTC,2018-10-11,24,-0.060015168186605725,1.3693294291791664e-7,1,0,0.0042810641836873034,1,1,-0.060015168186605725,1,-0.060015168186605725,1,-0.060015168186605725
BTC,2018-10-12,24,0.006822093658569432,1.3780761758451565e-7,1,0,0.004265731893589044,1,1,0.006822093658569432,1,0.006822093658569432,1,0.006822093658569432
BTC,2018-10-13,24,9.200894911449875e-4,1.4035131863948663e-7,1,0,0.004208098783284911,1,1,9.200894911449875e-4,1,9.200894911449875e-4,1,9.200894911449875e-4
BTC,2018-10-14,24,-0.002601033801606779,1.3612926322788605e-7,1,0,0.004080708862694239,1,1,-0.002601033801606779,1,-0.002601033801606779,1,-0.002601033801606779
BTC,2018-10-15,24,0.04068610253476102,1.628200357122268e-7,1,0,0.004712404565843768,1,1,0.04068610253476102,1,0.04068610253476102,1,0.04068610253476102
BTC,2018-10-16,24,0.0033956416505196473,1.600583252603246e-7,1,0,0.004711174473881329,1,1,0.0033956416505196473,1,0.0033956416505196473,1,0.0033956416505196473
BTC,2018-10-17,24,-0.0027745718378377263,1.6042788039010505e-7,1,0,0.00463657464966699,1,1,-0.0027745718378377263,1,-0.0027745718378377263,1,-0.0027745718378377263
BTC,2018-10-18,24,-0.007337681603373955,1.6088229909386726e-7,1,0,0.004608064548281957,1,1,-0.007337681603373955,1,-0.007337681603373955,1,-0.007337681603373955
BTC,2018-10-19,24,-0.0017527939634207953,1.3725494376677986e-7,1,0,0.00417388548209867,1,1,-0.0017527939634207953,1,-0.0017527939634207953,1,-0.0017527939634207953
BTC,2018-10-20,24,0.004391832949089173,1.3431654290154045e-7,1,0,0.004062497517195655,1,1,0.004391832949089173,1,0.004391832949089173,1,0.004391832949089173
BTC,2018-10-21,24,-3.5874999409898933e-4,1.3543495012812125e-7,1,0,0.003967483045809261,1,1,-3.5874999409898933e-4,1,-3.5874999409898933e-4,1,-3.5874999409898933e-4
BTC,2018-10-22,24,-6.240444321669225e-5,1.3404603111323826e-7,1,0,0.0039040194590749156,1,1,-6.240444321669225e-5,1,-6.240444321669225e-5,1,-6.240444321669225e-5
BTC,2018-10-23,24,-0.002374259159689956,1.3120471523931147e-7,1,0,0.0038784915564306125,1,1,-0.002374259159689956,1,-0.002374259159689956,1,-0.002374259159689956
BTC,2018-10-24,24,0.003044902924834641,1.3326434064924253e-7,1,0,0.003851833110301059,1,1,0.003044902924834641,1,0.003044902924834641,1,0.003044902924834641
BTC,2018-10-25,24,-0.00326386846991711,1.330132282133177e-7,1,0,0.003761095190492147,1,1,-0.00326386846991711,1,-0.00326386846991711,1,-0.00326386846991711
BTC,2018-10-26,24,0.0025464188165827788,1.334160333321341e-7,1,0,0.003722095203567588,1,1,0.0025464188165827788,1,0.0025464188165827788,1,0.0025464188165827788
BTC,2018-10-27,24,1.7161088055041464e-4,1.3134637796434035e-7,1,0,0.0035898588967285265,1,1,1.7161088055041464e-4,1,1.7161088055041464e-4,1,1.7161088055041464e-4
BTC,2018-10-28,24,-3.5885634429639246e-4,1.3367919523543496e-7,1,0,0.0035241900106885438,1,1,-3.5885634429639246e-4,1,-3.5885634429639246e-4,1,-3.5885634429639246e-4
BTC,2018-10-29,24,-0.02237674631974599,1.2556888054617917e-7,1,0,0.0034512936146913454,1,1,-0.02237674631974599,1,-0.02237674631974599,1,-0.02237674631974599
BTC,2018-10-30,24,0.0013874162001660726,1.1636541240226972e-7,1,0,0.00341263430303591,1,1,0.0013874162001660726,1,0.0013874162001660726,1,0.0013874162001660726
BTC,2018-10-31,24,0.005165916515228226,1.1656945176041984e-7,1,0,0.0034426619253716904,1,1,0.005165916515228226,1,0.005165916515228226,1,0.005165916515228226
BTC,2018-11-01,24,0.0051235939210033795,1.1639433862642859e-7,1,0,0.0034097387395907145,1,1,0.0051235939210033795,1,0.0051235939210033795,1,0.0051235939210033795
BTC,2018-11-02,24,9.932131258461483e-4,1.2021421469843132e-7,1,0,0.0033871864530306095,1,1,9.932131258461483e-4,1,9.932131258461483e-4,1,9.932131258461483e-4
BTC,2018-11-03,24,-0.0023348278417711734,1.1978173638456805e-7,1,0,0.003348106614505745,1,1,-0.0023348278417711734,1,-0.0023348278417711734,1,-0.0023348278417711734
BTC,2018-11-04,24,0.013881160518416234,1.2254837388550404e-7,1,0,0.0033679531087709136,1,1,0.013881160518416234,1,0.013881160518416234,1,0.013881160518416234
BTC,2018-11-05,24,-0.0021831005567294597,1.2238388947286126e-7,1,0,0.0033755224584615874,1,1,-0.0021831005567294597,1,-0.0021831005567294597,1,-0.0021831005567294597
BTC,2018-11-06,24,0.007062220186886405,1.2088814790570924e-7,1,0,0.003378674598031314,1,1,0.007062220186886405,1,0.007062220186886405,1,0.007062220186886405
BTC,2018-11-07,24,0.008028079490419605,1.2086080771276076e-7,1,0,0.0033862675923571695,1,1,0.008028079490419605,1,0.008028079490419605,1,0.008028079490419605
BTC,2018-11-08,24,-0.014637694458377178,1.201664726007644e-7,1,0,0.00339777334864436,1,1,-0.014637694458377178,1,-0.014637694458377178,1,-0.014637694458377178
BTC,2018-11-09,24,-0.011519092860383752,1.1896304399916113e-7,1,0,0.003374671112574043,1,1,-0.011519092860383752,1,-0.011519092860383752,1,-0.011519092860383752
BTC,2018-11-10,24,0.0021443671299265555,1.0356102015839368e-7,1,0,0.002999039041613157,1,1,0.0021443671299265555,1,0.0021443671299265555,1,0.0021443671299265555
BTC,2018-11-11,24,0.0014479982383949807,1.0565959973953806e-7,1,0,0.0030069760690896474,1,1,0.0014479982383949807,1,0.0014479982383949807,1,0.0014479982383949807
BTC,2018-11-12,24,-0.0048717135491669755,1.0383228031553494e-7,1,0,0.003012672068755699,1,1,-0.0048717135491669755,1,-0.0048717135491669755,1,-0.0048717135491669755
BTC,2018-11-13,24,-0.010693419765534364,1.0180343596579896e-7,1,0,0.003013683654063715,1,1,-0.010693419765534364,1,-0.010693419765534364,1,-0.010693419765534364
BTC,2018-11-14,24,-0.11125288599834678,1.1948211628016592e-7,1,0,0.003376010346707899,1,1,-0.11125288599834678,1,-0.11125288599834678,1,-0.11125288599834678
BTC,2018-11-15,24,-0.005424531047655877,1.7125217289353507e-7,1,0,0.004256015328923413,1,1,-0.005424531047655877,1,-0.005424531047655877,1,-0.005424531047655877
BTC,2018-11-16,24,-0.01013991547669956,1.7373977036829374e-7,1,0,0.004362556869771493,1,1,-0.01013991547669956,1,-0.01013991547669956,1,-0.01013991547669956
BTC,2018-11-17,24,-0.0027420411780136973,1.7759380125656317e-7,1,0,0.0044222835797602346,1,1,-0.0027420411780136973,1,-0.0027420411780136973,1,-0.0027420411780136973
BTC,2018-11-18,24,0.011139154255179267,1.7741293961629592e-7,1,0,0.004443569639186177,1,1,0.011139154255179267,1,0.011139154255179267,1,0.011139154255179267
BTC,2018-11-19,24,-0.15946969744326356,1.7740576961889656e-7,1,0,0.004866005429333309,1,1,-0.15946969744326356,1,-0.15946969744326356,1,-0.15946969744326356
BTC,2018-11-20,24,-0.08349716148670124,2.7574791033260724e-7,1,0,0.006764922695398706,1,1,-0.08349716148670124,1,-0.08349716148670124,1,-0.08349716148670124
BTC,2018-11-21,24,0.04193844355868431,2.9408935794457774e-7,1,0,0.007267095200218869,2,1,0.04193844355868431,1,0.04193844355868431,1,0.04193844355868431
BTC,2018-11-22,24,-0.06485224755019106,3.0200961403074276e-7,1,0,0.00748963681874258,2,1,-0.06485224755019106,1,-0.06485224755019106,1,-0.06485224755019106
BTC,2018-11-23,24,0.005567917063205655,2.971313192673557e-7,1,0,0.0076428971569882835,2,1,0.005567917063205655,1,0.005567917063205655,1,0.005567917063205655
BTC,2018-11-24,24,-0.12572321017671106,3.3238359510147437e-7,1,0,0.0083459953633235745,2,1,-0.12572321017671106,1,-0.12572321017671106,1,-0.12572321017671106
BTC,2018-11-25,24,0.03965305761138354,3.381096463009141e-7,1,0,0.008911572979324413,2,1,0.03965305761138354,1,0.03965305761138354,1,0.03965305761138354
BTC,2018-11-26,24,-0.05374661587415648,3.3804919272726717e-7,1,0,0.009366410396298833,2,1,-0.05374661587415648,1,-0.05374661587415648,1,-0.05374661587415648
BTC,2018-11-27,24,0.011630209248040702,3.325706191258797e-7,1,0,0.0095564109481512,2,1,0.011630209248040702,1,0.011630209248040702,1,0.011630209248040702
BTC,2018-11-28,24,0.11252707294312596,3.391423668175017e-7,1,0,0.009955039966924296,2,1,0.11252707294312596,1,0.11252707294312596,1,0.11252707294312596
BTC,2018-11-29,24,0.005223548518784125,3.4390247345453093e-7,1,0,0.010172129911262177,2,1,0.005223548518784125,1,0.005223548518784125,1,0.005223548518784125
BTC,2018-11-30,24,-0.0663963323026532,3.3625207130782046e-7,1,0,0.010323644298128322,2,1,-0.0663963323026532,1,-0.0663963323026532,1,-0.0663963323026532
BTC,2018-12-01,24,0.04169428993114688,3.381545203604786e-7,1,0,0.010475659943757492,2,1,0.04169428993114688,1,0.04169428993114688,1,0.04169428993114688
BTC,2018-12-02,24,-0.008858958706159669,3.386459838241806e-7,1,0,0.01057570892266508,2,1,-0.008858958706159669,1,-0.008858958706159669,1,-0.008858958706159669
BTC,2018-12-03,24,-0.06788076534111485,3.3514348189160366e-7,1,0,0.010743123043398703,2,1,-0.06788076534111485,1,-0.06788076534111485,1,-0.06788076534111485
BTC,2018-12-04,24,0.018611440096729208,3.3490854530745e-7,1,0,0.010901589903415835,2,1,0.018611440096729208,1,0.018611440096729208,1,0.018611440096729208
BTC,2018-12-05,24,-0.05538986449967673,3.333858607401755e-7,1,0,0.011036910403722584,2,1,-0.05538986449967673,1,-0.05538986449967673,1,-0.05538986449967673
BTC,2018-12-06,24,-0.07262861576795276,3.282873815265384e-7,1,0,0.011294618639246972,2,1,-0.07262861576795276,1,-0.07262861576795276,1,-0.07262861576795276
BTC,2018-12-07,24,-0.016493888034070925,3.3926301305673766e-7,1,0,0.01185691707672079,3,1,-0.016493888034070925,1,-0.016493888034070925,0.8333333333333333,0.007075065331895209
BTC,2018-12-08,24,0.005194663551043718,3.473980617724549e-7,1,0,0.012138087135862643,3,1,0.005194663551043718,1,0.005194663551043718,0,0
BTC,2018-12-09,24,0.04112222322614017,3.445748344627452e-7,1,0,0.012214024524522558,3,1,0.04112222322614017,1,0.04112222322614017,0,0
BTC,2018-12-10,24,-0.037859865265037596,3.3929460352088687e-7,1,0,0.012260945387752622,3,1,-0.037859865265037596,1,-0.037859865265037596,0,0
BTC,2018-12-11,24,-0.017732588207642147,3.3396304245032303e-7,1,0,0.012283409080777364,3,1,-0.017732588207642147,1,-0.017732588207642147,0,0
BTC,2018-12-12,24,0.02568212738295247,3.306642280453826e-7,1,0,0.012317294087462776,3,1,0.02568212738295247,1,0.02568212738295247,0,0
BTC,2018-12-13,24,-0.05234795276376294,3.260617584579822e-7,1,0,0.012385395530388662,3,1,-0.05234795276376294,1,-0.05234795276376294,0,0
BTC,2018-12-14,24,-0.02017140694347741,3.160785675627663e-7,1,0,0.01212020005414743,3,1,-0.02017140694347741,1,-0.02017140694347741,0,0
BTC,2018-12-15,24,-0.0046431455966049005,3.0767858740259727e-7,1,0,0.011860185041239939,3,1,-0.0046431455966049005,1,-0.0046431455966049005,0,0
BTC,2018-12-16,24,0.003014225648668011,3.068234114858201e-7,1,0,0.011845473616319708,3,1,0.003014225648668011,1,0.003014225648668011,0,0
BTC,2018-12-17,24,0.09340736537645784,3.00797626391312e-7,1,0,0.012012788074057477,3,1,0.09340736537645784,1,0.09340736537645784,0,0
BTC,2018-12-18,24,0.0466121665210015,2.989719989192068e-7,1,0,0.012137783154297659,3,1,0.0466121665210015,1,0.0466121665210015,0,0
BTC,2018-12-19,24,0.003944134480412462,2.9031371032030685e-7,1,0,0.012078085564181742,3,1,0.003944134480412462,1,0.003944134480412462,0,0
BTC,2018-12-20,24,0.10083296172318353,2.7234152796454484e-7,1,0,0.011649491182949771,2,1,0.10083296172318353,1,0.10083296172318353,0.25,-1.6723761623199836e-4
BTC,2018-12-21,24,-0.05964183130244185,2.6397560685904896e-7,1,0,0.011548283665971363,2,1,-0.05964183130244185,1,-0.05964183130244185,1,-0.05964183130244185
BTC,2018-12-22,24,0.03652673384336035,2.6005334438862386e-7,1,0,0.011512531034593541,2,1,0.03652673384336035,1,0.03652673384336035,1,0.03652673384336035
BTC,2018-12-23,24,-0.010376915686331178,2.587889518879343e-7,1,0,0.011447285666790374,2,1,-0.010376915686331178,1,-0.010376915686331178,1,-0.010376915686331178
BTC,2018-12-24,24,0.023427794008673224,2.492034746323629e-7,1,0,0.011285559317384598,2,1,0.023427794008673224,1,0.023427794008673224,1,0.023427794008673224
BTC,2018-12-25,24,-0.06533217197288048,2.466226324796996e-7,1,0,0.011115206474922876,2,1,-0.06533217197288048,1,-0.06533217197288048,1,-0.06533217197288048
BTC,2018-12-26,24,0.007829531079704946,2.392299378630317e-7,1,0,0.010800654861745893,2,1,0.007829531079704946,1,0.007829531079704946,1,0.007829531079704946
BTC,2018-12-27,24,-0.0593944822619131,2.3900290781207883e-7,1,0,0.0107417617064773,2,1,-0.0593944822619131,1,-0.0593944822619131,1,-0.0593944822619131
BTC,2018-12-28,24,0.08077552977841874,2.366378130810379e-7,1,0,0.010607345848027406,2,1,0.08077552977841874,1,0.08077552977841874,1,0.08077552977841874
BTC,2018-12-29,24,-0.043470832243324826,2.3848331610291436e-7,1,0,0.010569076594271682,2,1,-0.043470832243324826,1,-0.043470832243324826,1,-0.043470832243324826
BTC,2018-12-30,24,0.028424386963058518,2.381718312804961e-7,1,0,0.010423611942103674,2,1,0.028424386963058518,1,0.028424386963058518,1,0.028424386963058518
BTC,2018-12-31,24,-0.0373500081112629,2.3415517759180858e-7,1,0,0.01032086554025142,2,1,-0.0373500081112629,1,-0.0373500081112629,1,-0.0373500081112629
BTC,2019-01-01,24,0.03413536960299847,2.3295140482672627e-7,1,0,0.010286738791050166,2,1,0.03413536960299847,1,0.03413536960299847,1,0.03413536960299847
BTC,2019-01-02,24,0.017155216148472527,2.298249444830589e-7,1,0,0.010137525796352466,2,1,0.017155216148472527,1,0.017155216148472527,1,0.017155216148472527
BTC,2019-01-03,24,-0.025989706863048988,2.2562645138161826e-7,1,0,0.009985643465209627,2,1,-0.025989706863048988,1,-0.025989706863048988,1,-0.025989706863048988
BTC,2019-01-04,24,0.009776430657059456,2.225436228899994e-7,1,0,0.009858634798258,2,1,0.009776430657059456,1,0.009776430657059456,1,0.009776430657059456
BTC,2019-01-05,24,-0.007112610854495414,2.1999250427569263e-7,1,0,0.009563062124673992,2,1,-0.007112610854495414,1,-0.007112610854495414,1,-0.007112610854495414
BTC,2019-01-06,24,0.06241100276575962,2.091275055102546e-7,1,0,0.009114401667135555,2,1,0.06241100276575962,1,0.06241100276575962,1,0.06241100276575962
BTC,2019-01-07,24,-0.008898448058042092,1.9592312077108322e-7,1,0,0.008761375255008117,2,1,-0.008898448058042092,1,-0.008898448058042092,1,-0.008898448058042092
BTC,2019-01-08,24,-0.003100700141236118,1.9266599397894754e-7,1,0,0.008681285520826051,2,1,-0.003100700141236118,1,-0.003100700141236118,1,-0.003100700141236118
BTC,2019-01-09,24,0.0017515768665991001,1.9167229051558818e-7,1,0,0.00861571669978613,2,1,0.0017515768665991001,1,0.0017515768665991001,1,0.0017515768665991001
BTC,2019-01-10,24,-0.09882895124018616,2.0381043805886024e-7,1,0,0.008982928834650478,2,1,-0.09882895124018616,1,-0.09882895124018616,1,-0.09882895124018616
BTC,2019-01-11,24,0.0031962113562502012,2.0128281668284361e-7,1,0,0.008958375900484136,2,1,0.0031962113562502012,1,0.0031962113562502012,1,0.0031962113562502012
BTC,2019-01-12,24,-0.005129913616251232,2.022238677884629e-7,1,0,0.00885286793671776,2,1,-0.005129913616251232,1,-0.005129913616251232,1,-0.005129913616251232
BTC,2019-01-13,24,-0.029150203301700164,2.0668014365325744e-7,1,0,0.008851049553889151,2,1,-0.029150203301700164,1,-0.029150203301700164,1,-0.029150203301700164
BTC,2019-01-14,24,0.042417259584897074,2.0899839827893215e-7,1,0,0.00892640961287645,2,1,0.042417259584897074,1,0.042417259584897074,1,0.042417259584897074
BTC,2019-01-15,24,-0.021457565040249926,2.0790686323216232e-7,1,0,0.008934700856524114,2,1,-0.021457565040249926,1,-0.021457565040249926,1,-0.021457565040249926
BTC,2019-01-16,24,0.005449301740888623,2.0620488152807767e-7,1,0,0.008706702828704038,2,1,0.005449301740888623,1,0.005449301740888623,1,0.005449301740888623
BTC,2019-01-17,24,0.010316479106677729,2.0278391621741974e-7,1,0,0.008544661111353965,2,1,0.010316479106677729,1,0.010316479106677729,1,0.010316479106677729
BTC,2019-01-18,24,-0.008764974390285596,2.1247154897873712e-7,1,0,0.008409468120449458,2,1,-0.008764974390285596,1,-0.008764974390285596,1,-0.008764974390285596
BTC,2019-01-19,24,0.01941063245550241,1.9351635512155612e-7,1,0,0.007735054819566778,2,1,0.01941063245550241,1,0.01941063245550241,1,0.01941063245550241
BTC,2019-01-20,24,-0.042259809289882364,1.9258829552968905e-7,1,0,0.007540473528145484,2,1,-0.042259809289882364,1,-0.042259809289882364,1,-0.042259809289882364
BTC,2019-01-21,24,7.927520233980901e-4,1.8949119126740742e-7,1,0,0.0073773458332205,2,1,7.927520233980901e-4,1,7.927520233980901e-4,1,7.927520233980901e-4
BTC,2019-01-22,24,0.011928347139139397,1.8784965508231148e-7,1,0,0.007325886554756771,2,1,0.011928347139139397,1,0.011928347139139397,1,0.011928347139139397
BTC,2019-01-23,24,-0.00552448859451156,1.693917955520369e-7,1,0,0.006801117089008615,1,1,-0.00552448859451156,1,-0.00552448859451156,1,-0.00552448859451156
BTC,2019-01-24,24,0.004265236423800953,1.5546860759878665e-7,1,0,0.006364597750831411,1,1,0.004265236423800953,1,0.004265236423800953,1,0.004265236423800953
BTC,2019-01-25,24,-0.003141040807806205,1.5464643416395454e-7,1,0,0.0062599379310381564,1,1,-0.003141040807806205,1,-0.003141040807806205,1,-0.003141040807806205
BTC,2019-01-26,24,-0.001096075317355937,1.5128990007666777e-7,1,0,0.006106375513487445,1,1,-0.001096075317355937,1,-0.001096075317355937,1,-0.001096075317355937
BTC,2019-01-27,24,-0.00643197884326774,1.3776468898812605e-7,1,0,0.005685235435222087,1,1,-0.00643197884326774,1,-0.00643197884326774,1,-0.00643197884326774
BTC,2019-01-28,24,-0.029408816320130357,1.2355796260680273e-7,1,0,0.005414083381666213,1,1,-0.029408816320130357,1,-0.029408816320130357,1,-0.029408816320130357
BTC,2019-01-29,24,-0.010548002865653387,1.2212420070814988e-7,1,0,0.005387617673205336,1,1,-0.010548002865653387,1,-0.010548002865653387,1,-0.010548002865653387
BTC,2019-01-30,24,0.011829606210128338,1.1987836411970903e-7,1,0,0.005316162951550238,1,1,0.011829606210128338,1,0.011829606210128338,1,0.011829606210128338
BTC,2019-01-31,24,-0.007538384858572068,1.1518628782079826e-7,1,0,0.005207818536173666,1,1,-0.007538384858572068,1,-0.007538384858572068,1,-0.007538384858572068
BTC,2019-02-01,24,0.008062204094715149,1.1337825485653326e-7,1,0,0.005167595720656804,1,1,0.008062204094715149,1,0.008062204094715149,1,0.008062204094715149
BTC,2019-02-02,24,0.008344004836483888,1.1377110512667337e-7,1,0,0.0051289240521832395,1,1,0.008344004836483888,1,0.008344004836483888,1,0.008344004836483888
BTC,2019-02-03,24,-0.01476513483179916,1.1346538982417158e-7,1,0,0.005079349232696061,1,1,-0.01476513483179916,1,-0.01476513483179916,1,-0.01476513483179916
BTC,2019-02-04,24,-3.807236724321817e-4,1.1310204805570386e-7,1,0,0.005057744944650835,1,1,-3.807236724321817e-4,1,-3.807236724321817e-4,1,-3.807236724321817e-4
BTC,2019-02-05,24,0.004559145168055517,9.455122990450877e-8,1,0,0.004549683094818924,1,1,0.004559145168055517,1,0.004559145168055517,1,0.004559145168055517
BTC,2019-02-06,24,-0.01827354471567671,9.354882364588597e-8,1,0,0.004518787957844708,1,1,-0.01827354471567671,1,-0.01827354471567671,1,-0.01827354471567671
BTC,2019-02-07,24,-0.0021106775378961218,9.471139438532371e-8,1,0,0.004475191539315289,1,1,-0.0021106775378961218,1,-0.0021106775378961218,1,-0.0021106775378961218
BTC,2019-02-08,24,0.07499610375755553,1.1494813642052826e-7,1,0,0.005011599059387165,1,1,0.07499610375755553,1,0.07499610375755553,1,0.07499610375755553
BTC,2019-02-09,24,0.0010210136516213375,8.809498721563147e-8,1,0,0.004250807545956627,1,1,0.0010210136516213375,1,0.0010210136516213375,1,0.0010210136516213375
BTC,2019-02-10,24,0.00588495813487823,9.141819000189131e-8,1,0,0.004229433498341071,1,1,0.00588495813487823,1,0.00588495813487823,1,0.00588495813487823
BTC,2019-02-11,24,-0.015306703226625935,9.189190844387732e-8,1,0,0.0042471836069481505,1,1,-0.015306703226625935,1,-0.015306703226625935,1,-0.015306703226625935
BTC,2019-02-12,24,-7.798791582641481e-4,8.699028328933548e-8,1,0,0.0041166997110550305,1,1,-7.798791582641481e-4,1,-7.798791582641481e-4,1,-7.798791582641481e-4
BTC,2019-02-13,24,-0.004160332125594747,7.880736732366625e-8,1,0,0.0038738447221201154,1,1,-0.004160332125594747,1,-0.004160332125594747,1,-0.004160332125594747
BTC,2019-02-14,24,-0.0032790130692728877,7.729845044130849e-8,1,0,0.003791370268249663,1,1,-0.0032790130692728877,1,-0.0032790130692728877,1,-0.0032790130692728877
BTC,2019-02-15,24,0.0014306354741030027,7.757964023603117e-8,1,0,0.0037598581967830742,1,1,0.0014306354741030027,1,0.0014306354741030027,1,0.0014306354741030027
BTC,2019-02-16,24,0.003553693841318703,7.789947989899885e-8,1,0,0.0037122998303841265,1,1,0.003553693841318703,1,0.003553693841318703,1,0.003553693841318703
BTC,2019-02-17,24,0.012491141149657221,7.81315153012544e-8,1,0,0.00371358796397096,1,1,0.012491141149657221,1,0.012491141149657221,1,0.012491141149657221
BTC,2019-02-18,24,0.06555349510506663,7.464943174644822e-8,1,0,0.003729923977677748,1,1,0.06555349510506663,1,0.06555349510506663,1,0.06555349510506663
BTC,2019-02-19,24,0.004485237193935122,7.299431522941636e-8,1,0,0.003711931667386492,1,1,0.004485237193935122,1,0.004485237193935122,1,0.004485237193935122
BTC,2019-02-20,24,0.013767602298484605,7.308365402001402e-8,1,0,0.003740161952282353,1,1,0.013767602298484605,1,0.013767602298484605,1,0.013767602298484605
BTC,2019-02-21,24,-0.011455521938497311,7.452507635005468e-8,1,0,0.0037630366605455826,1,1,-0.011455521938497311,1,-0.011455521938497311,1,-0.011455521938497311
BTC,2019-02-22,24,0.011074932019535754,7.353809020148086e-8,1,0,0.0037331382660829556,1,1,0.011074932019535754,1,0.011074932019535754,1,0.011074932019535754
BTC,2019-02-23,24,0.04291800723701492,8.065098437379612e-8,1,0,0.0039570641911723554,1,1,0.04291800723701492,1,0.04291800723701492,1,0.04291800723701492
BTC,2019-02-24,24,-0.09722775393134786,1.1550672042381142e-7,1,0,0.004884039859726436,1,1,-0.09722775393134786,1,-0.09722775393134786,1,-0.09722775393134786
BTC,2019-02-25,24,0.02320019310968282,1.1496250983021802e-7,1,0,0.004904814966450288,1,1,0.02320019310968282,1,0.02320019310968282,1,0.02320019310968282
BTC,2019-02-26,24,-0.006197498828160473,1.1401852323057196e-7,1,0,0.0049142685775853,1,1,-0.006197498828160473,1,-0.006197498828160473,1,-0.006197498828160473
BTC,2019-02-27,24,7.63630176800304e-4,1.1689167437748491e-7,1,0,0.004941314867722445,1,1,7.63630176800304e-4,1,7.63630176800304e-4,1,7.63630176800304e-4
BTC,2019-02-28,24,-0.0014224004084004865,1.1714595140296177e-7,1,0,0.004938650596063002,1,1,-0.0014224004084004865,1,-0.0014224004084004865,1,-0.0014224004084004865
BTC,2019-03-01,24,0.0028953484113644103,1.1817042741260975e-7,1,0,0.004923004782727578,1,1,0.0028953484113644103,1,0.0028953484113644103,1,0.0028953484113644103
BTC,2019-03-02,24,0.0013657974964779553,1.195600781157094e-7,1,0,0.004893793087890688,1,1,0.0013657974964779553,1,0.0013657974964779553,1,0.0013657974964779553
BTC,2019-03-03,24,-0.006372131730160876,1.217386183154744e-7,1,0,0.004876393444442946,1,1,-0.006372131730160876,1,-0.006372131730160876,1,-0.006372131730160876
BTC,2019-03-04,24,-0.022870964032855056,1.2032430598257715e-7,1,0,0.004883286644664309,1,1,-0.022870964032855056,1,-0.022870964032855056,1,-0.022870964032855056
BTC,2019-03-05,24,0.03838774850507588,1.2384253841391308e-7,1,0,0.004991096428233074,1,1,0.03838774850507588,1,0.03838774850507588,1,0.03838774850507588
BTC,2019-03-06,24,0.0017670144659528318,1.233946216394621e-7,1,0,0.004995247615681049,1,1,0.0017670144659528318,1,0.0017670144659528318,1,0.0017670144659528318
BTC,2019-03-07,24,5.969607091645512e-4,1.230308634772981e-7,1,0,0.005010858056149256,1,1,5.969607091645512e-4,1,5.969607091645512e-4,1,5.969607091645512e-4
BTC,2019-03-08,24,-0.0025200382249056597,1.239182541886761e-7,1,0,0.005025852390518653,1,1,-0.0025200382249056597,1,-0.0025200382249056597,1,-0.0025200382249056597
BTC,2019-03-09,24,0.019296019574958915,1.2516832780318403e-7,1,0,0.005052751012643874,1,1,0.019296019574958915,1,0.019296019574958915,1,0.019296019574958915
BTC,2019-03-10,24,-0.005449604767564846,1.0678542705710422e-7,1,0,0.004524860733919367,1,1,-0.005449604767564846,1,-0.005449604767564846,1,-0.005449604767564846
BTC,2019-03-11,24,-0.01218299662007433,1.0782460257920617e-7,1,0,0.004540341183998536,1,1,-0.01218299662007433,1,-0.01218299662007433,1,-0.01218299662007433
BTC,2019-03-12,24,0.00321502001112175,1.0750297486293762e-7,1,0,0.004546126029907442,1,1,0.00321502001112175,1,0.00321502001112175,1,0.00321502001112175
BTC,2019-03-13,24,-0.002514094501187737,1.0713147390646416e-7,1,0,0.004532929819327227,1,1,-0.002514094501187737,1,-0.002514094501187737,1,-0.002514094501187737
BTC,2019-03-14,24,1.2974712303969984e-4,1.0675486942247484e-7,1,0,0.00451016973634302,1,1,1.2974712303969984e-4,1,1.2974712303969984e-4,1,1.2974712303969984e-4
BTC,2019-03-15,24,0.01194221128444075,1.0745807264555192e-7,1,0,0.0045107697227745715,1,1,0.01194221128444075,1,0.01194221128444075,1,0.01194221128444075
BTC,2019-03-16,24,0.022562875673572323,1.0905673301850978e-7,1,0,0.0045614566604925055,1,1,0.022562875673572323,1,0.022562875673572323,1,0.022562875673572323
BTC,2019-03-17,24,-0.006084854458764321,1.110005651483476e-7,1,0,0.004561219948482871,1,1,-0.006084854458764321,1,-0.006084854458764321,1,-0.006084854458764321
BTC,2019-03-18,24,0.0011594788685877007,1.1085934992971831e-7,1,0,0.004583474083077549,1,1,0.0011594788685877007,1,0.0011594788685877007,1,0.0011594788685877007
BTC,2019-03-19,24,0.0076290271644915975,1.109935410789347e-7,1,0,0.004573672629963473,1,1,0.0076290271644915975,1,0.0076290271644915975,1,0.0076290271644915975
BTC,2019-03-20,24,0.007992970928924531,1.1194638767171729e-7,1,0,0.004465336176026391,1,1,0.007992970928924531,1,0.007992970928924531,1,0.007992970928924531
BTC,2019-03-21,24,-0.014916886001748217,1.1062088785382382e-7,1,0,0.004386864726845678,1,1,-0.014916886001748217,1,-0.014916886001748217,1,-0.014916886001748217
BTC,2019-03-22,24,0.0024388722881505624,1.119719249923509e-7,1,0,0.004353486098127233,1,1,0.0024388722881505624,1,0.0024388722881505624,1,0.0024388722881505624
BTC,2019-03-23,24,1.0044446684971523e-4,1.133552365669429e-7,1,0,0.004321441103198389,1,1,1.0044446684971523e-4,1,1.0044446684971523e-4,1,1.0044446684971523e-4
BTC,2019-03-24,24,-0.0033200060677284933,1.1466461221706695e-7,1,0,0.004296554991758062,1,1,-0.0033200060677284933,1,-0.0033200060677284933,1,-0.0033200060677284933
BTC,2019-03-25,24,-0.01610152624608294,1.0661872493343027e-7,1,0,0.004108773172271218,1,1,-0.01610152624608294,1,-0.01610152624608294,1,-0.01610152624608294
BTC,2019-03-26,24,0.0033227716902351264,5.964467684939043e-8,1,0,0.002932241637042563,1,1,0.0033227716902351264,1,0.0033227716902351264,1,0.0033227716902351264
BTC,2019-03-27,24,0.02691264670630357,5.790700425466494e-8,1,0,0.0028767539235859405,1,1,0.02691264670630357,1,0.02691264670630357,1,0.02691264670630357
BTC,2019-03-28,24,-0.0029852253623485385,5.846103697659962e-8,1,0,0.0028621051557962203,1,1,-0.0029852253623485385,1,-0.0029852253623485385,1,-0.0029852253623485385
BTC,2019-03-29,24,0.018537561703832212,5.545826314449457e-8,1,0,0.0027684112413899962,1,1,0.018537561703832212,1,0.018537561703832212,1,0.018537561703832212
BTC,2019-03-30,24,4.890095209801766e-4,5.7020319873549945e-8,1,0,0.0027625480535613985,1,1,4.890095209801766e-4,1,4.890095209801766e-4,1,4.890095209801766e-4
BTC,2019-03-31,24,0.0010505614139787003,5.787105622468925e-8,1,0,0.002758091851506143,1,1,0.0010505614139787003,1,0.0010505614139787003,1,0.0010505614139787003
BTC,2019-04-01,24,0.010348689466269295,5.615304108171316e-8,1,0,0.0027581081948822557,1,1,0.010348689466269295,1,0.010348689466269295,1,0.010348689466269295
BTC,2019-04-02,24,0.16966262115747857,1.6528336899753678e-7,1,0,0.0052090183706769155,1,1,0.16966262115747857,1,0.16966262115747857,1,0.16966262115747857
BTC,2019-04-03,24,0.014035531315929592,1.7878364575985788e-7,1,0,0.005766311730774495,1,1,0.014035531315929592,1,0.014035531315929592,1,0.014035531315929592
BTC,2019-04-04,24,-0.013464603747050472,1.7480482204980906e-7,1,0,0.005836711658210499,1,1,-0.013464603747050472,1,-0.013464603747050472,1,-0.013464603747050472
BTC,2019-04-05,24,0.026631232526049414,1.760297673742468e-7,1,0,0.005901877648901075,1,1,0.026631232526049414,1,0.026631232526049414,1,0.026631232526049414
BTC,2019-04-06,24,0.0012496902196692454,1.7993932434419792e-7,1,0,0.006003211035807732,1,1,0.0012496902196692454,1,0.0012496902196692454,1,0.0012496902196692454
BTC,2019-04-07,24,0.029263901368063866,1.8060228185757208e-7,1,0,0.0060318818257440385,1,1,0.029263901368063866,1,0.029263901368063866,1,0.029263901368063866
BTC,2019-04-08,24,0.01734892215142097,1.8105166140695135e-7,1,0,0.00612526434136492,1,1,0.01734892215142097,1,0.01734892215142097,1,0.01734892215142097
BTC,2019-04-09,24,-0.01800371273812878,1.7707307137426363e-7,1,0,0.006144614154080787,1,1,-0.01800371273812878,1,-0.01800371273812878,1,-0.01800371273812878
BTC,2019-04-10,24,0.024773427733293628,1.7557418878117195e-7,1,0,0.0062283469020789385,1,1,0.024773427733293628,1,0.024773427733293628,1,0.024773427733293628
BTC,2019-04-11,24,-0.053917928817045324,1.7649166101566088e-7,1,0,0.006354393664640436,1,1,-0.053917928817045324,1,-0.053917928817045324,1,-0.053917928817045324
BTC,2019-04-12,24,0.007331686416312725,1.7614684339387e-7,1,0,0.006393153105553105,1,1,0.007331686416312725,1,0.007331686416312725,1,0.007331686416312725
BTC,2019-04-13,24,-0.0026024225089435918,1.7812276992371306e-7,1,0,0.006407204667486816,1,1,-0.0026024225089435918,1,-0.0026024225089435918,1,-0.0026024225089435918
BTC,2019-04-14,24,0.018153863185561177,1.7942951013080132e-7,1,0,0.006423006739672637,1,1,0.018153863185561177,1,0.018153863185561177,1,0.018153863185561177
BTC,2019-04-15,24,-0.024252650454904483,1.7932507777093984e-7,1,0,0.006429759188511712,1,1,-0.024252650454904483,1,-0.024252650454904483,1,-0.024252650454904483
BTC,2019-04-16,24,0.03307297301812279,1.7919918577916102e-7,1,0,0.00650148845418871,1,1,0.03307297301812279,1,0.03307297301812279,1,0.03307297301812279
BTC,2019-04-17,24,0.003988882458409643,1.7925264202503053e-7,1,0,0.006503349956743643,1,1,0.003988882458409643,1,0.003988882458409643,1,0.003988882458409643
BTC,2019-04-18,24,0.011020601275767254,1.7924639979600862e-7,1,0,0.006511332706384371,1,1,0.011020601275767254,1,0.011020601275767254,1,0.011020601275767254
BTC,2019-04-19,24,6.055559945854138e-4,1.79692099684004e-7,1,0,0.006521038604349425,1,1,6.055559945854138e-4,1,6.055559945854138e-4,1,6.055559945854138e-4
BTC,2019-04-20,24,0.005753375926906728,1.7898788500486554e-7,1,0,0.006466077216887733,1,1,0.005753375926906728,1,0.005753375926906728,1,0.005753375926906728
BTC,2019-04-21,24,-0.0036745695466138986,1.7964181757897628e-7,1,0,0.006487243801550171,1,1,-0.0036745695466138986,1,-0.0036745695466138986,1,-0.0036745695466138986
BTC,2019-04-22,24,0.01629096978003685,1.7672115106673283e-7,1,0,0.0065165564532611,1,1,0.01629096978003685,1,0.01629096978003685,1,0.01629096978003685
BTC,2019-04-23,24,0.025924050630811817,1.7225512667063663e-7,1,0,0.006550092766444373,1,1,0.025924050630811817,1,0.025924050630811817,1,0.025924050630811817
BTC,2019-04-24,24,-0.015172252093079906,1.7225342990940848e-7,1,0,0.006605723428417409,1,1,-0.015172252093079906,1,-0.015172252093079906,1,-0.015172252093079906
BTC,2019-04-25,24,-0.059331175117594594,1.7974556502375407e-7,1,0,0.006911216077492935,2,1,-0.059331175117594594,1,-0.059331175117594594,1,-0.059331175117594594
BTC,2019-04-26,24,0.004726853583522648,1.7708097873748233e-7,1,0,0.00694420414271399,2,1,0.004726853583522648,1,0.004726853583522648,1,0.004726853583522648
BTC,2019-04-27,24,0.0030034416803149406,1.7694114996187921e-7,1,0,0.006951990512175471,2,1,0.0030034416803149406,1,0.0030034416803149406,1,0.0030034416803149406
BTC,2019-04-28,24,-0.0024020312577879882,1.7816453048588562e-7,1,0,0.006943844495749655,2,1,-0.0024020312577879882,1,-0.0024020312577879882,1,-0.0024020312577879882
BTC,2019-04-29,24,-0.0013779587046103122,1.7637717708269416e-7,1,0,0.006942156170390041,2,1,-0.0013779587046103122,1,-0.0013779587046103122,1,-0.0013779587046103122
BTC,2019-04-30,24,0.023645211683711198,1.7406127394307057e-7,1,0,0.006964610908165071,2,1,0.023645211683711198,1,0.023645211683711198,1,0.023645211683711198
BTC,2019-05-01,24,0.00964567905072753,1.7645626204156788e-7,1,0,0.0069914668265957675,2,1,0.00964567905072753,1,0.00964567905072753,1,0.00964567905072753
BTC,2019-05-02,24,0.012451973122462838,1.1778745666125248e-7,1,0,0.005433620719392859,1,1,0.012451973122462838,1,0.012451973122462838,1,0.012451973122462838
BTC,2019-05-03,24,0.04887850729418564,1.050666370858374e-7,1,0,0.004995358155068513,1,1,0.04887850729418564,1,0.04887850729418564,1,0.04887850729418564
BTC,2019-05-04,24,0.01812103684383885,1.0768135275549293e-7,1,0,0.005023045127494562,1,1,0.01812103684383885,1,0.01812103684383885,1,0.01812103684383885
BTC,2019-05-05,24,-0.008118228621524264,1.0843950359592584e-7,1,0,0.005007412357968796,1,1,-0.008118228621524264,1,-0.008118228621524264,1,-0.008118228621524264
BTC,2019-05-06,24,-0.005173498732492541,1.0592243575851295e-7,1,0,0.004937624867327135,1,1,-0.005173498732492541,1,-0.005173498732492541,1,-0.005173498732492541
BTC,2019-05-07,24,0.009902630041009282,1.1300347367196246e-7,1,0,0.0051596133035455094,1,1,0.009902630041009282,1,0.009902630041009282,1,0.009902630041009282
BTC,2019-05-08,24,0.03348595929384648,1.0906653541718594e-7,1,0,0.005047275132897363,1,1,0.03348595929384648,1,0.03348595929384648,1,0.03348595929384648
BTC,2019-05-09,24,0.035037907148508345,1.0940410107631261e-7,1,0,0.005079630247692582,1,1,0.035037907148508345,1,0.035037907148508345,1,0.035037907148508345
BTC,2019-05-10,24,0.02986778510807788,1.0869476942909017e-7,1,0,0.0050792638481380135,1,1,0.02986778510807788,1,0.02986778510807788,1,0.02986778510807788
BTC,2019-05-11,24,0.1289075982787976,1.1265307882574713e-7,1,0,0.0053149063109487185,1,1,0.1289075982787976,1,0.1289075982787976,1,0.1289075982787976
BTC,2019-05-12,24,-0.0332804723978274,1.2621915216424808e-7,1,0,0.005828837477504233,1,1,-0.0332804723978274,1,-0.0332804723978274,1,-0.0332804723978274
BTC,2019-05-13,24,0.11403668763105915,1.3655885520363151e-7,1,0,0.0063261518064307,1,1,0.11403668763105915,1,0.11403668763105915,1,0.11403668763105915
BTC,2019-05-14,24,0.022442434630439118,1.5040154728102067e-7,1,0,0.0068804920763078925,2,1,0.022442434630439118,1,0.022442434630439118,1,0.022442434630439118
BTC,2019-05-15,24,0.02584620958178939,1.5043646179317871e-7,1,0,0.006985136770018762,2,1,0.02584620958178939,1,0.02584620958178939,1,0.02584620958178939
BTC,2019-05-16,24,-0.04008320860888731,1.6089733995149157e-7,1,0,0.007348278979611913,2,1,-0.04008320860888731,1,-0.04008320860888731,1,-0.04008320860888731
BTC,2019-05-17,24,-0.06971641918697993,1.6616230180285018e-7,1,0,0.007731555087860836,2,1,-0.06971641918697993,1,-0.06971641918697993,1,-0.06971641918697993
BTC,2019-05-18,24,-0.011384283642292362,1.6641651275384575e-7,1,0,0.007777995362822301,2,1,-0.011384283642292362,1,-0.011384283642292362,1,-0.011384283642292362
BTC,2019-05-19,24,0.12019597997634977,1.7227132391496444e-7,1,0,0.008082490092880541,2,1,0.12019597997634977,1,0.12019597997634977,1,0.12019597997634977
BTC,2019-05-20,24,-0.023445663110125088,1.779333250727829e-7,1,0,0.008358908580055573,2,1,-0.023445663110125088,1,-0.023445663110125088,1,-0.023445663110125088
BTC,2019-05-21,24,-0.006655452626193402,1.7678790771426256e-7,1,0,0.008394514334478553,2,1,-0.006655452626193402,1,-0.006655452626193402,1,-0.006655452626193402
BTC,2019-05-22,24,-0.042358971540849666,1.789920387718971e-7,1,0,0.008488041865717205,2,1,-0.042358971540849666,1,-0.042358971540849666,1,-0.042358971540849666
BTC,2019-05-23,24,0.03313637793538568,1.7989565355174236e-7,1,0,0.008504342474957464,2,1,0.03313637793538568,1,0.03313637793538568,1,0.03313637793538568
BTC,2019-05-24,24,0.015253241462814265,1.7894882826310154e-7,1,0,0.008476785808394258,2,1,0.015253241462814265,1,0.015253241462814265,1,0.015253241462814265
BTC,2019-05-25,24,0.008278141444225456,1.741367412583536e-7,1,0,0.008242665588497696,2,1,0.008278141444225456,1,0.008278141444225456,1,0.008278141444225456
BTC,2019-05-26,24,0.07976707594820136,1.8833564745002825e-7,1,0,0.008583449144209833,2,1,0.07976707594820136,1,0.07976707594820136,1,0.07976707594820136
BTC,2019-05-27,24,0.00484157383091761,1.8945667322538536e-7,1,0,0.008682294807157685,2,1,0.00484157383091761,1,0.00484157383091761,1,0.00484157383091761
BTC,2019-05-28,24,-0.00669762715813974,1.8833417219989608e-7,1,0,0.008700433113108691,2,1,-0.00669762715813974,1,-0.00669762715813974,1,-0.00669762715813974
BTC,2019-05-29,24,-0.006546536413008128,1.887963538181795e-7,1,0,0.008734450461329863,2,1,-0.006546536413008128,1,-0.006546536413008128,1,-0.006546536413008128
BTC,2019-05-30,24,-0.04649802905989453,1.9305592773230885e-7,1,0,0.00895516309405685,2,1,-0.04649802905989453,1,-0.04649802905989453,1,-0.04649802905989453
BTC,2019-05-31,24,0.03368426645411167,1.9128117381431066e-7,1,0,0.008996388191059947,2,1,0.03368426645411167,1,0.03368426645411167,1,0.03368426645411167
BTC,2019-06-01,24,-3.508197524107375e-4,1.9257237318788082e-7,1,0,0.00901247959655946,2,1,-3.508197524107375e-4,1,-3.508197524107375e-4,1,-3.508197524107375e-4
BTC,2019-06-02,24,0.022276602981555364,1.9432734580077896e-7,1,0,0.008949885292508862,2,1,0.022276602981555364,1,0.022276602981555364,1,0.022276602981555364
BTC,2019-06-03,24,-0.07386603578180728,1.9842631187502103e-7,1,0,0.00905065582341725,2,1,-0.07386603578180728,1,-0.07386603578180728,1,-0.07386603578180728
BTC,2019-06-04,24,-0.057013538794421746,2.0459558187128075e-7,1,0,0.009359398779060028,2,1,-0.057013538794421746,1,-0.057013538794421746,1,-0.057013538794421746
BTC,2019-06-05,24,0.015151903049241184,2.0450973663336234e-7,1,0,0.009399963039167625,2,1,0.015151903049241184,1,0.015151903049241184,1,0.015151903049241184
BTC,2019-06-06,24,0.002206345418295886,2.0130197303228052e-7,1,0,0.009306857658638016,2,1,0.002206345418295886,1,0.002206345418295886,1,0.002206345418295886
BTC,2019-06-07,24,0.02482917588009062,2.0405287312776886e-7,1,0,0.009379032403095436,2,1,0.02482917588009062,1,0.02482917588009062,1,0.02482917588009062
BTC,2019-06-08,24,-0.009014951944982063,2.0694701804354326e-7,1,0,0.009384531838803407,2,1,-0.009014951944982063,1,-0.009014951944982063,1,-0.009014951944982063
BTC,2019-06-09,24,-0.03681665326302662,2.1029969065739668e-7,1,0,0.009372946875127193,2,1,-0.03681665326302662,1,-0.03681665326302662,1,-0.03681665326302662
BTC,2019-06-10,24,0.04825351845397268,2.128708573446483e-7,1,0,0.009250366485653036,2,1,0.04825351845397268,1,0.04825351845397268,1,0.04825351845397268
BTC,2019-06-11,24,-0.012357995091219076,2.0715867744830545e-7,1,0,0.008937876938472231,2,1,-0.012357995091219076,1,-0.012357995091219076,1,-0.012357995091219076
BTC,2019-06-12,24,0.031023342521032924,2.0331655034773548e-7,1,0,0.008667878972252099,2,1,0.031023342521032924,1,0.031023342521032924,1,0.031023342521032924
BTC,2019-06-13,24,0.008117738957833912,1.930244146240173e-7,1,0,0.008247142352687713,2,1,0.008117738957833912,1,0.008117738957833912,1,0.008117738957833912
BTC,2019-06-14,24,0.05392409320619646,1.9289112540391646e-7,1,0,0.00817320957451887,2,1,0.05392409320619646,1,0.05392409320619646,1,0.05392409320619646
BTC,2019-06-15,24,0.0185523929965196,1.8271462789588044e-7,1,0,0.007823943898413458,2,1,0.0185523929965196,1,0.0185523929965196,1,0.0185523929965196
BTC,2019-06-16,24,0.013379963975126386,1.8292996921774645e-7,1,0,0.007689954271348026,2,1,0.013379963975126386,1,0.013379963975126386,1,0.013379963975126386
BTC,2019-06-17,24,0.03920528745543971,1.8493858813379616e-7,1,0,0.007768152830825128,2,1,0.03920528745543971,1,0.03920528745543971,1,0.03920528745543971
BTC,2019-06-18,24,-0.027641519817270054,1.791956082143749e-7,1,0,0.007498904995171635,2,1,-0.027641519817270054,1,-0.027641519817270054,1,-0.027641519817270054
BTC,2019-06-19,24,0.021419740783393548,1.7194431193240904e-7,1,0,0.007216960613572005,2,1,0.021419740783393548,1,0.021419740783393548,1,0.021419740783393548
BTC,2019-06-20,24,0.027346824658795697,1.7167040984410452e-7,1,0,0.007195733948252839,2,1,0.027346824658795697,1,0.027346824658795697,1,0.027346824658795697
BTC,2019-06-21,24,0.0693724812065829,1.7155398338040921e-7,1,0,0.007199095297968091,2,1,0.0693724812065829,1,0.0693724812065829,1,0.0693724812065829
BTC,2019-06-22,24,0.04258652418667597,1.8830581150116795e-7,1,0,0.007625248999068832,2,1,0.04258652418667597,1,0.04258652418667597,1,0.04258652418667597
BTC,2019-06-23,24,0.013996010177247947,1.9350658565314326e-7,1,0,0.007702155425392417,2,1,0.013996010177247947,1,0.013996010177247947,1,0.013996010177247947
BTC,2019-06-24,24,0.018915410514481864,1.9549238753109123e-7,1,0,0.007783507639522441,2,1,0.018915410514481864,1,0.018915410514481864,1,0.018915410514481864
BTC,2019-06-25,24,0.06537127322711431,1.7797511356799916e-7,1,0,0.007458200372070256,2,1,0.06537127322711431,1,0.06537127322711431,1,0.06537127322711431
BTC,2019-06-26,24,0.0946987861440054,2.2715755205940014e-7,1,0,0.008755559904398538,2,1,0.0946987861440054,1,0.0946987861440054,1,0.0946987861440054
BTC,2019-06-27,24,-0.14857619845501216,2.61045688157501e-7,1,0,0.009754684883835685,2,1,-0.14857619845501216,1,-0.14857619845501216,1,-0.14857619845501216
BTC,2019-06-28,24,0.10320534240984267,2.8016782415324403e-7,1,0,0.010256422222782065,2,1,0.10320534240984267,1,0.10320534240984267,1,0.10320534240984267
BTC,2019-06-29,24,-0.040864134027313564,2.888645727645049e-7,1,0,0.01037564380878845,2,1,-0.040864134027313564,1,-0.040864134027313564,1,-0.040864134027313564
BTC,2019-06-30,24,-0.09848163282497097,3.0406994259044475e-7,1,0,0.01068342702251979,2,1,-0.09848163282497097,1,-0.09848163282497097,1,-0.09848163282497097
BTC,2019-07-01,24,-0.016541857483283122,3.089552079252492e-7,2,0,0.010999636694508885,2,1,-0.016541857483283122,1,-0.016541857483283122,1,-0.016541857483283122
BTC,2019-07-02,24,0.02441605980179753,3.2472535579914637e-7,2,0,0.011504662773259986,3,1,0.02441605980179753,1,0.02441605980179753,0.375,-0.039741540264644194
BTC,2019-07-03,24,0.1002280105613555,3.3030396693451e-7,2,0,0.011742701932512511,3,1,0.1002280105613555,1,0.1002280105613555,0,0
BTC,2019-07-04,24,-0.071934878142894,3.327952401013151e-7,2,0,0.011657571096507514,3,1,-0.071934878142894,1,-0.071934878142894,0,0
BTC,2019-07-05,24,-0.01284644127666925,3.3909377027619507e-7,2,0,0.011771326923415018,3,1,-0.01284644127666925,1,-0.01284644127666925,0,0
BTC,2019-07-06,24,0.020459806737827563,3.5008564162087663e-7,2,0,0.01190403653907722,3,1,0.020459806737827563,1,0.020459806737827563,0,0
BTC,2019-07-07,24,0.02176697926684509,3.524401529637524e-7,2,0,0.01190377820603489,3,1,0.02176697926684509,1,0.02176697926684509,0,0
BTC,2019-07-08,24,0.06876928288903858,3.5149882180206953e-7,2,0,0.011971182002235773,3,1,0.06876928288903858,1,0.06876928288903858,0,0
BTC,2019-07-09,24,0.021916151527198467,3.5366859634409883e-7,2,0,0.012101158085844667,3,1,0.021916151527198467,1,0.021916151527198467,0,0
BTC,2019-07-10,24,-0.03846144536645675,3.5557925282018047e-7,2,0,0.01224640383131743,3,1,-0.03846144536645675,1,-0.03846144536645675,0,0
BTC,2019-07-11,24,-0.0642464610372421,3.6188666379995204e-7,2,0,0.012487762394729653,3,1,-0.0642464610372421,1,-0.0642464610372421,0,0
BTC,2019-07-12,24,0.0392936089030672,3.6474845543037473e-7,2,0,0.012519419340958907,3,1,0.0392936089030672,1,0.0392936089030672,0,0
BTC,2019-07-13,24,-0.035949271352539565,3.697817629437516e-7,2,0,0.01263380190853628,3,1,-0.035949271352539565,1,-0.035949271352539565,0,0
BTC,2019-07-14,22,-0.06914664160093452,3.729188557060085e-7,2,0,0.012716692029275044,3,1,-0.06914664160093452,1,-0.06914664160093452,0,0
BTC,2019-07-15,23,0.020437307095329912,3.9338803085939905e-7,2,0,0.013141457312452766,3,1,0.020437307095329912,1,0.020437307095329912,0,0
BTC,2019-07-16,24,-0.14041296048478177,4.0183740314658647e-7,2,0,0.013330721894640369,3,1,-0.14041296048478177,1,-0.14041296048478177,0,0
BTC,2019-07-17,24,0.029660931344877225,4.013061841849393e-7,2,0,0.013432936078486493,3,1,0.029660931344877225,1,0.029660931344877225,0,0
BTC,2019-07-18,24,0.09177301741490002,4.294342002813914e-7,2,0,0.014024943829006247,3,1,0.09177301741490002,1,0.09177301741490002,0,0
BTC,2019-07-19,24,-0.00957885256082451,4.3059506036571286e-7,2,0,0.014109811625575477,3,1,-0.00957885256082451,1,-0.00957885256082451,0,0
BTC,2019-07-20,24,0.022497323790412405,4.3166646838770074e-7,2,0,0.014142401490265194,3,1,0.022497323790412405,1,0.022497323790412405,0,0
BTC,2019-07-21,24,-0.016808848641853568,4.364369976269558e-7,2,0,0.014160367365099569,3,1,-0.016808848641853568,1,-0.016808848641853568,0,0
BTC,2019-07-22,24,-0.025948910921128217,4.337892957097799e-7,2,0,0.013975578176831531,3,1,-0.025948910921128217,1,-0.025948910921128217,0,0
BTC,2019-07-23,24,-0.04794491082632271,4.281001860743203e-7,2,0,0.013939977218597577,3,1,-0.04794491082632271,1,-0.04794491082632271,0,0
BTC,2019-07-24,24,-0.007220689798888678,4.2853223787593647e-7,2,0,0.013973889701825544,3,1,-0.007220689798888678,1,-0.007220689798888678,0,0
BTC,2019-07-25,24,0.0110140671023407,4.3697814700532973e-7,2,0,0.014023003619034673,3,1,0.0110140671023407,1,0.0110140671023407,0,0
BTC,2019-07-26,24,-0.0026355818601418854,4.168877670159068e-7,2,0,0.013282843814537823,3,1,-0.0026355818601418854,1,-0.0026355818601418854,0,0
BTC,2019-07-27,24,-0.03935551720442829,4.1174785043653256e-7,2,0,0.012748443395279672,3,1,-0.03935551720442829,1,-0.03935551720442829,0,0
BTC,2019-07-28,24,0.006304122754071958,3.9691068418515263e-7,2,0,0.012262260189939238,3,1,0.006304122754071958,1,0.006304122754071958,0,0
BTC,2019-07-29,24,-0.0033418135726315623,3.928638040357817e-7,2,0,0.012047732889361415,3,1,-0.0033418135726315623,1,-0.0033418135726315623,0,0
BTC,2019-07-30,24,0.009867053971402893,3.849851689971179e-7,2,0,0.011807260836050004,3,1,0.009867053971402893,1,0.009867053971402893,0,0
BTC,2019-07-31,24,0.050406418912475236,3.7831101225623e-7,2,0,0.011473061919110539,3,1,0.050406418912475236,1,0.050406418912475236,0,0
BTC,2019-08-01,24,0.031106464297198103,3.5713063574490597e-7,2,0,0.010957787894187164,2,1,0.031106464297198103,1,0.031106464297198103,0.6666666666666666,0.0407815734310597
BTC,2019-08-02,24,0.011709556726897446,3.533046619442164e-7,2,0,0.01067168561173238,2,1,0.011709556726897446,1,0.011709556726897446,1,0.011709556726897446
BTC,2019-08-03,24,0.026091614771250795,3.4847623666398713e-7,2,0,0.010494836242657509,2,1,0.026091614771250795,1,0.026091614771250795,1,0.026091614771250795
BTC,2019-08-04,24,0.014920647930870617,3.377550376671752e-7,2,0,0.01023771534633225,2,1,0.014920647930870617,1,0.014920647930870617,1,0.014920647930870617
BTC,2019-08-05,24,0.07268260374657615,3.274938437190835e-7,2,0,0.010159750111068564,2,1,0.07268260374657615,1,0.07268260374657615,1,0.07268260374657615
BTC,2019-08-06,24,-0.029307638829953703,3.286878783485823e-7,2,0,0.01030710542207468,2,1,-0.029307638829953703,1,-0.029307638829953703,1,-0.029307638829953703
BTC,2019-08-07,24,0.043035481790563435,3.281251703796773e-7,2,0,0.010356546917805028,2,1,0.043035481790563435,1,0.043035481790563435,1,0.043035481790563435
BTC,2019-08-08,24,0.0016621219681020281,3.2476245755813793e-7,2,0,0.01021468354702449,2,1,0.0016621219681020281,1,0.0016621219681020281,1,0.0016621219681020281
BTC,2019-08-09,24,-0.010486585305728475,3.191504200490125e-7,2,0,0.00997934503584743,2,1,-0.010486585305728475,1,-0.010486585305728475,1,-0.010486585305728475
BTC,2019-08-10,24,-0.049521186259827994,3.193229359495692e-7,2,0,0.009790139914962472,2,1,-0.049521186259827994,1,-0.049521186259827994,1,-0.049521186259827994
BTC,2019-08-11,24,0.021218257472721425,3.1935466019547554e-7,2,0,0.00968172992931957,2,1,0.021218257472721425,1,0.021218257472721425,1,0.021218257472721425
BTC,2019-08-12,24,-0.012439654277406427,3.1711240779270834e-7,2,0,0.009562380811338063,2,1,-0.012439654277406427,1,-0.012439654277406427,1,-0.012439654277406427
BTC,2019-08-13,24,-0.04741639590072861,3.12072123613333e-7,2,0,0.009403749098999834,2,1,-0.04741639590072861,1,-0.04741639590072861,1,-0.04741639590072861
BTC,2019-08-14,24,-0.08042655831429005,2.794784207873184e-7,1,0,0.00888701611842404,2,1,-0.08042655831429005,1,-0.08042655831429005,1,-0.08042655831429005
BTC,2019-08-15,24,0.02819721809400081,2.6793052650482814e-7,1,0,0.008640872224575564,2,1,0.02819721809400081,1,0.02819721809400081,1,0.02819721809400081
BTC,2019-08-16,24,0.005574225963196559,2.6777669683931935e-7,1,0,0.008538145789327548,2,1,0.005574225963196559,1,0.005574225963196559,1,0.005574225963196559
BTC,2019-08-17,24,-0.014611004607363743,2.21483991176981e-7,1,0,0.0075794271225366515,2,1,-0.014611004607363743,1,-0.014611004607363743,1,-0.014611004607363743
BTC,2019-08-18,24,0.011159808490246649,2.1789425415466202e-7,1,0,0.007424555634222126,2,1,0.011159808490246649,1,0.011159808490246649,1,0.011159808490246649
BTC,2019-08-19,24,0.05605706902226558,2.1913470576650118e-7,1,0,0.007409940450936526,2,1,0.05605706902226558,1,0.05605706902226558,1,0.05605706902226558
BTC,2019-08-20,24,-0.01493453088761696,2.1842667667658405e-7,1,0,0.007364398319924135,2,1,-0.01493453088761696,1,-0.01493453088761696,1,-0.01493453088761696
BTC,2019-08-21,24,-0.06081864801755131,2.180145911626273e-7,1,0,0.007403589724739607,2,1,-0.06081864801755131,1,-0.06081864801755131,1,-0.06081864801755131
BTC,2019-08-22,24,-0.0016903166695303538,2.212955251854968e-7,1,0,0.007429264092612675,2,1,-0.0016903166695303538,1,-0.0016903166695303538,1,-0.0016903166695303538
BTC,2019-08-23,24,0.029094095650906628,2.1902219846035245e-7,1,0,0.007302836368894888,2,1,0.029094095650906628,1,0.029094095650906628,1,0.029094095650906628
BTC,2019-08-24,24,-0.025874085361929082,2.1479839189692542e-7,1,0,0.007202646734827955,2,1,-0.025874085361929082,1,-0.025874085361929082,1,-0.025874085361929082
BTC,2019-08-25,24,-5.918619161678108e-4,2.1897145597005905e-7,1,0,0.007269912559492567,2,1,-5.918619161678108e-4,1,-5.918619161678108e-4,1,-5.918619161678108e-4
BTC,2019-08-26,24,0.022450709033782507,2.0161040193302322e-7,1,0,0.006994771941817708,2,1,0.022450709033782507,1,0.022450709033782507,1,0.022450709033782507
BTC,2019-08-27,24,-0.01823640371910847,2.0215657466908098e-7,1,0,0.006994992723106397,2,1,-0.01823640371910847,1,-0.01823640371910847,1,-0.01823640371910847
BTC,2019-08-28,24,-0.046375446622236624,2.1175732362423074e-7,1,0,0.007212029862419001,2,1,-0.046375446622236624,1,-0.046375446622236624,1,-0.046375446622236624
BTC,2019-08-29,24,-0.024146503462757613,2.101658431797055e-7,1,0,0.007223582095901455,2,1,-0.024146503462757613,1,-0.024146503462757613,1,-0.024146503462757613
BTC,2019-08-30,24,0.009831001994856288,2.0932465399181323e-7,1,0,0.007175225405208145,2,1,0.009831001994856288,1,0.009831001994856288,1,0.009831001994856288
BTC,2019-08-31,24,0.002742112935314473,2.1455135198940558e-7,1,0,0.007169791058163693,2,1,0.002742112935314473,1,0.002742112935314473,1,0.002742112935314473
BTC,2019-09-01,24,0.016583408765071927,2.1558630242646734e-7,1,0,0.007123047394895618,2,1,0.016583408765071927,1,0.016583408765071927,1,0.016583408765071927
BTC,2019-09-02,24,0.062001357136993424,2.1412292603438892e-7,1,0,0.007148960525853754,2,1,0.062001357136993424,1,0.062001357136993424,1,0.062001357136993424
BTC,2019-09-03,24,0.021434731162688566,2.1070194285796897e-7,1,0,0.007135067919573252,2,1,0.021434731162688566,1,0.021434731162688566,1,0.021434731162688566
BTC,2019-09-04,24,-0.0028019547094130307,2.0908311316007616e-7,1,0,0.007060318337774346,2,1,-0.0028019547094130307,1,-0.0028019547094130307,1,-0.0028019547094130307
BTC,2019-09-05,24,-9.451885882182596e-4,1.9680269501643003e-7,1,0,0.0066985197986588075,1,1,-9.451885882182596e-4,1,-9.451885882182596e-4,1,-9.451885882182596e-4
BTC,2019-09-06,24,-0.025194398053804686,1.9679887595837652e-7,1,0,0.006674150247423555,1,1,-0.025194398053804686,1,-0.025194398053804686,1,-0.025194398053804686
BTC,2019-09-07,24,0.016504183189545385,1.956471421853116e-7,1,0,0.006586605548391347,1,1,0.016504183189545385,1,0.016504183189545385,1,0.016504183189545385
BTC,2019-09-08,24,-0.0071606662468672744,1.9881685122092336e-7,1,0,0.006579285446114114,1,1,-0.0071606662468672744,1,-0.0071606662468672744,1,-0.0071606662468672744
BTC,2019-09-09,24,-0.009081715260803962,1.9082438361515294e-7,1,0,0.006439116268409946,1,1,-0.009081715260803962,1,-0.009081715260803962,1,-0.009081715260803962
BTC,2019-09-10,24,-0.021559951182784257,1.9028029624562782e-7,1,0,0.006451683186311816,1,1,-0.021559951182784257,1,-0.021559951182784257,1,-0.021559951182784257
BTC,2019-09-11,24,0.006536616346656289,1.8818796244844353e-7,1,0,0.006474883201048639,1,1,0.006536616346656289,1,0.006536616346656289,1,0.006536616346656289
BTC,2019-09-12,24,0.02519969891042262,1.8793309820375706e-7,1,0,0.0064597351934543535,1,1,0.02519969891042262,1,0.02519969891042262,1,0.02519969891042262
BTC,2019-09-13,24,-0.005572117332597997,1.8541899919164258e-7,1,0,0.006312724977044913,1,1,-0.005572117332597997,1,-0.005572117332597997,1,-0.005572117332597997
BTC,2019-09-14,24,1.0615045389304284e-4,1.7765914517980793e-7,1,0,0.005983760310320717,1,1,1.0615045389304284e-4,1,1.0615045389304284e-4,1,1.0615045389304284e-4
BTC,2019-09-15,24,-0.005020688192852759,1.6966479247805975e-7,1,0,0.005700397890062854,1,1,-0.005020688192852759,1,-0.005020688192852759,1,-0.005020688192852759
BTC,2019-09-16,24,-0.004929063688736579,1.6409838788746143e-7,1,0,0.005596788744066205,1,1,-0.004929063688736579,1,-0.004929063688736579,1,-0.004929063688736579
BTC,2019-09-17,24,-0.006904470330292834,1.6051872989772915e-7,1,0,0.005536335128031163,1,1,-0.006904470330292834,1,-0.006904470330292834,1,-0.006904470330292834
BTC,2019-09-18,24,-0.0031846534611889073,1.564902710857268e-7,1,0,0.005421533222835918,1,1,-0.0031846534611889073,1,-0.0031846534611889073,1,-0.0031846534611889073
BTC,2019-09-19,24,0.011433170743264214,1.6076063698125987e-7,1,0,0.005545351202354592,1,1,0.011433170743264214,1,0.011433170743264214,1,0.011433170743264214
BTC,2019-09-20,24,-0.009888723313904316,1.5290774393430492e-7,1,0,0.005291859976225052,1,1,-0.009888723313904316,1,-0.009888723313904316,1,-0.009888723313904316
BTC,2019-09-21,24,-0.0193438843734424,1.5016872231742443e-7,1,0,0.005156465801517502,1,1,-0.0193438843734424,1,-0.0193438843734424,1,-0.0193438843734424
BTC,2019-09-22,24,0.005068110310855059,1.4968126902152768e-7,1,0,0.005109700482362401,1,1,0.005068110310855059,1,0.005068110310855059,1,0.005068110310855059
BTC,2019-09-23,24,-0.03471640986270441,1.4530509352080581e-7,1,0,0.00503166349477512,1,1,-0.03471640986270441,1,-0.03471640986270441,1,-0.03471640986270441
BTC,2019-09-24,24,-0.12639994101709506,1.9898603596347732e-7,1,0,0.006168558938869569,1,1,-0.12639994101709506,1,-0.12639994101709506,1,-0.12639994101709506
BTC,2019-09-25,24,-0.01151069808458839,2.0026310199914029e-7,1,0,0.00625244790541449,1,1,-0.01151069808458839,1,-0.01151069808458839,1,-0.01151069808458839
BTC,2019-09-26,24,-0.04591304150629856,2.0524431497441528e-7,1,0,0.006494752073247041,1,1,-0.04591304150629856,1,-0.04591304150629856,1,-0.04591304150629856
BTC,2019-09-27,24,0.016695453707122106,1.9238432395512922e-7,1,0,0.006303222764227316,1,1,0.016695453707122106,1,0.016695453707122106,1,0.016695453707122106
BTC,2019-09-28,24,0.0021329116224639002,1.9377531090210045e-7,1,0,0.006281517903194225,1,1,0.0021329116224639002,1,0.0021329116224639002,1,0.0021329116224639002
BTC,2019-09-29,24,-0.01972203153028714,1.9427334582670478e-7,1,0,0.00630129214629457,1,1,-0.01972203153028714,1,-0.01972203153028714,1,-0.01972203153028714
BTC,2019-09-30,24,0.03140249839852603,1.9417040836918995e-7,1,0,0.006417367884329703,1,1,0.03140249839852603,1,0.03140249839852603,1,0.03140249839852603
BTC,2019-10-01,24,0.0015631578966013786,1.9339160476778312e-7,1,0,0.006523173534985303,1,1,0.0015631578966013786,1,0.0015631578966013786,1,0.0015631578966013786
BTC,2019-10-02,24,0.007099573079112612,1.930482058199319e-7,1,0,0.006466253139305702,1,1,0.007099573079112612,1,0.007099573079112612,1,0.007099573079112612
BTC,2019-10-03,24,-0.017352605034200077,1.945367067556469e-7,1,0,0.006449558029002842,1,1,-0.017352605034200077,1,-0.017352605034200077,1,-0.017352605034200077
BTC,2019-10-04,24,-0.010481905332674945,1.9462218742267137e-7,1,0,0.006404995362697546,1,1,-0.010481905332674945,1,-0.010481905332674945,1,-0.010481905332674945
BTC,2019-10-05,24,-4.6624051493043974e-4,1.9580125178215086e-7,1,0,0.006396384269862639,1,1,-4.6624051493043974e-4,1,-4.6624051493043974e-4,1,-4.6624051493043974e-4
BTC,2019-10-06,24,-0.03565337595188645,1.9300890991587152e-7,1,0,0.006274872010946178,1,1,-0.03565337595188645,1,-0.03565337595188645,1,-0.03565337595188645
BTC,2019-10-07,24,0.043598753838005266,1.904311842062373e-7,1,0,0.00632273837733474,1,1,0.043598753838005266,1,0.043598753838005266,1,0.043598753838005266
BTC,2019-10-08,24,-0.002901910223960016,1.8812433241198238e-7,1,0,0.0063208406388613695,1,1,-0.002901910223960016,1,-0.002901910223960016,1,-0.002901910223960016
BTC,2019-10-09,24,0.047826806584578364,1.8850705855352098e-7,1,0,0.006354908730522034,1,1,0.047826806584578364,1,0.047826806584578364,1,0.047826806584578364
BTC,2019-10-10,24,-2.5612070410231327e-4,1.8649573729231356e-7,1,0,0.006324784474465075,1,1,-2.5612070410231327e-4,1,-2.5612070410231327e-4,1,-2.5612070410231327e-4
BTC,2019-10-11,24,-0.03772868470945646,1.9391338654692806e-7,1,0,0.006475688106724422,1,1,-0.03772868470945646,1,-0.03772868470945646,1,-0.03772868470945646
BTC,2019-10-12,24,0.0041627261375163,1.9706548551267538e-7,1,0,0.006450895498144701,1,1,0.0041627261375163,1,0.0041627261375163,1,0.0041627261375163
BTC,2019-10-13,24,-0.00302681553479196,2.0161686370316692e-7,1,0,0.006491354154995752,1,1,-0.00302681553479196,1,-0.00302681553479196,1,-0.00302681553479196
BTC,2019-10-14,24,0.008969316980480799,2.018662387237272e-7,1,0,0.006497187671423243,1,1,0.008969316980480799,1,0.008969316980480799,1,0.008969316980480799
BTC,2019-10-15,24,-0.023016797817421948,2.0156447344045182e-7,1,0,0.006539915467496286,1,1,-0.023016797817421948,1,-0.023016797817421948,1,-0.023016797817421948
BTC,2019-10-16,24,-0.02035394588039119,1.9978768117348277e-7,1,0,0.006529491324185019,1,1,-0.02035394588039119,1,-0.02035394588039119,1,-0.02035394588039119
BTC,2019-10-17,24,0.00959135553814971,1.994598302126448e-7,1,0,0.00653492004388698,1,1,0.00959135553814971,1,0.00959135553814971,1,0.00959135553814971
BTC,2019-10-18,24,-0.015056260969216938,2.0018360393461783e-7,1,0,0.006581110222495837,1,1,-0.015056260969216938,1,-0.015056260969216938,1,-0.015056260969216938
BTC,2019-10-19,24,3.1416310349923426e-4,1.972248313295773e-7,1,0,0.006451879859158678,1,1,3.1416310349923426e-4,1,3.1416310349923426e-4,1,3.1416310349923426e-4
BTC,2019-10-20,24,0.034733816119215936,1.97742282998359e-7,1,0,0.006472435073149068,1,1,0.034733816119215936,1,0.034733816119215936,1,0.034733816119215936
BTC,2019-10-21,24,-0.0027220821280223286,1.9655563813358974e-7,1,0,0.006476313316179742,1,1,-0.0027220821280223286,1,-0.0027220821280223286,1,-0.0027220821280223286
BTC,2019-10-22,24,-0.024289301295807985,1.9361286114118636e-7,1,0,0.006475056950651556,1,1,-0.024289301295807985,1,-0.024289301295807985,1,-0.024289301295807985
BTC,2019-10-23,24,-0.07044911277090335,2.0718829787756502e-7,1,0,0.006809307653677912,2,1,-0.07044911277090335,1,-0.07044911277090335,1,-0.07044911277090335
BTC,2019-10-24,24,-0.006240165181479862,1.571381648732423e-7,1,0,0.005694430369704738,1,1,-0.006240165181479862,1,-0.006240165181479862,1,-0.006240165181479862
BTC,2019-10-25,24,0.15399105016772918,1.8832899469871464e-7,1,0,0.0062545609115271985,1,1,0.15399105016772918,1,0.15399105016772918,1,0.15399105016772918
BTC,2019-10-26,24,0.06619464105073919,2.59854104308167e-7,1,0,0.0075950825900311485,2,1,0.06619464105073919,1,0.06619464105073919,1,0.06619464105073919
BTC,2019-10-27,24,0.030308734951521983,2.615501535499348e-7,1,0,0.0076570796703810205,2,1,0.030308734951521983,1,0.030308734951521983,1,0.030308734951521983
BTC,2019-10-28,24,-0.03458435046868889,2.6326986440021855e-7,1,0,0.007775631565102933,2,1,-0.03458435046868889,1,-0.03458435046868889,1,-0.03458435046868889
BTC,2019-10-29,24,0.023266338110761377,2.6512319997953706e-7,1,0,0.007838392261395526,2,1,0.023266338110761377,1,0.023266338110761377,1,0.023266338110761377
BTC,2019-10-30,24,-0.028977562289737743,2.6501841252757175e-7,1,0,0.007774442737071095,2,1,-0.028977562289737743,1,-0.028977562289737743,1,-0.028977562289737743
BTC,2019-10-31,24,-0.0021296471197916364,2.6818257387550334e-7,1,0,0.00775628910081813,2,1,-0.0021296471197916364,1,-0.0021296471197916364,1,-0.0021296471197916364
BTC,2019-11-01,24,0.012192092607374872,2.6970438780235245e-7,1,0,0.007767164993347392,2,1,0.012192092607374872,1,0.012192092607374872,1,0.012192092607374872
BTC,2019-11-02,24,0.004816170925599026,2.720489061824958e-7,1,0,0.007732976201746115,2,1,0.004816170925599026,1,0.004816170925599026,1,0.004816170925599026
BTC,2019-11-03,24,-0.01018757899514254,2.7411787605356016e-7,1,0,0.007713462817193985,2,1,-0.01018757899514254,1,-0.01018757899514254,1,-0.01018757899514254
BTC,2019-11-04,24,0.022122182612568597,2.7387050784590405e-7,1,0,0.007760268677872818,2,1,0.022122182612568597,1,0.022122182612568597,1,0.022122182612568597
BTC,2019-11-05,24,-0.010667081024392771,2.7185764105688093e-7,1,0,0.007710134137021616,2,1,-0.010667081024392771,1,-0.010667081024392771,1,-0.010667081024392771
BTC,2019-11-06,24,0.0024659867325072284,2.762301998564332e-7,1,0,0.007671691949987754,2,1,0.0024659867325072284,1,0.0024659867325072284,1,0.0024659867325072284
BTC,2019-11-07,24,-0.014388116671275158,2.773156285451142e-7,1,0,0.00765902827612268,2,1,-0.014388116671275158,1,-0.014388116671275158,1,-0.014388116671275158
BTC,2019-11-08,24,-0.048866212688424,2.7624178138542677e-7,1,0,0.007644232959977705,2,1,-0.048866212688424,1,-0.048866212688424,1,-0.048866212688424
BTC,2019-11-09,24,0.005233826943479661,2.815191453960167e-7,1,0,0.007645081938433969,2,1,0.005233826943479661,1,0.005233826943479661,1,0.005233826943479661
BTC,2019-11-10,24,0.02544518298568553,2.8166568451373244e-7,1,0,0.007550077119653794,2,1,0.02544518298568553,1,0.02544518298568553,1,0.02544518298568553
BTC,2019-11-11,24,-0.03628446989634303,2.796855169178993e-7,1,0,0.00758825372265484,2,1,-0.03628446989634303,1,-0.03628446989634303,1,-0.03628446989634303
BTC,2019-11-12,24,0.01093006808270441,2.7538457199896734e-7,1,0,0.007547241970296674,2,1,0.01093006808270441,1,0.01093006808270441,1,0.01093006808270441
BTC,2019-11-13,24,-0.005769607866139283,2.75300776182852e-7,1,0,0.00754025830365084,2,1,-0.005769607866139283,1,-0.005769607866139283,1,-0.005769607866139283
BTC,2019-11-14,24,-0.014947789556532712,2.7528702592394924e-7,1,0,0.007519805268972603,2,1,-0.014947789556532712,1,-0.014947789556532712,1,-0.014947789556532712
BTC,2019-11-15,24,-0.0206115641215353,2.775587237162466e-7,1,0,0.007562410663556945,2,1,-0.0206115641215353,1,-0.0206115641215353,1,-0.0206115641215353
BTC,2019-11-16,24,0.0034354355526351717,2.8006244740933647e-7,1,0,0.007549852193255041,2,1,0.0034354355526351717,1,0.0034354355526351717,1,0.0034354355526351717
BTC,2019-11-17,24,0.0021308791166634675,2.83975834152838e-7,1,0,0.0075400274871425255,2,1,0.0021308791166634675,1,0.0021308791166634675,1,0.0021308791166634675
BTC,2019-11-18,24,-0.03996141453814947,2.805324424912461e-7,1,0,0.0075613808735184845,2,1,-0.03996141453814947,1,-0.03996141453814947,1,-0.03996141453814947
BTC,2019-11-19,24,-0.005892407272409579,2.7844667800928526e-7,1,0,0.0075426640448131585,2,1,-0.005892407272409579,1,-0.005892407272409579,1,-0.005892407272409579
BTC,2019-11-20,24,-0.004813279107305344,2.775981634746029e-7,1,0,0.007533498336729744,2,1,-0.004813279107305344,1,-0.004813279107305344,1,-0.004813279107305344
BTC,2019-11-21,24,-0.05911720983259938,2.78611009519189e-7,1,0,0.0076205464571677045,2,1,-0.05911720983259938,1,-0.05911720983259938,1,-0.05911720983259938
BTC,2019-11-22,24,-0.04486826688839082,2.715978471627127e-7,1,0,0.007632355918107338,2,1,-0.04486826688839082,1,-0.04486826688839082,1,-0.04486826688839082
BTC,2019-11-23,24,0.0051754705661891404,2.7406718311524256e-7,1,0,0.007656099599713909,2,1,0.0051754705661891404,1,0.0051754705661891404,1,0.0051754705661891404
BTC,2019-11-24,24,-0.0588789868452371,2.4444951892475536e-7,1,0,0.00709173167960983,2,1,-0.0588789868452371,1,-0.0588789868452371,1,-0.0588789868452371
BTC,2019-11-25,24,0.03191616209414056,1.7091884135916868e-7,1,0,0.005742513725452707,1,1,0.03191616209414056,1,0.03191616209414056,1,0.03191616209414056
BTC,2019-11-26,24,0.004730788281941435,1.6873703438073342e-7,1,0,0.005629609112607512,1,1,0.004730788281941435,1,0.004730788281941435,1,0.004730788281941435
BTC,2019-11-27,24,0.04961698511675981,1.7434693062558516e-7,1,0,0.005775206825417242,1,1,0.04961698511675981,1,0.04961698511675981,1,0.04961698511675981
BTC,2019-11-28,24,-0.01310722398638032,1.760093695648271e-7,1,0,0.005775396949560821,1,1,-0.01310722398638032,1,-0.01310722398638032,1,-0.01310722398638032
BTC,2019-11-29,24,0.04332669718695498,1.756476634111015e-7,1,0,0.005786870411111834,1,1,0.04332669718695498,1,0.04332669718695498,1,0.04332669718695498
BTC,2019-11-30,24,-0.025844201053346533,1.7410516478361646e-7,1,0,0.0057324126504998,1,1,-0.025844201053346533,1,-0.025844201053346533,1,-0.025844201053346533
BTC,2019-12-01,24,-0.021461916343589876,1.7468525516692026e-7,1,0,0.005784777929571871,1,1,-0.021461916343589876,1,-0.021461916343589876,1,-0.021461916343589876
BTC,2019-12-02,24,-0.01259520737788778,1.7418470900177983e-7,1,0,0.005813397778324702,1,1,-0.01259520737788778,1,-0.01259520737788778,1,-0.01259520737788778
BTC,2019-12-03,24,-0.0016027510468688676,1.736649256976339e-7,1,0,0.005825303431275343,1,1,-0.0016027510468688676,1,-0.0016027510468688676,1,-0.0016027510468688676
BTC,2019-12-04,24,-0.01430509184675766,1.888817345888236e-7,1,0,0.006161144688358042,1,1,-0.01430509184675766,1,-0.01430509184675766,1,-0.01430509184675766
BTC,2019-12-05,24,0.027908150170142986,1.873177093355836e-7,1,0,0.006174909080928826,1,1,0.027908150170142986,1,0.027908150170142986,1,0.027908150170142986
BTC,2019-12-06,24,0.020309004075176648,1.8627786341470463e-7,1,0,0.006204537697305886,1,1,0.020309004075176648,1,0.020309004075176648,1,0.020309004075176648
BTC,2019-12-07,24,-0.004848929121546215,1.8822209823197272e-7,1,0,0.006219393377524988,1,1,-0.004848929121546215,1,-0.004848929121546215,1,-0.004848929121546215
BTC,2019-12-08,24,0.0015701723761962928,1.8884266295915614e-7,1,0,0.006143532277807637,1,1,0.0015701723761962928,1,0.0015701723761962928,1,0.0015701723761962928
BTC,2019-12-09,24,-0.025109864898586173,1.8549774584685707e-7,1,0,0.006193850817816556,1,1,-0.025109864898586173,1,-0.025109864898586173,1,-0.025109864898586173
BTC,2019-12-10,24,-0.015831247649769585,1.8106672601867713e-7,1,0,0.006139897633350289,1,1,-0.015831247649769585,1,-0.015831247649769585,1,-0.015831247649769585
BTC,2019-12-11,24,-0.0023992300692270868,1.800724071640023e-7,1,0,0.006102283376626064,1,1,-0.0023992300692270868,1,-0.0023992300692270868,1,-0.0023992300692270868
BTC,2019-12-12,24,-0.0016536853846051513,1.7953327631631137e-7,1,0,0.00611224385344599,1,1,-0.0016536853846051513,1,-0.0016536853846051513,1,-0.0016536853846051513
BTC,2019-12-13,24,0.008558423655948506,1.7851908746787883e-7,1,0,0.006114360140897552,1,1,0.008558423655948506,1,0.008558423655948506,1,0.008558423655948506
BTC,2019-12-14,24,-0.025756692912419516,1.7907280455156722e-7,1,0,0.00612631812888213,1,1,-0.025756692912419516,1,-0.025756692912419516,1,-0.025756692912419516
BTC,2019-12-15,24,0.006515691683172352,1.7915049665575053e-7,1,0,0.006081092936173345,1,1,0.006515691683172352,1,0.006515691683172352,1,0.006515691683172352
BTC,2019-12-16,24,-0.033883616555735116,1.8031665986518515e-7,1,0,0.006173198125706648,1,1,-0.033883616555735116,1,-0.033883616555735116,1,-0.033883616555735116
BTC,2019-12-17,24,-0.039388831171362104,1.7841454885126994e-7,1,0,0.006215135857688307,1,1,-0.039388831171362104,1,-0.039388831171362104,1,-0.039388831171362104
BTC,2019-12-18,24,0.0974653841363271,1.9502681813136226e-7,1,0,0.006624155394724924,1,1,0.0974653841363271,1,0.0974653841363271,1,0.0974653841363271
BTC,2019-12-19,24,-0.019131054391290734,1.9571233657372488e-7,1,0,0.006664805972818789,2,1,-0.019131054391290734,1,-0.019131054391290734,1,-0.019131054391290734
BTC,2019-12-20,24,0.005815388775087019,1.9584359641609936e-7,1,0,0.00666928656448172,2,1,0.005815388775087019,1,0.005815388775087019,1,0.005815388775087019
BTC,2019-12-21,24,-0.006696920738731257,1.9600401525367987e-7,1,0,0.006550076697183003,1,1,-0.006696920738731257,1,-0.006696920738731257,1,-0.006696920738731257
BTC,2019-12-22,24,0.050032613452967285,1.8818843530564068e-7,1,0,0.006230655660335206,1,1,0.050032613452967285,1,0.050032613452967285,1,0.050032613452967285
BTC,2019-12-23,24,-0.025078838963779715,1.8599529734748088e-7,1,0,0.0062789659555366395,1,1,-0.025078838963779715,1,-0.025078838963779715,1,-0.025078838963779715
BTC,2019-12-24,24,-0.009700089091427083,1.8220569338556194e-7,1,0,0.006206053288664177,1,1,-0.009700089091427083,1,-0.009700089091427083,1,-0.009700089091427083
BTC,2019-12-25,24,-0.008473336310028754,1.7050609365663688e-7,1,0,0.005832981473379217,1,1,-0.008473336310028754,1,-0.008473336310028754,1,-0.008473336310028754
BTC,2019-12-26,24,4.72629217283188e-4,1.7088797124380998e-7,1,0,0.00580643580953103,1,1,4.72629217283188e-4,1,4.72629217283188e-4,1,4.72629217283188e-4
BTC,2019-12-27,24,0.0070489631917213845,1.610626623822111e-7,1,0,0.005509546520517955,1,1,0.0070489631917213845,1,0.0070489631917213845,1,0.0070489631917213845
BTC,2019-12-28,24,0.007383252870844697,1.5668783305347833e-7,1,0,0.005381308814596545,1,1,0.007383252870844697,1,0.007383252870844697,1,0.007383252870844697
BTC,2019-12-29,24,0.012374997112092999,1.5558179664378355e-7,1,0,0.005307769006253212,1,1,0.012374997112092999,1,0.012374997112092999,1,0.012374997112092999
BTC,2019-12-30,24,-0.024835702248125393,1.5344535344404576e-7,1,0,0.005270259709277028,1,1,-0.024835702248125393,1,-0.024835702248125393,1,-0.024835702248125393
BTC,2019-12-31,24,-0.005758814079222145,1.5056181818584485e-7,1,0,0.005163991190694038,1,1,-0.005758814079222145,1,-0.005758814079222145,1,-0.005758814079222145
BTC,2020-01-01,24,8.506069802469956e-4,1.5106828339651032e-7,1,0,0.005126617345652359,1,1,8.506069802469956e-4,1,8.506069802469956e-4,1,8.506069802469956e-4
BTC,2020-01-02,24,-0.032886002738050694,1.5073803029920485e-7,1,0,0.00514321587505318,1,1,-0.032886002738050694,1,-0.032886002738050694,1,-0.032886002738050694
BTC,2020-01-03,24,0.054997012975273485,1.4001849951281885e-7,1,0,0.004954988252395129,1,1,0.054997012975273485,1,0.054997012975273485,1,0.054997012975273485
BTC,2020-01-04,24,0.0020973790460171106,1.3928122169228217e-7,1,0,0.004886255631671852,1,1,0.0020973790460171106,1,0.0020973790460171106,1,0.0020973790460171106
BTC,2020-01-05,24,-4.4906819106588344e-4,1.4063452004628452e-7,1,0,0.004874867212890809,1,1,-4.4906819106588344e-4,1,-4.4906819106588344e-4,1,-4.4906819106588344e-4
BTC,2020-01-06,24,0.05435587995845327,1.4073986038527812e-7,1,0,0.004957978153820214,1,1,0.05435587995845327,1,0.05435587995845327,1,0.05435587995845327
BTC,2020-01-07,24,0.05060983346973841,1.4354697859914066e-7,1,0,0.005165960197087189,1,1,0.05060983346973841,1,0.05060983346973841,1,0.05060983346973841
BTC,2020-01-08,24,-0.014404722234586963,1.5140496784701432e-7,1,0,0.005415102447636922,1,1,-0.014404722234586963,1,-0.014404722234586963,1,-0.014404722234586963
BTC,2020-01-09,24,-0.028410679370665333,1.5251295163464943e-7,1,0,0.0054778399551477725,1,1,-0.028410679370665333,1,-0.028410679370665333,1,-0.028410679370665333
BTC,2020-01-10,24,0.04671709382063197,1.532933730234779e-7,1,0,0.005585182246626138,1,1,0.04671709382063197,1,0.04671709382063197,1,0.04671709382063197
BTC,2020-01-11,24,-0.0204346706439369,1.5435023271466695e-7,1,0,0.005614334753577539,1,1,-0.0204346706439369,1,-0.0204346706439369,1,-0.0204346706439369
BTC,2020-01-12,24,0.018650832231365617,1.561026832804164e-7,1,0,0.0056351537334750935,1,1,0.018650832231365617,1,0.018650832231365617,1,0.018650832231365617
BTC,2020-01-13,24,-0.009004255832441847,1.5499149108753863e-7,1,0,0.00561273177476075,1,1,-0.009004255832441847,1,-0.009004255832441847,1,-0.009004255832441847
BTC,2020-01-14,24,0.0841537687922957,1.4921635483395478e-7,1,0,0.0057460088533457495,1,1,0.0841537687922957,1,0.0841537687922957,1,0.0841537687922957
BTC,2020-01-15,24,-5.9004415695939e-4,1.4795574825414442e-7,1,0,0.005774043109430141,1,1,-5.9004415695939e-4,1,-5.9004415695939e-4,1,-5.9004415695939e-4
BTC,2020-01-16,24,-0.010554579070190653,1.465866898119003e-7,1,0,0.005730734312092682,1,1,-0.010554579070190653,1,-0.010554579070190653,1,-0.010554579070190653
BTC,2020-01-17,24,0.020852889351252506,1.2683816053089824e-7,1,0,0.00527987861550281,1,1,0.020852889351252506,1,0.020852889351252506,1,0.020852889351252506
BTC,2020-01-18,24,6.962693720638409e-4,1.2596148390874062e-7,1,0,0.005237905919358986,1,1,6.962693720638409e-4,1,6.962693720638409e-4,1,6.962693720638409e-4
BTC,2020-01-19,24,-0.022926601031145456,1.3536003357381326e-7,1,0,0.0055172548486950935,1,1,-0.022926601031145456,1,-0.022926601031145456,1,-0.022926601031145456
BTC,2020-01-20,24,-0.0088144924384243,1.3412249888786552e-7,1,0,0.005532971145502529,1,1,-0.0088144924384243,1,-0.0088144924384243,1,-0.0088144924384243
BTC,2020-01-21,24,0.01082262893209245,1.3463690978982146e-7,1,0,0.005543347021901498,1,1,0.01082262893209245,1,0.01082262893209245,1,0.01082262893209245
BTC,2020-01-22,24,-0.007398364231702053,1.3333484209196616e-7,1,0,0.005441380278878883,1,1,-0.007398364231702053,1,-0.007398364231702053,1,-0.007398364231702053
BTC,2020-01-23,24,-0.03154680310644731,1.3073784138615498e-7,1,0,0.005404944523717978,1,1,-0.03154680310644731,1,-0.03154680310644731,1,-0.03154680310644731
BTC,2020-01-24,24,0.004364663910961058,1.3241122774582845e-7,1,0,0.0054600469678315255,1,1,0.004364663910961058,1,0.004364663910961058,1,0.004364663910961058
BTC,2020-01-25,24,-0.012154067403669828,1.3303483237144195e-7,1,0,0.005453373914055633,1,1,-0.012154067403669828,1,-0.012154067403669828,1,-0.012154067403669828
BTC,2020-01-26,24,0.031649969717348556,1.3221030211191746e-7,1,0,0.005429507101432261,1,1,0.031649969717348556,1,0.031649969717348556,1,0.031649969717348556
BTC,2020-01-27,24,0.03421649813738641,1.3173794466231702e-7,1,0,0.005482984051671333,1,1,0.03421649813738641,1,0.03421649813738641,1,0.03421649813738641
BTC,2020-01-28,24,0.05556954720025508,1.3542600397639663e-7,1,0,0.005643355111640681,1,1,0.05556954720025508,1,0.05556954720025508,1,0.05556954720025508
BTC,2020-01-29,24,-0.012740526067292687,1.3521841034873929e-7,1,0,0.005669938135791518,1,1,-0.012740526067292687,1,-0.012740526067292687,1,-0.012740526067292687
BTC,2020-01-30,24,0.023333273752288795,1.323991872192146e-7,1,0,0.005697747738724917,1,1,0.023333273752288795,1,0.023333273752288795,1,0.023333273752288795
BTC,2020-01-31,24,-0.017060495641180156,1.3125615394372842e-7,1,0,0.0057217639749964294,1,1,-0.017060495641180156,1,-0.017060495641180156,1,-0.017060495641180156
BTC,2020-02-01,24,0.004039243806905863,1.3136234261224847e-7,1,0,0.005686073017486951,1,1,0.004039243806905863,1,0.004039243806905863,1,0.004039243806905863
BTC,2020-02-02,24,-0.005871894428347058,1.2423873180089507e-7,1,0,0.005453536348353369,1,1,-0.005871894428347058,1,-0.005871894428347058,1,-0.005871894428347058
BTC,2020-02-03,24,-0.004429352730617494,1.247298149098285e-7,1,0,0.005497223234198747,1,1,-0.004429352730617494,1,-0.004429352730617494,1,-0.004429352730617494
BTC,2020-02-04,24,-0.013199543061287778,1.238735940085587e-7,1,0,0.005492524972652774,1,1,-0.013199543061287778,1,-0.013199543061287778,1,-0.013199543061287778
BTC,2020-02-05,24,0.048679419693479095,1.22232668665345e-7,1,0,0.005470318704038843,1,1,0.048679419693479095,1,0.048679419693479095,1,0.048679419693479095
BTC,2020-02-06,24,0.014300043896965708,1.1913222230995815e-7,1,0,0.005335001497582068,1,1,0.014300043896965708,1,0.014300043896965708,1,0.014300043896965708
BTC,2020-02-07,24,0.004592348374573408,1.1028732243839383e-7,1,0,0.005003535764007198,1,1,0.004592348374573408,1,0.004592348374573408,1,0.004592348374573408
BTC,2020-02-08,24,0.010627437758095975,1.0807596397655333e-7,1,0,0.004912835374406799,1,1,0.010627437758095975,1,0.010627437758095975,1,0.010627437758095975
BTC,2020-02-09,24,0.025499278346501338,1.0480858581405856e-7,1,0,0.004794568365633375,1,1,0.025499278346501338,1,0.025499278346501338,1,0.025499278346501338
BTC,2020-02-10,24,-0.030986677204856244,1.0738526670914071e-7,1,0,0.004867473815346202,1,1,-0.030986677204856244,1,-0.030986677204856244,1,-0.030986677204856244
BTC,2020-02-11,24,0.04205695513757567,1.1165938325116751e-7,1,0,0.005043498116634815,1,1,0.04205695513757567,1,0.04205695513757567,1,0.04205695513757567
BTC,2020-02-12,24,0.007892302865341202,1.097575552990819e-7,1,0,0.005062895335087955,1,1,0.007892302865341202,1,0.007892302865341202,1,0.007892302865341202
BTC,2020-02-13,24,-0.01097300801404304,1.098566442730421e-7,1,0,0.004943076783578833,1,1,-0.01097300801404304,1,-0.01097300801404304,1,-0.01097300801404304
BTC,2020-02-14,24,0.01253630747260759,1.0749900512195132e-7,1,0,0.00482111302704117,1,1,0.01253630747260759,1,0.01253630747260759,1,0.01253630747260759
BTC,2020-02-15,24,-0.045994869187760565,1.1186603420517642e-7,1,0,0.004896949850581396,1,1,-0.045994869187760565,1,-0.045994869187760565,1,-0.045994869187760565
BTC,2020-02-16,24,0.0019466935063129171,1.1543253973378998e-7,1,0,0.004894643898175494,1,1,0.0019466935063129171,1,0.0019466935063129171,1,0.0019466935063129171
BTC,2020-02-17,24,-0.022603632273691138,1.1696188531649864e-7,1,0,0.004940854776845248,1,1,-0.022603632273691138,1,-0.022603632273691138,1,-0.022603632273691138
BTC,2020-02-18,24,0.048082654199306005,1.0892601450040679e-7,1,0,0.00471087601527776,1,1,0.048082654199306005,1,0.048082654199306005,1,0.048082654199306005
BTC,2020-02-19,24,-0.05843277223658821,1.299237070779013e-7,1,0,0.005197146333647466,1,1,-0.05843277223658821,1,-0.05843277223658821,1,-0.05843277223658821
BTC,2020-02-20,24,8.848222344945398e-4,1.281243336662459e-7,1,0,0.005154693420441189,1,1,8.848222344945398e-4,1,8.848222344945398e-4,1,8.848222344945398e-4
BTC,2020-02-21,24,0.009063240159057549,1.2919519969018015e-7,1,0,0.0051696984007342794,1,1,0.009063240159057549,1,0.009063240159057549,1,0.009063240159057549
BTC,2020-02-22,24,-0.002756884919324798,1.3147040251303364e-7,1,0,0.005129628162351285,1,1,-0.002756884919324798,1,-0.002756884919324798,1,-0.002756884919324798
BTC,2020-02-23,24,0.0300059175648505,1.3064736047172096e-7,1,0,0.0050757851649348455,1,1,0.0300059175648505,1,0.0300059175648505,1,0.0300059175648505
BTC,2020-02-24,24,-0.030719608566953247,1.3002981070315242e-7,1,0,0.005094386841889974,1,1,-0.030719608566953247,1,-0.030719608566953247,1,-0.030719608566953247
BTC,2020-02-25,24,-0.037434341203942914,1.3262769807302e-7,1,0,0.005160348677238375,1,1,-0.037434341203942914,1,-0.037434341203942914,1,-0.037434341203942914
BTC,2020-02-26,24,-0.0581604226826689,1.4105885799263034e-7,1,0,0.00536094251603046,1,1,-0.0581604226826689,1,-0.0581604226826689,1,-0.0581604226826689
BTC,2020-02-27,24,0.0030465301104175453,1.394106078362407e-7,1,0,0.005271826083799572,1,1,0.0030465301104175453,1,0.0030465301104175453,1,0.0030465301104175453
BTC,2020-02-28,24,-0.010818441908935248,1.4443487654470265e-7,1,0,0.005363328395766904,1,1,-0.010818441908935248,1,-0.010818441908935248,1,-0.010818441908935248
BTC,2020-02-29,24,-0.021619203700592685,1.5137295561391517e-7,1,0,0.005378946729796374,1,1,-0.021619203700592685,1,-0.021619203700592685,1,-0.021619203700592685
BTC,2020-03-01,24,1.0551553139778475e-4,1.5597047033195128e-7,1,0,0.005425485287762427,1,1,1.0551553139778475e-4,1,1.0551553139778475e-4,1,1.0551553139778475e-4
BTC,2020-03-02,24,0.04523335215179239,1.5340235923362446e-7,1,0,0.005441233437209304,1,1,0.04523335215179239,1,0.04523335215179239,1,0.04523335215179239
BTC,2020-03-03,24,-0.019449064474937237,1.5386858269117672e-7,1,0,0.0054617063569233175,1,1,-0.019449064474937237,1,-0.019449064474937237,1,-0.019449064474937237
BTC,2020-03-04,24,6.738429287321641e-4,1.536309559472803e-7,1,0,0.005421101406008638,1,1,6.738429287321641e-4,1,6.738429287321641e-4,1,6.738429287321641e-4
BTC,2020-03-05,24,0.0344836604094822,1.5608846523649097e-7,1,0,0.005483153976851248,1,1,0.0344836604094822,1,0.0344836604094822,1,0.0344836604094822
BTC,2020-03-06,24,0.009758102555260073,1.570828812705978e-7,1,0,0.005435765494690792,1,1,0.009758102555260073,1,0.009758102555260073,1,0.009758102555260073
BTC,2020-03-07,24,-0.028294159689247037,1.5819102423603393e-7,1,0,0.005396136575217526,1,1,-0.028294159689247037,1,-0.028294159689247037,1,-0.028294159689247037
BTC,2020-03-08,24,-0.10211342567881315,1.6317924174437389e-7,1,0,0.005552490694715624,1,1,-0.10211342567881315,1,-0.10211342567881315,1,-0.10211342567881315
BTC,2020-03-09,24,-0.013506100039767528,1.6825004179109757e-7,1,0,0.005771084239882906,1,1,-0.013506100039767528,1,-0.013506100039767528,1,-0.013506100039767528
BTC,2020-03-10,24,-0.005172414422792462,1.7944407866558911e-7,1,0,0.006011955025924769,1,1,-0.005172414422792462,1,-0.005172414422792462,1,-0.005172414422792462
BTC,2020-03-11,24,0.007125650799335709,1.794758723142032e-7,1,0,0.006031915806020664,1,1,0.007125650799335709,1,0.007125650799335709,1,0.007125650799335709
BTC,2020-03-12,24,-0.49335010109324073,5.510055807793118e-7,2,0,0.011679986014811287,2,1,-0.49335010109324073,1,-0.49335010109324073,1,-0.49335010109324073
BTC,2020-03-13,24,0.14916626054993126,8.396886439525888e-7,3,0.875,0.015893480686610045,3,1,0.14916626054993126,0.125,0.03368222078749735,0,-0.0026
BTC,2020-03-14,24,-0.08678212028084845,8.474785431938175e-7,3,1,0.01611621494139567,3,1,-0.08678212028084845,0,0,0,0
BTC,2020-03-15,24,0.03388153417004926,9.469202052501527e-7,3,1,0.017470203347199925,3,1,0.03388153417004926,0,0,0,0
BTC,2020-03-16,24,-0.05738205219452744,9.387959222086351e-7,3,1,0.01818629081598445,3,1,-0.05738205219452744,0,0,0,0
BTC,2020-03-17,24,0.055807809473568726,9.042085300613754e-7,3,1,0.018343402749367195,3,1,0.055807809473568726,0,0,0,0
BTC,2020-03-18,24,0.015539677544696878,8.798052094060989e-7,3,1,0.01851575454744126,3,1,0.015539677544696878,0,0,0,0
BTC,2020-03-19,24,0.13283634762066657,8.5345430338187e-7,3,1,0.01877208482783525,3,1,0.13283634762066657,0,0,0,0
BTC,2020-03-20,24,0.003599303394264673,8.286703678484286e-7,3,1,0.01898817848893648,3,1,0.003599303394264673,0,0,0,0
BTC,2020-03-21,24,-0.0016931255102898553,8.234454440422076e-7,3,1,0.01913657312470648,3,1,-0.0016931255102898553,0,0,0,0
BTC,2020-03-22,24,-0.06170750703904309,8.09448937821105e-7,3,1,0.019241265117268074,3,1,-0.06170750703904309,0,0,0,0
BTC,2020-03-23,24,0.1103416519586114,7.98580854044158e-7,3,1,0.019555193768518817,3,1,0.1103416519586114,0,0,0,0
BTC,2020-03-24,24,0.03976688089000048,7.755731333037519e-7,3,1,0.019623860023767075,3,1,0.03976688089000048,0,0,0,0
BTC,2020-03-25,24,-0.01175443918116064,7.668867922511111e-7,3,1,0.019728603538089865,3,1,-0.01175443918116064,0,0,0,0
BTC,2020-03-26,24,0.011458930904778435,7.613607133085041e-7,3,1,0.01972809272486876,3,1,0.011458930904778435,0,0,0,0
BTC,2020-03-27,24,-0.059454182472734124,7.596494439291546e-7,3,1,0.019747223036561814,3,1,-0.059454182472734124,0,0,0,0
BTC,2020-03-28,24,-0.019734252493083602,7.55724261622659e-7,3,1,0.019807105170572,3,1,-0.019734252493083602,0,0,0,0
BTC,2020-03-29,24,-0.06216336225404827,7.544907276414962e-7,3,1,0.019817251468180346,3,1,-0.06216336225404827,0,0,0,0
BTC,2020-03-30,24,0.08609180537705452,7.411694932106837e-7,3,1,0.019870326004450396,3,1,0.08609180537705452,0,0,0,0
BTC,2020-03-31,24,0.0029473016118723074,7.356914907414741e-7,3,1,0.01987504049347663,3,1,0.0029473016118723074,0,0,0,0
BTC,2020-04-01,24,0.03680965819408543,7.283095801553151e-7,3,1,0.0199416476160272,3,1,0.03680965819408543,0,0,0,0
BTC,2020-04-02,24,0.020926454414515384,7.101631729410987e-7,3,1,0.020050317963893997,3,1,0.020926454414515384,0,0,0,0
BTC,2020-04-03,24,-0.0096290914128421,6.995915579027914e-7,3,1,0.020094863812437753,3,1,-0.0096290914128421,0,0,0,0
BTC,2020-04-04,24,0.019777602875544625,6.985148372949715e-7,2,0.9583333333333334,0.020113137107889197,3,1,0.019777602875544625,0.041666666666666685,-0.0012897081998560133,0,0
BTC,2020-04-05,24,-0.013741188629334392,6.980914825481033e-7,2,0.25,0.02011132731905414,3,1,-0.013741188629334392,0.75,-0.03550177310519782,0,0
BTC,2020-04-06,24,0.07992696575066188,6.856240452087814e-7,2,0,0.020146355417638415,3,1,0.07992696575066188,1,0.07992696575066188,0,0
BTC,2020-04-07,24,-0.018873801622128,6.796269175483532e-7,2,0,0.02014657055089238,3,1,-0.018873801622128,1,-0.018873801622128,0,0
BTC,2020-04-08,24,0.022204532363354013,6.81244016392666e-7,2,0,0.02011276957455322,3,1,0.022204532363354013,1,0.022204532363354013,0,0
BTC,2020-04-09,24,-0.010080496761950409,6.779891954077684e-7,2,0,0.020061173883047102,3,1,-0.010080496761950409,1,-0.010080496761950409,0,0
BTC,2020-04-10,24,-0.05934871932779655,6.71720400581162e-7,2,0,0.02006759979033487,3,1,-0.05934871932779655,1,-0.05934871932779655,0,0
BTC,2020-04-11,24,0.002295945324648198,5.450351776151595e-7,2,0,0.017317115289149053,3,1,0.002295945324648198,1,0.002295945324648198,0,0
BTC,2020-04-12,24,0.0020444715784239155,3.7225358144582863e-7,2,0,0.013613467444689506,3,1,0.0020444715784239155,1,0.0020444715784239155,0,0
BTC,2020-04-13,24,-0.006116849072256272,3.616691101976726e-7,2,0,0.013396728724680328,3,1,-0.006116849072256272,1,-0.006116849072256272,0,0
BTC,2020-04-14,24,0.0018782629410768446,2.7762814740146665e-7,2,0,0.011587458972716135,3,1,0.0018782629410768446,1,0.0018782629410768446,0,0
BTC,2020-04-15,24,-0.03775375562297291,2.3627926130748616e-7,1,0,0.010396565081247523,2,1,-0.03775375562297291,1,-0.03775375562297291,0.5416666666666666,-0.02798578355842614
BTC,2020-04-16,24,0.07212601861709332,2.3147842090914594e-7,1,0,0.010241380365794585,2,1,0.07212601861709332,1,0.07212601861709332,1,0.07212601861709332
BTC,2020-04-17,24,-0.011421426016609497,2.2502504765094374e-7,1,0,0.009915508515033285,2,1,-0.011421426016609497,1,-0.011421426016609497,1,-0.011421426016609497
BTC,2020-04-18,24,0.03147232769004098,2.1420075239444577e-7,1,0,0.009410875266254996,2,1,0.03147232769004098,1,0.03147232769004098,1,0.03147232769004098
BTC,2020-04-19,24,-0.018267506431581097,1.9698964583732685e-7,1,0,0.008727684562670663,2,1,-0.018267506431581097,1,-0.018267506431581097,1,-0.018267506431581097
BTC,2020-04-20,24,-0.041303806141236174,1.8984883408750766e-7,1,0,0.00851122703244125,2,1,-0.041303806141236174,1,-0.041303806141236174,1,-0.041303806141236174
BTC,2020-04-21,24,0.001884408904533911,1.839546177607864e-7,1,0,0.008267613283970682,2,1,0.001884408904533911,1,0.001884408904533911,1,0.001884408904533911
BTC,2020-04-22,24,0.040723333766926315,1.5933910055479159e-7,1,0,0.0075412602566177316,2,1,0.040723333766926315,1,0.040723333766926315,1,0.040723333766926315
BTC,2020-04-23,24,0.04762250947024434,1.6214123992356403e-7,1,0,0.007551208328752852,2,1,0.04762250947024434,1,0.04762250947024434,1,0.04762250947024434
BTC,2020-04-24,24,0.003041462245335699,1.522843516938559e-7,1,0,0.0072493091334998585,2,1,0.003041462245335699,1,0.003041462245335699,1,0.003041462245335699
BTC,2020-04-25,24,0.005618328089403571,1.5144756748591256e-7,1,0,0.0072089450167307,2,1,0.005618328089403571,1,0.005618328089403571,1,0.005618328089403571
BTC,2020-04-26,24,0.020165885935259066,1.460401818184549e-7,1,0,0.0070006293236551265,2,1,0.020165885935259066,1,0.020165885935259066,1,0.020165885935259066
BTC,2020-04-27,24,0.011422205583322043,1.3780210757953038e-7,1,0,0.006762367427217913,2,1,0.011422205583322043,1,0.011422205583322043,1,0.011422205583322043
BTC,2020-04-28,24,-0.0047079491648638625,1.334435176961663e-7,1,0,0.006623650937733241,2,1,-0.0047079491648638625,1,-0.0047079491648638625,1,-0.0047079491648638625
BTC,2020-04-29,24,0.12402406750047579,1.3098168375574947e-7,1,0,0.006691931993875212,2,1,0.12402406750047579,1,0.12402406750047579,1,0.12402406750047579
BTC,2020-04-30,24,-0.01726686398144201,1.4840465746158736e-7,1,0,0.007376323251845839,2,1,-0.01726686398144201,1,-0.01726686398144201,1,-0.01726686398144201
BTC,2020-05-01,24,0.0223451219339974,1.463864272892364e-7,1,0,0.007287172525514087,2,1,0.0223451219339974,1,0.0223451219339974,1,0.0223451219339974
BTC,2020-05-02,24,0.01780175831051244,1.4063407788332765e-7,1,0,0.006968355032556402,2,1,0.01780175831051244,1,0.01780175831051244,1,0.01780175831051244
BTC,2020-05-03,24,-0.008675970926889114,1.4074766974389763e-7,1,0,0.006932360709889418,2,1,-0.008675970926889114,1,-0.008675970926889114,1,-0.008675970926889114
BTC,2020-05-04,24,-0.002158298480558885,1.3857922308301114e-7,1,0,0.006907796873533068,2,1,-0.002158298480558885,1,-0.002158298480558885,1,-0.002158298480558885
BTC,2020-05-05,24,0.01575363192806269,1.394762301158448e-7,1,0,0.006979963480361307,2,1,0.01575363192806269,1,0.01575363192806269,1,0.01575363192806269
BTC,2020-05-06,24,0.015247499067568848,1.398086852890356e-7,1,0,0.006978683510454317,2,1,0.015247499067568848,1,0.015247499067568848,1,0.015247499067568848
BTC,2020-05-07,24,0.08717319208260399,1.3581455194413137e-7,1,0,0.006976947015642702,2,1,0.08717319208260399,1,0.08717319208260399,1,0.08717319208260399
BTC,2020-05-08,24,-0.019333784115632538,1.3488467497284152e-7,1,0,0.006979506220910596,2,1,-0.019333784115632538,1,-0.019333784115632538,1,-0.019333784115632538
BTC,2020-05-09,24,-0.027889265453884586,1.3435053978646957e-7,1,0,0.006976803155701942,2,1,-0.027889265453884586,1,-0.027889265453884586,1,-0.027889265453884586
BTC,2020-05-10,24,-0.09024425722372907,1.717055625246924e-7,1,0,0.008041894765078895,2,1,-0.09024425722372907,1,-0.09024425722372907,1,-0.09024425722372907
BTC,2020-05-11,24,-0.016856704056699316,1.763919614146085e-7,1,0,0.008358572271177929,2,1,-0.016856704056699316,1,-0.016856704056699316,1,-0.016856704056699316
BTC,2020-05-12,24,0.029080206042053178,1.7573510706862962e-7,1,0,0.00834212563861799,2,1,0.029080206042053178,1,0.029080206042053178,1,0.029080206042053178
BTC,2020-05-13,24,0.05441013829278712,1.730033918450338e-7,1,0,0.008266322470641756,2,1,0.05441013829278712,1,0.05441013829278712,1,0.05441013829278712
BTC,2020-05-14,24,0.049356805755187,1.7283405925242363e-7,1,0,0.008364325921159134,2,1,0.049356805755187,1,0.049356805755187,1,0.049356805755187
BTC,2020-05-15,24,-0.04989359747142391,1.7466358721708818e-7,1,0,0.008476101652984075,2,1,-0.04989359747142391,1,-0.04989359747142391,1,-0.04989359747142391
BTC,2020-05-16,24,0.007904587609189535,1.7435134291409828e-7,1,0,0.00833193565129146,2,1,0.007904587609189535,1,0.007904587609189535,1,0.007904587609189535
BTC,2020-05-17,24,0.030119281828183565,1.760965723090203e-7,1,0,0.008392051235022452,2,1,0.030119281828183565,1,0.030119281828183565,1,0.030119281828183565
BTC,2020-05-18,24,0.005392238157348928,1.75642437745461e-7,1,0,0.0084282169505731,2,1,0.005392238157348928,1,0.005392238157348928,1,0.005392238157348928
BTC,2020-05-19,24,0.005537169485253456,1.74956008443491e-7,1,0,0.008483136399009406,2,1,0.005537169485253456,1,0.005537169485253456,1,0.005537169485253456
BTC,2020-05-20,24,-0.02791351509388966,1.741242584624554e-7,1,0,0.00848463013763181,2,1,-0.02791351509388966,1,-0.02791351509388966,1,-0.02791351509388966
BTC,2020-05-21,24,-0.048783329354039284,1.7531994211579392e-7,1,0,0.008630353732628049,2,1,-0.048783329354039284,1,-0.048783329354039284,1,-0.048783329354039284
BTC,2020-05-22,24,0.012257166672680925,1.7550283238609628e-7,1,0,0.008635056726417562,2,1,0.012257166672680925,1,0.012257166672680925,1,0.012257166672680925
BTC,2020-05-23,24,0.0010464584878743435,1.737848384815419e-7,1,0,0.008476884909680004,2,1,0.0010464584878743435,1,0.0010464584878743435,1,0.0010464584878743435
BTC,2020-05-24,24,-0.0518175341801789,1.8041731313281635e-7,1,0,0.00862826746358171,2,1,-0.0518175341801789,1,-0.0518175341801789,1,-0.0518175341801789
BTC,2020-05-25,24,0.020780617425797638,1.8161547260481048e-7,1,0,0.008662896512799466,2,1,0.020780617425797638,1,0.020780617425797638,1,0.020780617425797638
BTC,2020-05-26,24,-0.006358604948150019,1.809307823660217e-7,1,0,0.008656981327961714,2,1,-0.006358604948150019,1,-0.006358604948150019,1,-0.006358604948150019
BTC,2020-05-27,24,0.04123404755201739,1.8291709387702137e-7,1,0,0.008711302264246849,2,1,0.04123404755201739,1,0.04123404755201739,1,0.04123404755201739
BTC,2020-05-28,24,0.03874514786776487,1.8241996146660854e-7,1,0,0.00875565202491115,2,1,0.03874514786776487,1,0.03874514786776487,1,0.03874514786776487
BTC,2020-05-29,24,-0.016092627938813987,1.8373422063581409e-7,1,0,0.00857447348977786,2,1,-0.016092627938813987,1,-0.016092627938813987,1,-0.016092627938813987
BTC,2020-05-30,24,0.02861581186179346,1.7165964684423356e-7,1,0,0.008011280669550164,2,1,0.02861581186179346,1,0.02861581186179346,1,0.02861581186179346
BTC,2020-05-31,24,-0.026241973821177197,1.7093096162888075e-7,1,0,0.007921691869107165,2,1,-0.026241973821177197,1,-0.026241973821177197,1,-0.026241973821177197
BTC,2020-06-01,24,0.0772558073909757,1.7622819795352358e-7,1,0,0.008105760479573142,2,1,0.0772558073909757,1,0.0772558073909757,1,0.0772558073909757
BTC,2020-06-02,24,-0.06903346388400096,1.8050219988197535e-7,1,0,0.008303463785238262,2,1,-0.06903346388400096,1,-0.06903346388400096,1,-0.06903346388400096
BTC,2020-06-03,24,0.01445607393937571,1.7969869815240753e-7,1,0,0.008226654055580662,2,1,0.01445607393937571,1,0.01445607393937571,1,0.01445607393937571
BTC,2020-06-04,24,0.013086460561764681,1.787216580913597e-7,1,0,0.008195129492887239,2,1,0.013086460561764681,1,0.013086460561764681,1,0.013086460561764681
BTC,2020-06-05,24,-0.017899298529709,1.7964892904325938e-7,1,0,0.008121046078840543,2,1,-0.017899298529709,1,-0.017899298529709,1,-0.017899298529709
BTC,2020-06-06,24,0.0056299624593936955,1.8590183981342916e-7,1,0,0.008014876257062077,2,1,0.0056299624593936955,1,0.0056299624593936955,1,0.0056299624593936955
BTC,2020-06-07,24,0.00882160360362821,1.8904063230481594e-7,1,0,0.008006964752411411,2,1,0.00882160360362821,1,0.00882160360362821,1,0.00882160360362821
BTC,2020-06-08,24,0.0023747874364850935,1.9005850807299257e-7,1,0,0.007955283751197207,2,1,0.0023747874364850935,1,0.0023747874364850935,1,0.0023747874364850935
BTC,2020-06-09,24,-2.9654019615092913e-4,1.4653523449300643e-7,1,0,0.006757740422285994,2,1,-2.9654019615092913e-4,1,-2.9654019615092913e-4,1,-2.9654019615092913e-4
BTC,2020-06-10,24,0.011631821401712646,1.3621034871287436e-7,1,0,0.00633198296371495,1,1,0.011631821401712646,1,0.011631821401712646,1,0.011631821401712646
BTC,2020-06-11,24,-0.06543658308329306,1.44106596025917e-7,1,0,0.006587700203798592,2,1,-0.06543658308329306,1,-0.06543658308329306,1,-0.06543658308329306
BTC,2020-06-12,24,0.02074218058891417,1.4619573677535923e-7,1,0,0.006562683596143503,2,1,0.02074218058891417,1,0.02074218058891417,1,0.02074218058891417
BTC,2020-06-13,24,0.0011621151801770868,1.4638114265216143e-7,1,0,0.0063934211180382925,1,1,0.0011621151801770868,1,0.0011621151801770868,1,0.0011621151801770868
BTC,2020-06-14,24,-0.014956611849261552,1.4389891501708954e-7,1,0,0.0062051079047659,1,1,-0.014956611849261552,1,-0.014956611849261552,1,-0.014956611849261552
BTC,2020-06-15,24,0.010119676671526993,1.4283282033256112e-7,1,0,0.006260501484129371,1,1,0.010119676671526993,1,0.010119676671526993,1,0.010119676671526993
BTC,2020-06-16,24,0.010889744520063936,1.4062661448014813e-7,1,0,0.006189364774098114,1,1,0.010889744520063936,1,0.010889744520063936,1,0.010889744520063936
BTC,2020-06-17,24,-0.007944577546720469,1.3976087673232833e-7,1,0,0.006128751698885907,1,1,-0.007944577546720469,1,-0.007944577546720469,1,-0.007944577546720469
BTC,2020-06-18,24,-0.007603065094281351,1.3758978594137854e-7,1,0,0.006005370238481396,1,1,-0.007603065094281351,1,-0.007603065094281351,1,-0.007603065094281351
BTC,2020-06-19,24,-0.008499483824907941,1.3231962016396917e-7,1,0,0.005819825922771028,1,1,-0.008499483824907941,1,-0.008499483824907941,1,-0.008499483824907941
BTC,2020-06-20,24,0.005734913374218653,1.2916926533981545e-7,1,0,0.005580343194013757,1,1,0.005734913374218653,1,0.005734913374218653,1,0.005734913374218653
BTC,2020-06-21,24,-0.0076072103896236,1.2995212269067052e-7,1,0,0.005533435904688132,1,1,-0.0076072103896236,1,-0.0076072103896236,1,-0.0076072103896236
BTC,2020-06-22,24,0.04313925331820631,1.2828155349599867e-7,1,0,0.005530292205538358,1,1,0.04313925331820631,1,0.04313925331820631,1,0.04313925331820631
BTC,2020-06-23,24,-0.007423816082804907,1.1905623518883846e-7,1,0,0.005278172212316907,1,1,-0.007423816082804907,1,-0.007423816082804907,1,-0.007423816082804907
BTC,2020-06-24,24,-0.036006280521394964,1.196292212640991e-7,1,0,0.00528957241296969,1,1,-0.036006280521394964,1,-0.036006280521394964,1,-0.036006280521394964
BTC,2020-06-25,24,-0.005238865915193632,1.2096848192413145e-7,1,0,0.005334990318940149,1,1,-0.005238865915193632,1,-0.005238865915193632,1,-0.005238865915193632
BTC,2020-06-26,24,-0.009051509268592911,1.1893863424885217e-7,1,0,0.005265998345074799,1,1,-0.009051509268592911,1,-0.009051509268592911,1,-0.009051509268592911
BTC,2020-06-27,24,-0.01633989076445657,1.2089784775904926e-7,1,0,0.005247821718040718,1,1,-0.01633989076445657,1,-0.01633989076445657,1,-0.01633989076445657
BTC,2020-06-28,24,0.012332001036829895,1.2292668572452334e-7,1,0,0.005235882657319188,1,1,0.012332001036829895,1,0.012332001036829895,1,0.012332001036829895
BTC,2020-06-29,24,0.0076296196788817345,1.1874665533693384e-7,1,0,0.005131574013011831,1,1,0.0076296196788817345,1,0.0076296196788817345,1,0.0076296196788817345
BTC,2020-06-30,24,-0.005415628989553968,1.1879201274864812e-7,1,0,0.00511713977569983,1,1,-0.005415628989553968,1,-0.005415628989553968,1,-0.005415628989553968
BTC,2020-07-01,24,0.010953703736930772,1.0813126120166183e-7,1,0,0.004783619630584077,1,1,0.010953703736930772,1,0.010953703736930772,1,0.010953703736930772
BTC,2020-07-02,24,-0.016211702996616995,9.470810233197089e-8,1,0,0.004321138826085203,1,1,-0.016211702996616995,1,-0.016211702996616995,1,-0.016211702996616995
BTC,2020-07-03,24,-0.003086422203189522,9.588292257329276e-8,1,0,0.0043058465945556,1,1,-0.003086422203189522,1,-0.003086422203189522,1,-0.003086422203189522
BTC,2020-07-04,24,0.008847913078337577,9.613700082478842e-8,1,0,0.004228783311309284,1,1,0.008847913078337577,1,0.008847913078337577,1,0.008847913078337577
BTC,2020-07-05,24,-0.006003650944136373,9.68236939851004e-8,1,0,0.004193074654883344,1,1,-0.006003650944136373,1,-0.006003650944136373,1,-0.006003650944136373
BTC,2020-07-06,24,0.028691204130311208,9.611562796510143e-8,1,0,0.00421002034917569,1,1,0.028691204130311208,1,0.028691204130311208,1,0.028691204130311208
BTC,2020-07-07,24,-0.009825395898830358,9.104868655947929e-8,1,0,0.004077747985718432,1,1,-0.009825395898830358,1,-0.009825395898830358,1,-0.009825395898830358
BTC,2020-07-08,24,0.019608157821936697,9.171921641431875e-8,1,0,0.004104183811348651,1,1,0.019608157821936697,1,0.019608157821936697,1,0.019608157821936697
BTC,2020-07-09,24,-0.021403042880652607,9.412459971056571e-8,1,0,0.004124059394258441,1,1,-0.021403042880652607,1,-0.021403042880652607,1,-0.021403042880652607
BTC,2020-07-10,24,0.004944359156742401,9.678732710687522e-8,1,0,0.004130685665495665,1,1,0.004944359156742401,1,0.004944359156742401,1,0.004944359156742401
BTC,2020-07-11,24,-0.0055505903659035394,7.813772471787896e-8,1,0,0.0035452191918879123,1,1,-0.0055505903659035394,1,-0.0055505903659035394,1,-0.0055505903659035394
BTC,2020-07-12,24,0.007057100927383714,7.57435304911629e-8,1,0,0.0034438632644407927,1,1,0.007057100927383714,1,0.007057100927383714,1,0.007057100927383714
BTC,2020-07-13,24,-0.006883854505571953,7.532033786694712e-8,1,0,0.003448527916387163,1,1,-0.006883854505571953,1,-0.006883854505571953,1,-0.006883854505571953
BTC,2020-07-14,24,0.0017308154295985637,7.405369031800608e-8,1,0,0.0034254982656152714,1,1,0.0017308154295985637,1,0.0017308154295985637,1,0.0017308154295985637
BTC,2020-07-15,24,-0.006201503026952635,6.966220855268892e-8,1,0,0.0032261046406533104,1,1,-0.006201503026952635,1,-0.006201503026952635,1,-0.006201503026952635
BTC,2020-07-16,24,-0.006995592185041834,6.737525714103132e-8,1,0,0.003148214024173514,1,1,-0.006995592185041834,1,-0.006995592185041834,1,-0.006995592185041834
BTC,2020-07-17,24,0.002330021674275786,6.659970783656702e-8,1,0,0.00308206460856478,1,1,0.002330021674275786,1,0.002330021674275786,1,0.002330021674275786
BTC,2020-07-18,24,0.002390008940665292,6.744463629454799e-8,1,0,0.0030620480425977066,1,1,0.002390008940665292,1,0.002390008940665292,1,0.002390008940665292
BTC,2020-07-19,24,0.0043072103483595865,6.818066237900326e-8,1,0,0.0030298676522292787,1,1,0.0043072103483595865,1,0.0043072103483595865,1,0.0043072103483595865
BTC,2020-07-20,24,-0.005517870851467913,6.766253147489844e-8,1,0,0.0030168848350027506,1,1,-0.005517870851467913,1,-0.005517870851467913,1,-0.005517870851467913
BTC,2020-07-21,24,0.02487626014533152,6.894318811145145e-8,1,0,0.0030767452964726573,1,1,0.02487626014533152,1,0.02487626014533152,1,0.02487626014533152
BTC,2020-07-22,24,0.014384328303215652,6.962389385453399e-8,1,0,0.003058922964067733,1,1,0.014384328303215652,1,0.014384328303215652,1,0.014384328303215652
BTC,2020-07-23,24,0.008578093442599369,6.922664807314917e-8,1,0,0.0030637298091486425,1,1,0.008578093442599369,1,0.008578093442599369,1,0.008578093442599369
BTC,2020-07-24,24,-0.006094271063631447,6.525261690693548e-8,1,0,0.0029347434671880405,1,1,-0.006094271063631447,1,-0.006094271063631447,1,-0.006094271063631447
BTC,2020-07-25,24,0.016258832602868978,6.077518401927644e-8,1,0,0.0027745728422811857,1,1,0.016258832602868978,1,0.016258832602868978,1,0.016258832602868978
BTC,2020-07-26,24,0.02334989899662187,6.234908507270101e-8,1,0,0.002809169933273365,1,1,0.02334989899662187,1,0.02334989899662187,1,0.02334989899662187
BTC,2020-07-27,24,0.1055506460788137,8.540856897981127e-8,1,0,0.003498825200115298,1,1,0.1055506460788137,1,0.1055506460788137,1,0.1055506460788137
BTC,2020-07-28,24,-0.010200224016087719,9.765469957780218e-8,1,0,0.0038472272491147626,1,1,-0.010200224016087719,1,-0.010200224016087719,1,-0.010200224016087719
BTC,2020-07-29,24,0.01580637385106816,1.0196625899230178e-7,1,0,0.003968758007866409,1,1,0.01580637385106816,1,0.01580637385106816,1,0.01580637385106816
BTC,2020-07-30,24,5.93979228190899e-4,1.0267796680214416e-7,1,0,0.004024877135563109,1,1,5.93979228190899e-4,1,5.93979228190899e-4,1,5.93979228190899e-4
BTC,2020-07-31,24,0.021486296738724445,1.0538513322378712e-7,1,0,0.004110932327160106,1,1,0.021486296738724445,1,0.021486296738724445,1,0.021486296738724445
BTC,2020-08-01,24,0.039174312482123025,1.0718524924612631e-7,1,0,0.004188558697901362,1,1,0.039174312482123025,1,0.039174312482123025,1,0.039174312482123025
BTC,2020-08-02,24,-0.0649614196586759,1.4942933383618497e-7,1,0,0.005099505778862531,1,1,-0.0649614196586759,1,-0.0649614196586759,1,-0.0649614196586759
BTC,2020-08-03,24,0.015261858972285543,1.4912192771558275e-7,1,0,0.005159095168535453,1,1,0.015261858972285543,1,0.015261858972285543,1,0.015261858972285543
BTC,2020-08-04,24,-0.0035480629872057753,1.5014464137940762e-7,1,0,0.005206466096749231,1,1,-0.0035480629872057753,1,-0.0035480629872057753,1,-0.0035480629872057753
BTC,2020-08-05,24,0.04782221800100972,1.5178193008061547e-7,1,0,0.0052452416234978995,1,1,0.04782221800100972,1,0.04782221800100972,1,0.04782221800100972
BTC,2020-08-06,24,0.002168598702539895,1.5331753582402537e-7,1,0,0.005288455240612702,1,1,0.002168598702539895,1,0.002168598702539895,1,0.002168598702539895
BTC,2020-08-07,24,-0.014374579062191672,1.5187790272021355e-7,1,0,0.00528272130541834,1,1,-0.014374579062191672,1,-0.014374579062191672,1,-0.014374579062191672
BTC,2020-08-08,24,0.014077206558460264,1.5406238009755082e-7,1,0,0.0052891478538862925,1,1,0.014077206558460264,1,0.014077206558460264,1,0.014077206558460264
BTC,2020-08-09,24,-0.006864088684331497,1.5613866896879537e-7,1,0,0.00530323214798786,1,1,-0.006864088684331497,1,-0.006864088684331497,1,-0.006864088684331497
BTC,2020-08-10,24,0.017909255837672004,1.573453755647134e-7,1,0,0.005438189617174658,1,1,0.017909255837672004,1,0.017909255837672004,1,0.017909255837672004
BTC,2020-08-11,24,-0.04354413039927338,1.5633253795548328e-7,1,0,0.0055314071714870515,1,1,-0.04354413039927338,1,-0.04354413039927338,1,-0.04354413039927338
BTC,2020-08-12,24,0.01610079930803839,1.5852747530918918e-7,1,0,0.005593727176216096,1,1,0.01610079930803839,1,0.01610079930803839,1,0.01610079930803839
BTC,2020-08-13,24,0.018655980248485502,1.5978511486568375e-7,1,0,0.0056397555452879404,1,1,0.018655980248485502,1,0.018655980248485502,1,0.018655980248485502
BTC,2020-08-14,24,-0.0018670021377541718,1.6012376069110923e-7,1,0,0.0056505100586686716,1,1,-0.0018670021377541718,1,-0.0018670021377541718,1,-0.0018670021377541718
BTC,2020-08-15,24,0.00725324686912651,1.6243952440101926e-7,1,0,0.005676684863794833,1,1,0.00725324686912651,1,0.00725324686912651,1,0.00725324686912651
BTC,2020-08-16,24,0.004921124879400322,1.6384857322720265e-7,1,0,0.005696940182865459,1,1,0.004921124879400322,1,0.004921124879400322,1,0.004921124879400322
BTC,2020-08-17,24,0.03178829498967154,1.6378808472484574e-7,1,0,0.005811903970381873,1,1,0.03178829498967154,1,0.03178829498967154,1,0.03178829498967154
BTC,2020-08-18,24,-0.02842058327272978,1.6344892713298176e-7,1,0,0.005897058908144317,1,1,-0.02842058327272978,1,-0.02842058327272978,1,-0.02842058327272978
BTC,2020-08-19,24,-0.016834051345987408,1.6181205578107982e-7,1,0,0.0059418867213957205,1,1,-0.016834051345987408,1,-0.016834051345987408,1,-0.016834051345987408
BTC,2020-08-20,24,0.009076347127904531,1.6185587873685508e-7,1,0,0.005928465140448624,1,1,0.009076347127904531,1,0.009076347127904531,1,0.009076347127904531
BTC,2020-08-21,24,-0.029240173913144787,1.6131973541864363e-7,1,0,0.005934828322466176,1,1,-0.029240173913144787,1,-0.029240173913144787,1,-0.029240173913144787
BTC,2020-08-22,24,0.012933779199946654,1.636339402219577e-7,1,0,0.005944610695653808,1,1,0.012933779199946654,1,0.012933779199946654,1,0.012933779199946654
BTC,2020-08-23,24,-0.0017234509288391905,1.6535406104536777e-7,1,0,0.005934543621117756,1,1,-0.0017234509288391905,1,-0.0017234509288391905,1,-0.0017234509288391905
BTC,2020-08-24,24,0.009582691382496787,1.6552600290490957e-7,1,0,0.005931586301477363,1,1,0.009582691382496787,1,0.009582691382496787,1,0.009582691382496787
BTC,2020-08-25,24,-0.03765794741990595,1.653205809481688e-7,1,0,0.005924733372680054,1,1,-0.03765794741990595,1,-0.03765794741990595,1,-0.03765794741990595
BTC,2020-08-26,24,0.012237263172130686,1.5605545603915848e-7,1,0,0.005494781313393191,1,1,0.012237263172130686,1,0.012237263172130686,1,0.012237263172130686
BTC,2020-08-27,24,-0.0124226289832618,1.4809572741028367e-7,1,0,0.005279632538522527,1,1,-0.0124226289832618,1,-0.0124226289832618,1,-0.0124226289832618
BTC,2020-08-28,24,0.017909098330219766,1.4686947037271242e-7,1,0,0.005187988519930815,1,1,0.017909098330219766,1,0.017909098330219766,1,0.017909098330219766
BTC,2020-08-29,24,-0.004493022527940531,1.4856671121538652e-7,1,0,0.005146786371340649,1,1,-0.004493022527940531,1,-0.004493022527940531,1,-0.004493022527940531
BTC,2020-08-30,24,0.020023088542640878,1.5011757540429996e-7,1,0,0.0050916300595051705,1,1,0.020023088542640878,1,0.020023088542640878,1,0.020023088542640878
BTC,2020-08-31,24,-0.004809594209306401,1.4910923169945377e-7,1,0,0.004982389758649557,1,1,-0.004809594209306401,1,-0.004809594209306401,1,-0.004809594209306401
BTC,2020-09-01,24,0.022889689415425157,1.0663545547075578e-7,1,0,0.004123388507404089,1,1,0.022889689415425157,1,0.022889689415425157,1,0.022889689415425157
BTC,2020-09-02,24,-0.045446580183553534,1.0753550470759406e-7,1,0,0.004163088315688779,1,1,-0.045446580183553534,1,-0.045446580183553534,1,-0.045446580183553534
BTC,2020-09-03,24,-0.11290655433942913,1.3576346026033915e-7,1,0,0.00481970180733259,1,1,-0.11290655433942913,1,-0.11290655433942913,1,-0.11290655433942913
BTC,2020-09-04,24,0.027467733427664204,1.3571064622718043e-7,1,0,0.004858898432685087,1,1,0.027467733427664204,1,0.027467733427664204,1,0.027467733427664204
BTC,2020-09-05,24,-0.029227613541511537,1.5103715375243028e-7,1,0,0.005172889904028964,1,1,-0.029227613541511537,1,-0.029227613541511537,1,-0.029227613541511537
BTC,2020-09-06,24,0.008905144740351496,1.5864054823842442e-7,1,0,0.005243654426439371,1,1,0.008905144740351496,1,0.008905144740351496,1,0.008905144740351496
BTC,2020-09-07,24,0.012050265783049905,1.6307298836655783e-7,1,0,0.005355692356516427,1,1,0.012050265783049905,1,0.012050265783049905,1,0.012050265783049905
BTC,2020-09-08,24,-0.024790667005350354,1.6372958667840735e-7,1,0,0.005448753188743456,1,1,-0.024790667005350354,1,-0.024790667005350354,1,-0.024790667005350354
BTC,2020-09-09,24,0.010455556359292,1.630408343210125e-7,1,0,0.005361745035416588,1,1,0.010455556359292,1,0.010455556359292,1,0.010455556359292
BTC,2020-09-10,24,0.011700927480114325,1.6582761575839717e-7,1,0,0.005331179200719085,1,1,0.011700927480114325,1,0.011700927480114325,1,0.011700927480114325
BTC,2020-09-11,24,0.004636532744259594,1.6428240715163526e-7,1,0,0.00527681153984373,1,1,0.004636532744259594,1,0.004636532744259594,1,0.004636532744259594
BTC,2020-09-12,24,0.004730001095222704,1.6468296666041756e-7,1,0,0.005234775781877113,1,1,0.004730001095222704,1,0.004730001095222704,1,0.004730001095222704
BTC,2020-09-13,24,-0.011484697149625321,1.6821737256771055e-7,1,0,0.005265798318729228,1,1,-0.011484697149625321,1,-0.011484697149625321,1,-0.011484697149625321
BTC,2020-09-14,24,0.03301717319900485,1.6758020267880875e-7,1,0,0.00527736907596521,1,1,0.03301717319900485,1,0.03301717319900485,1,0.03301717319900485
BTC,2020-09-15,24,0.010279632554319794,1.6780615582501437e-7,1,0,0.005331986487302828,1,1,0.010279632554319794,1,0.010279632554319794,1,0.010279632554319794
BTC,2020-09-16,24,0.015265083894453775,1.6689290320610927e-7,1,0,0.0052567950254166764,1,1,0.015265083894453775,1,0.015265083894453775,1,0.015265083894453775
BTC,2020-09-17,24,-5.754502143184197e-4,1.6673952870701748e-7,1,0,0.005195258053029025,1,1,-5.754502143184197e-4,1,-5.754502143184197e-4,1,-5.754502143184197e-4
BTC,2020-09-18,24,-9.232387136274683e-4,1.700479878703627e-7,1,0,0.005165082835589958,1,1,-9.232387136274683e-4,1,-9.232387136274683e-4,1,-9.232387136274683e-4
BTC,2020-09-19,24,0.013263637308729197,1.732026558239372e-7,1,0,0.005179306607604636,1,1,0.013263637308729197,1,0.013263637308729197,1,0.013263637308729197
BTC,2020-09-20,24,-0.01474625797458324,1.7560915530721882e-7,1,0,0.005175302170895475,1,1,-0.01474625797458324,1,-0.01474625797458324,1,-0.01474625797458324
BTC,2020-09-21,24,-0.04721152353134976,1.7418276158003021e-7,1,0,0.005239147021559378,1,1,-0.04721152353134976,1,-0.04721152353134976,1,-0.04721152353134976
BTC,2020-09-22,24,0.011218640158099211,1.7185642141472463e-7,1,0,0.005249026899969934,1,1,0.011218640158099211,1,0.011218640158099211,1,0.011218640158099211
BTC,2020-09-23,24,-0.0290727110510064,1.7013090662552486e-7,1,0,0.0052722905197124794,1,1,-0.0290727110510064,1,-0.0290727110510064,1,-0.0290727110510064
BTC,2020-09-24,24,0.048600707061232734,1.720620452479491e-7,1,0,0.005291539952250755,1,1,0.048600707061232734,1,0.048600707061232734,1,0.048600707061232734
BTC,2020-09-25,24,-0.004208018226976893,1.6983500680742546e-7,1,0,0.005281897993341958,1,1,-0.004208018226976893,1,-0.004208018226976893,1,-0.004208018226976893
BTC,2020-09-26,24,0.003565365633084344,1.7215422206574014e-7,1,0,0.005244245010399213,1,1,0.003565365633084344,1,0.003565365633084344,1,0.003565365633084344
BTC,2020-09-27,24,0.003979660658854103,1.7413287814110878e-7,1,0,0.005248839915258178,1,1,0.003979660658854103,1,0.003979660658854103,1,0.003979660658854103
BTC,2020-09-28,24,-0.007638531425438005,1.7344827333974845e-7,1,0,0.0052839988702615805,1,1,-0.007638531425438005,1,-0.007638531425438005,1,-0.007638531425438005
BTC,2020-09-29,24,0.013753739928258842,1.712148194218266e-7,1,0,0.00528117744551644,1,1,0.013753739928258842,1,0.013753739928258842,1,0.013753739928258842
BTC,2020-09-30,24,-0.00622657224475764,1.7115395746450935e-7,1,0,0.005280474526368922,1,1,-0.00622657224475764,1,-0.00622657224475764,1,-0.00622657224475764
BTC,2020-10-01,24,-0.014847638474962212,1.7209039501688717e-7,1,0,0.0053180724356673955,1,1,-0.014847638474962212,1,-0.014847638474962212,1,-0.014847638474962212
BTC,2020-10-02,24,-0.0038979045053770013,1.7270199108554752e-7,1,0,0.005279802996235326,1,1,-0.0038979045053770013,1,-0.0038979045053770013,1,-0.0038979045053770013
BTC,2020-10-03,24,-0.002063632534993556,1.440489135995887e-7,1,0,0.004621523318937712,1,1,-0.002063632534993556,1,-0.002063632534993556,1,-0.002063632534993556
BTC,2020-10-04,24,0.011625518367631886,1.4464991507602525e-7,1,0,0.004497843301272785,1,1,0.011625518367631886,1,0.011625518367631886,1,0.011625518367631886
BTC,2020-10-05,24,0.011417839194037393,1.24562307250524e-7,1,0,0.004080568225742909,1,1,0.011417839194037393,1,0.011417839194037393,1,0.011417839194037393
BTC,2020-10-06,24,-0.01809023188776523,1.1738456850740149e-7,1,0,0.003978716467123676,1,1,-0.01809023188776523,1,-0.01809023188776523,1,-0.01809023188776523
BTC,2020-10-07,24,0.006063387835658466,1.0721771827400694e-7,1,0,0.003765267459682983,1,1,0.006063387835658466,1,0.006063387835658466,1,0.006063387835658466
BTC,2020-10-08,24,0.024459653016262656,1.0294690236236627e-7,1,0,0.003664153475102217,1,1,0.024459653016262656,1,0.024459653016262656,1,0.024459653016262656
BTC,2020-10-09,24,0.011466732898551735,1.0043182374651216e-7,1,0,0.003620419251908438,1,1,0.011466732898551735,1,0.011466732898551735,1,0.011466732898551735
BTC,2020-10-10,24,0.021582381158175592,1.0276827209822757e-7,1,0,0.0036670974413318957,1,1,0.021582381158175592,1,0.021582381158175592,1,0.021582381158175592
BTC,2020-10-11,24,0.006623154014569797,1.0266640279887287e-7,1,0,0.0036555094129039636,1,1,0.006623154014569797,1,0.006623154014569797,1,0.006623154014569797
BTC,2020-10-12,24,0.013896629074328891,1.0518092592530974e-7,1,0,0.003755158724386606,1,1,0.013896629074328891,1,0.013896629074328891,1,0.013896629074328891
BTC,2020-10-13,24,-0.009336257744961184,1.0224941969086752e-7,1,0,0.0037222873988756256,1,1,-0.009336257744961184,1,-0.009336257744961184,1,-0.009336257744961184
BTC,2020-10-14,24,3.9367151682649084e-4,1.0366910679721357e-7,1,0,0.003722330215103232,1,1,3.9367151682649084e-4,1,3.9367151682649084e-4,1,3.9367151682649084e-4
BTC,2020-10-15,24,0.005921330978174134,1.0023434732075405e-7,1,0,0.0036416469133705993,1,1,0.005921330978174134,1,0.005921330978174134,1,0.005921330978174134
BTC,2020-10-16,24,-0.015253560393803618,1.0263639520880038e-7,1,0,0.00367600188425962,1,1,-0.015253560393803618,1,-0.015253560393803618,1,-0.015253560393803618
BTC,2020-10-17,24,0.0032612365181737997,1.0280887000326236e-7,1,0,0.0036355180444486417,1,1,0.0032612365181737997,1,0.0032612365181737997,1,0.0032612365181737997
BTC,2020-10-18,24,0.012678984861588187,1.0292076308409524e-7,1,0,0.00361202700728384,1,1,0.012678984861588187,1,0.012678984861588187,1,0.012678984861588187
BTC,2020-10-19,24,0.021328158789201225,1.0105308506554002e-7,1,0,0.003628508540153137,1,1,0.021328158789201225,1,0.021328158789201225,1,0.021328158789201225
BTC,2020-10-20,24,0.014221771303186971,9.827448803339141e-8,1,0,0.0036351001502640755,1,1,0.014221771303186971,1,0.014221771303186971,1,0.014221771303186971
BTC,2020-10-21,24,0.0717897013386484,1.1047674747473454e-7,1,0,0.003953852498472986,1,1,0.0717897013386484,1,0.0717897013386484,1,0.0717897013386484
BTC,2020-10-22,24,0.013265251442007114,1.1202517438224125e-7,1,0,0.004023447973647765,1,1,0.013265251442007114,1,0.013265251442007114,1,0.013265251442007114
BTC,2020-10-23,24,-0.003479525635630404,1.1339093818218162e-7,1,0,0.004039924875692278,1,1,-0.003479525635630404,1,-0.003479525635630404,1,-0.003479525635630404
BTC,2020-10-24,23,0.014722224947836048,1.1148316323331716e-7,1,0,0.003953244949390375,1,1,0.014722224947836048,1,0.014722224947836048,1,0.014722224947836048
BTC,2020-10-25,24,-0.007008026358365916,1.188182266919051e-7,1,0,0.004073861480722114,1,1,-0.007008026358365916,1,-0.007008026358365916,1,-0.007008026358365916
BTC,2020-10-26,24,0.003124141105767077,1.1894187723976145e-7,1,0,0.004139363793250032,1,1,0.003124141105767077,1,0.003124141105767077,1,0.003124141105767077
BTC,2020-10-27,24,0.042625871143240596,1.1597005971977279e-7,1,0,0.004205564485691413,1,1,0.042625871143240596,1,0.042625871143240596,1,0.042625871143240596
BTC,2020-10-28,24,-0.026735967427260383,1.1737641830039834e-7,1,0,0.00433008173277068,1,1,-0.026735967427260383,1,-0.026735967427260383,1,-0.026735967427260383
BTC,2020-10-29,24,0.012978359989464505,1.181569817717756e-7,1,0,0.004391356589119383,1,1,0.012978359989464505,1,0.012978359989464505,1,0.012978359989464505
BTC,2020-10-30,24,0.007687763768673392,1.1986114510426958e-7,1,0,0.004494940995879997,1,1,0.007687763768673392,1,0.007687763768673392,1,0.007687763768673392
BTC,2020-10-31,24,0.017687421627815548,1.1892371464502346e-7,1,0,0.004481175839343845,1,1,0.017687421627815548,1,0.017687421627815548,1,0.017687421627815548
BTC,2020-11-01,24,-0.0033802930821892462,1.183003878415072e-7,1,0,0.004440033544403712,1,1,-0.0033802930821892462,1,-0.0033802930821892462,1,-0.0033802930821892462
BTC,2020-11-02,24,-0.014395582372786781,1.2213688027126933e-7,1,0,0.004586602614657869,1,1,-0.014395582372786781,1,-0.014395582372786781,1,-0.014395582372786781
BTC,2020-11-03,24,0.03306134170651509,1.2377853932198386e-7,1,0,0.004687622316281568,1,1,0.03306134170651509,1,0.03306134170651509,1,0.03306134170651509
BTC,2020-11-04,24,0.010040850578374165,1.2556742911666364e-7,1,0,0.004818262147284189,1,1,0.010040850578374165,1,0.010040850578374165,1,0.010040850578374165
BTC,2020-11-05,24,0.0972832468377509,1.251408128250145e-7,1,0,0.004996406257949795,1,1,0.0972832468377509,1,0.0972832468377509,1,0.0972832468377509
BTC,2020-11-06,24,-7.177279094122014e-4,1.301093833824712e-7,1,0,0.005224962246641941,1,1,-7.177279094122014e-4,1,-7.177279094122014e-4,1,-7.177279094122014e-4
BTC,2020-11-07,24,-0.05007535040403143,1.3409162813246355e-7,1,0,0.005364860826212388,1,1,-0.05007535040403143,1,-0.05007535040403143,1,-0.05007535040403143
BTC,2020-11-08,24,0.04241104760382721,1.3730702900465656e-7,1,0,0.005450139014961686,1,1,0.04241104760382721,1,0.04241104760382721,1,0.04241104760382721
BTC,2020-11-09,24,-0.010206886651471191,1.3965645715746573e-7,1,0,0.0055665546843430514,1,1,-0.010206886651471191,1,-0.010206886651471191,1,-0.010206886651471191
BTC,2020-11-10,24,-4.047050277825332e-4,1.3953896631773005e-7,1,0,0.005583775853595166,1,1,-4.047050277825332e-4,1,-4.047050277825332e-4,1,-4.047050277825332e-4
BTC,2020-11-11,24,0.025270962592925324,1.378165650406998e-7,1,0,0.005579893339550422,1,1,0.025270962592925324,1,0.025270962592925324,1,0.025270962592925324
BTC,2020-11-12,24,0.03742882195954849,1.3857491375426512e-7,1,0,0.005693799243632962,1,1,0.03742882195954849,1,0.03742882195954849,1,0.03742882195954849
BTC,2020-11-13,24,0.002180625159680363,1.3596280041613328e-7,1,0,0.005693562540942739,1,1,0.002180625159680363,1,0.002180625159680363,1,0.002180625159680363
BTC,2020-11-14,24,-0.016241663484980313,1.3724867848878638e-7,1,0,0.005727360625859632,1,1,-0.016241663484980313,1,-0.016241663484980313,1,-0.016241663484980313
BTC,2020-11-15,24,-0.0073527907224917935,1.3646069888159622e-7,1,0,0.005683702188118872,1,1,-0.0073527907224917935,1,-0.0073527907224917935,1,-0.0073527907224917935
BTC,2020-11-16,24,0.046441703051743236,1.346935180312472e-7,1,0,0.00573611256999513,1,1,0.046441703051743236,1,0.046441703051743236,1,0.046441703051743236
BTC,2020-11-17,24,0.05603411860834689,1.345759505365599e-7,1,0,0.005881134212340814,1,1,0.05603411860834689,1,0.05603411860834689,1,0.05603411860834689
BTC,2020-11-18,24,0.006492943723485535,1.4401201630113727e-7,1,0,0.006237939180263179,2,1,0.006492943723485535,1,0.006492943723485535,1,0.006492943723485535
BTC,2020-11-19,24,0.0015830160316244405,1.4595653590736477e-7,1,0,0.0063054225196934694,2,1,0.0015830160316244405,1,0.0015830160316244405,1,0.0015830160316244405
BTC,2020-11-20,24,0.046682666051833105,1.4551773071902532e-7,1,0,0.006235529517665756,2,1,0.046682666051833105,1,0.046682666051833105,1,0.046682666051833105
BTC,2020-11-21,24,0.001524516929883507,1.4087618466283444e-7,1,0,0.006115120483132475,1,1,0.001524516929883507,1,0.001524516929883507,1,0.001524516929883507
BTC,2020-11-22,24,-0.01391344577519638,1.4414549413723733e-7,1,0,0.00622365818007585,2,1,-0.01391344577519638,1,-0.01391344577519638,1,-0.01391344577519638
BTC,2020-11-23,24,-0.0033878093100437926,1.4519546474896846e-7,1,0,0.006314782011402433,2,1,-0.0033878093100437926,1,-0.0033878093100437926,1,-0.0033878093100437926
BTC,2020-11-24,24,0.04185736258256682,1.420321882840292e-7,1,0,0.006332344100499955,2,1,0.04185736258256682,1,0.04185736258256682,1,0.04185736258256682
BTC,2020-11-25,24,-0.02377068531926566,1.4158365419644028e-7,1,0,0.006357929977253684,2,1,-0.02377068531926566,1,-0.02377068531926566,1,-0.02377068531926566
BTC,2020-11-26,24,-0.0869249550846337,1.6428872672527748e-07,1,0,0.007024758526815585,2,1,-0.0869249550846337,1,-0.0869249550846337,1,-0.0869249550846337
BTC,2020-11-27,24,-0.0011891994126362482,1.7515991615527475e-7,1,0,0.007214747177842045,2,1,-0.0011891994126362482,1,-0.0011891994126362482,1,-0.0011891994126362482
BTC,2020-11-28,24,0.033761747298526726,1.7642268271966903e-7,1,0,0.007232029849441396,2,1,0.033761747298526726,1,0.033761747298526726,1,0.033761747298526726
BTC,2020-11-29,24,0.02568119068368894,1.769591251715227e-7,1,0,0.007222908636906414,2,1,0.02568119068368894,1,0.02568119068368894,1,0.02568119068368894
BTC,2020-11-30,24,0.07992685677604852,1.7466083792971506e-7,1,0,0.007313205691911055,2,1,0.07992685677604852,1,0.07992685677604852,1,0.07992685677604852
BTC,2020-12-01,24,-0.04808283729648229,1.8434531649823816e-7,1,0,0.007689847081737844,2,1,-0.04808283729648229,1,-0.04808283729648229,1,-0.04808283729648229
BTC,2020-12-02,24,0.023597478408848994,1.8296564158476388e-7,1,0,0.007688324554983592,2,1,0.023597478408848994,1,0.023597478408848994,1,0.023597478408848994
BTC,2020-12-03,24,0.011369546014363529,1.825972213901731e-7,1,0,0.007680689425295579,2,1,0.011369546014363529,1,0.011369546014363529,1,0.011369546014363529
BTC,2020-12-04,24,-0.041220933459393407,1.8375370882683843e-7,1,0,0.00767758939846065,2,1,-0.041220933459393407,1,-0.041220933459393407,1,-0.041220933459393407
BTC,2020-12-05,24,0.025766388902752773,1.888156058816731e-7,1,0,0.00758606449474766,2,1,0.025766388902752773,1,0.025766388902752773,1,0.025766388902752773
BTC,2020-12-06,24,0.012447658380517269,1.8925466990123607e-7,1,0,0.007474036162210551,2,1,0.012447658380517269,1,0.012447658380517269,1,0.012447658380517269
BTC,2020-12-07,24,-0.011111945610575626,1.8803842980959237e-7,1,0,0.0073705418648304126,2,1,-0.011111945610575626,1,-0.011111945610575626,1,-0.011111945610575626
BTC,2020-12-08,24,-0.04577442264049756,1.875486929730547e-7,1,0,0.00739416606032309,2,1,-0.04577442264049756,1,-0.04577442264049756,1,-0.04577442264049756
BTC,2020-12-09,24,0.012368271800232216,1.8404917621651254e-7,1,0,0.007328829618734033,2,1,0.012368271800232216,1,0.012368271800232216,1,0.012368271800232216
BTC,2020-12-10,24,-0.016470448968863814,1.8367992912686645e-7,1,0,0.007341902718521882,2,1,-0.016470448968863814,1,-0.016470448968863814,1,-0.016470448968863814
BTC,2020-12-11,24,-0.011798245851055331,1.8533863177520882e-7,1,0,0.007371674116566827,2,1,-0.011798245851055331,1,-0.011798245851055331,1,-0.011798245851055331
BTC,2020-12-12,24,0.04210359534638419,1.8661986669588881e-7,1,0,0.0073097230496638604,2,1,0.04210359534638419,1,0.04210359534638419,1,0.04210359534638419
BTC,2020-12-13,24,0.018814913347898737,1.8760397953119222e-7,1,0,0.007305690807420265,2,1,0.018814913347898737,1,0.018814913347898737,1,0.018814913347898737
BTC,2020-12-14,24,0.006086604372229143,1.877514477052997e-7,1,0,0.007298562593666619,2,1,0.006086604372229143,1,0.006086604372229143,1,0.006086604372229143
BTC,2020-12-15,24,0.00819202531765801,1.8557883710714897e-7,1,0,0.007317336737248384,2,1,0.00819202531765801,1,0.00819202531765801,1,0.00819202531765801
BTC,2020-12-16,24,0.09504966673241433,1.8848923746217694e-7,1,0,0.0074664679150172105,2,1,0.09504966673241433,1,0.09504966673241433,1,0.09504966673241433
BTC,2020-12-17,24,0.06554196548429679,1.9178968410164532e-7,1,0,0.007686517462284245,2,1,0.06554196548429679,1,0.06554196548429679,1,0.06554196548429679
BTC,2020-12-18,24,0.013243093926228787,1.858590371643941e-7,1,0,0.007433215731151107,2,1,0.013243093926228787,1,0.013243093926228787,1,0.013243093926228787
BTC,2020-12-19,24,0.031533185804393564,1.8584986812634702e-7,1,0,0.007422976125495552,2,1,0.031533185804393564,1,0.031533185804393564,1,0.031533185804393564
BTC,2020-12-20,24,-0.016506471639802813,1.9254810970323988e-7,1,0,0.0075379792452697145,2,1,-0.016506471639802813,1,-0.016506471639802813,1,-0.016506471639802813
BTC,2020-12-21,24,-0.03310488293300298,2.070291251354483e-7,1,0,0.007924232938295375,2,1,-0.03310488293300298,1,-0.03310488293300298,1,-0.03310488293300298
BTC,2020-12-22,24,0.047795829028891235,2.0637402278188083e-7,1,0,0.007898457202230718,2,1,0.047795829028891235,1,0.047795829028891235,1,0.047795829028891235
BTC,2020-12-23,24,-0.025567274210730184,2.0955541978241533e-7,1,0,0.008007769847205012,2,1,-0.025567274210730184,1,-0.025567274210730184,1,-0.025567274210730184
BTC,2020-12-24,24,0.02095707145809398,2.1390346493926938e-7,1,0,0.008012234204368843,2,1,0.02095707145809398,1,0.02095707145809398,1,0.02095707145809398
BTC,2020-12-25,24,0.04048701140037285,2.1795159972814305e-7,2,0,0.00807374214842831,2,1,0.04048701140037285,1,0.04048701140037285,1,0.04048701140037285
BTC,2020-12-26,24,0.06817683786709783,2.0015778544179028e-7,1,0,0.007580149094698926,2,1,0.06817683786709783,1,0.06817683786709783,1,0.06817683786709783
BTC,2020-12-27,24,-0.007204078783910472,1.9343142265425868e-7,1,0,0.007599769150636298,2,1,-0.007204078783910472,1,-0.007204078783910472,1,-0.007204078783910472
BTC,2020-12-28,24,0.029209541203248326,1.9344798307998714e-7,1,0,0.007650024012383734,2,1,0.029209541203248326,1,0.029209541203248326,1,0.029209541203248326
BTC,2020-12-29,24,0.012745160640308026,1.915129043286831e-7,1,0,0.00767108607786671,2,1,0.012745160640308026,1,0.012745160640308026,1,0.012745160640308026
BTC,2020-12-30,24,0.053471828622401844,1.9331070436847287e-7,1,0,0.007653563392206077,2,1,0.053471828622401844,1,0.053471828622401844,1,0.053471828622401844
BTC,2020-12-31,24,0.002742091411812468,1.844460724281756e-7,1,0,0.00738677986471122,2,1,0.002742091411812468,1,0.002742091411812468,1,0.002742091411812468
BTC,2021-01-01,24,0.015069315852127327,1.8327943409938322e-7,1,0,0.007347051824889118,2,1,0.015069315852127327,1,0.015069315852127327,1,0.015069315852127327
BTC,2021-01-02,24,0.09221343742335046,2.115543656111147e-7,1,0,0.00816013179613563,2,1,0.09221343742335046,1,0.09221343742335046,1,0.09221343742335046
BTC,2021-01-03,24,0.02583979103708085,2.156841501778622e-7,1,0,0.008353166979161792,2,1,0.02583979103708085,1,0.02583979103708085,1,0.02583979103708085
BTC,2021-01-04,24,-0.031775708215660586,2.2669986122661944e-7,2,0,0.008812990193034772,2,1,-0.031775708215660586,1,-0.031775708215660586,1,-0.031775708215660586
BTC,2021-01-05,24,0.060595253672058945,2.3723162501101742e-7,2,0,0.00916516724291447,2,1,0.060595253672058945,1,0.060595253672058945,1,0.060595253672058945
BTC,2021-01-06,24,0.07974988269672754,2.45016609250465e-7,2,0,0.009481037296930754,2,1,0.07974988269672754,1,0.07974988269672754,1,0.07974988269672754
BTC,2021-01-07,24,0.06844223681913174,2.680640627336296e-7,2,0,0.010099031923121822,2,1,0.06844223681913174,1,0.06844223681913174,1,0.06844223681913174
BTC,2021-01-08,24,0.029387423625562254,2.9026229129028624e-7,2,0,0.010629781133608037,3,1,0.029387423625562254,1,0.029387423625562254,0.7916666666666667,0.00857588922001821
BTC,2021-01-09,24,-0.010247399320337438,2.9422955756717166e-7,2,0,0.01072274443175969,3,1,-0.010247399320337438,1,-0.010247399320337438,0,0
BTC,2021-01-10,24,-0.053099210452623176,2.9453905261088603e-7,2,0,0.01088725184519342,3,1,-0.053099210452623176,1,-0.053099210452623176,0,0
BTC,2021-01-11,24,-0.07424159211517081,3.272840910605901e-7,2,0,0.011913344836841205,3,1,-0.07424159211517081,1,-0.07424159211517081,0,0
BTC,2021-01-12,24,-0.04009707371501566,3.4170974281825074e-7,2,0,0.012347349573926816,3,1,-0.04009707371501566,1,-0.04009707371501566,0,0
BTC,2021-01-13,24,0.09368166336355213,3.540718780205345e-7,2,0,0.012762368217787505,3,1,0.09368166336355213,1,0.09368166336355213,0,0
BTC,2021-01-14,24,0.046035326559033106,3.538076774435488e-7,2,0,0.012852568394812258,3,1,0.046035326559033106,1,0.046035326559033106,0,0
BTC,2021-01-15,24,-0.06358065394235614,3.585510255065817e-7,2,0,0.012970003879807072,3,1,-0.06358065394235614,1,-0.06358065394235614,0,0
BTC,2021-01-16,24,-0.01993622431778587,3.6767619722318777e-7,2,0,0.012935165793747228,3,1,-0.01993622431778587,1,-0.01993622431778587,0,0
BTC,2021-01-17,24,-0.005518522726951783,3.711553970204924e-7,2,0,0.01305493174353223,3,1,-0.005518522726951783,1,-0.005518522726951783,0,0
BTC,2021-01-18,24,0.02225691655250118,3.7409530331007436e-7,2,0,0.013130485479416545,3,1,0.02225691655250118,1,0.02225691655250118,0,0
BTC,2021-01-19,24,-0.019212672334789026,3.724631071361315e-7,2,0,0.013110149499581234,3,1,-0.019212672334789026,1,-0.019212672334789026,0,0
BTC,2021-01-20,24,-0.011585097670200302,3.685732973112546e-7,2,0,0.013009816841480872,3,1,-0.011585097670200302,1,-0.011585097670200302,0,0
BTC,2021-01-21,24,-0.14129246383315092,3.706107348295254e-7,2,0,0.013314910124692752,3,1,-0.14129246383315092,1,-0.14129246383315092,0,0
BTC,2021-01-22,24,0.06793498968283306,3.7758202939588094e-7,2,0,0.013564252442608012,3,1,0.06793498968283306,1,0.06793498968283306,0,0
BTC,2021-01-23,24,-0.027635955127832103,3.792017658347655e-7,2,0,0.013618448494885846,3,1,-0.027635955127832103,1,-0.027635955127832103,0,0
BTC,2021-01-24,24,0.0059479151941211695,3.801342718257729e-7,2,0,0.013609011459424704,3,1,0.0059479151941211695,1,0.0059479151941211695,0,0
BTC,2021-01-25,24,-5.451752129874794e-4,3.8485327713986307e-7,2,0,0.01368319821545693,3,1,-5.451752129874794e-4,1,-5.451752129874794e-4,0,0
BTC,2021-01-26,24,0.006996511773316603,3.9164352800674743e-7,2,0,0.013696494414099526,3,1,0.006996511773316603,1,0.006996511773316603,0,0
BTC,2021-01-27,24,-0.06603251373118628,4.01572080233557e-7,2,0,0.013936094266656608,3,1,-0.06603251373118628,1,-0.06603251373118628,0,0
BTC,2021-01-28,24,0.09422732129914077,4.0357368891020847e-7,2,0,0.013973150483486884,3,1,0.09422732129914077,1,0.09422732129914077,0,0
BTC,2021-01-29,23,0.024562446552608398,4.451465285699231e-7,2,0,0.014896299164327442,3,1,0.024562446552608398,1,0.024562446552608398,0,0
BTC,2021-01-30,24,0.0010151959353896043,4.491266743934853e-7,2,0,0.014913508652123427,3,1,0.0010151959353896043,1,0.0010151959353896043,0,0
BTC,2021-01-31,24,-0.03484559398175047,4.542905940173675e-7,2,0,0.014970823981915028,3,1,-0.03484559398175047,1,-0.03484559398175047,0,0
BTC,2021-02-01,24,0.012359153295800153,4.5090111541605185e-7,2,0,0.01461991085933929,3,1,0.012359153295800153,1,0.012359153295800153,0,0
BTC,2021-02-02,24,0.056975829018270946,4.521540865689661e-7,2,0,0.0145267312215917,3,1,0.056975829018270946,1,0.056975829018270946,0,0
BTC,2021-02-03,24,0.059355216628178685,4.5092289909366855e-7,2,0,0.01431163145826885,3,1,0.059355216628178685,1,0.059355216628178685,0,0
BTC,2021-02-04,24,-0.018537729160333704,4.449825570108989e-7,2,0,0.014133745441933635,3,1,-0.018537729160333704,1,-0.018537729160333704,0,0
BTC,2021-02-05,24,0.035013546645341384,4.4572597273347554e-7,2,0,0.01398147183737833,3,1,0.035013546645341384,1,0.035013546645341384,0,0
BTC,2021-02-06,24,0.02476604168151403,4.2615624931379627e-7,2,0,0.013521611223836907,3,1,0.02476604168151403,1,0.02476604168151403,0,0
BTC,2021-02-07,24,-0.0097809741272471655,4.1591829654024137e-7,2,0,0.01315278922272255,3,1,-0.0097809741272471655,1,-0.0097809741272471655,0,0
BTC,2021-02-08,24,0.17750654103625285,4.3746984557789366e-7,2,0,0.013658395325518387,3,1,0.17750654103625285,1,0.17750654103625285,0,0
BTC,2021-02-09,24,0.0016571866491450222,4.4479373647520454e-7,2,0,0.013689901696141227,3,1,0.0016571866491450222,1,0.0016571866491450222,0,0
BTC,2021-02-10,24,-0.03624468024311209,4.2305821834707654e-7,2,0,0.01290036385422777,3,1,-0.03624468024311209,1,-0.03624468024311209,0,0
BTC,2021-02-11,24,0.06715786484903097,4.1028650080125035e-7,2,0,0.012566376505350859,3,1,0.06715786484903097,1,0.06715786484903097,0,0
BTC,2021-02-12,24,-0.010319351537861841,3.990982231977703e-7,2,0,0.01221364099313015,3,1,-0.010319351537861841,1,-0.010319351537861841,0,0
BTC,2021-02-13,24,-0.005714584957079606,4.0529578268014e-7,2,0,0.012126927109385902,3,1,-0.005714584957079606,1,-0.005714584957079606,0,0
BTC,2021-02-14,24,0.03025386817242861,4.112389068026156e-7,2,0,0.011977882270013252,3,1,0.03025386817242861,1,0.03025386817242861,0,0
BTC,2021-02-15,24,-0.01475590722313855,4.108954585570235e-7,2,0,0.011891095102898886,3,1,-0.01475590722313855,1,-0.01475590722313855,0,0
BTC,2021-02-16,24,0.026383897691988314,4.1178311420527893e-7,2,0,0.011833198011769309,3,1,0.026383897691988314,1,0.026383897691988314,0,0
BTC,2021-02-17,24,0.0574669661935398,4.067945165804836e-7,2,0,0.011753522053870568,3,1,0.0574669661935398,1,0.0574669661935398,0,0
BTC,2021-02-18,24,-0.010201484584140207,4.077910290175132e-7,2,0,0.011717518968038462,3,1,-0.010201484584140207,1,-0.010201484584140207,0,0
BTC,2021-02-19,24,0.08050636667563112,4.001794935311163e-7,2,0,0.011586556294836648,3,1,0.08050636667563112,1,0.08050636667563112,0,0
BTC,2021-02-20,24,2.109674474327465e-4,3.992137932038869e-7,2,0,0.011253240047783341,3,1,2.109674474327465e-4,1,2.109674474327465e-4,0,0
BTC,2021-02-21,24,0.027151036949998614,3.9296293153990434e-7,2,0,0.010863916185428238,3,1,0.027151036949998614,1,0.027151036949998614,0,0
BTC,2021-02-22,24,-0.05956087309118573,3.9680213787483413e-7,2,0,0.01106523265211249,3,1,-0.05956087309118573,1,-0.05956087309118573,0,0
BTC,2021-02-23,24,-0.1020733056848387,4.4131927029343147e-7,2,0,0.011986803631684377,3,1,-0.1020733056848387,1,-0.1020733056848387,0,0
BTC,2021-02-24,24,0.01678881541553963,4.454711976708374e-7,2,0,0.012020491137932968,3,1,0.01678881541553963,1,0.01678881541553963,0,0
BTC,2021-02-25,24,-0.055106864914062026,4.5051972970704033e-7,2,0,0.012053116587466845,3,1,-0.055106864914062026,1,-0.055106864914062026,0,0
BTC,2021-02-26,24,-0.016000169985234094,4.4718143005095455e-7,2,0,0.011984321839564348,3,1,-0.016000169985234094,1,-0.016000169985234094,0,0
BTC,2021-02-27,24,-0.003120518682443077,4.5714729663745865e-7,2,0,0.012004864232855553,3,1,-0.003120518682443077,1,-0.003120518682443077,0,0
BTC,2021-02-28,24,-0.020233560806810425,4.061020780281849e-7,2,0,0.010940265961557985,3,1,-0.020233560806810425,1,-0.020233560806810425,0,0
BTC,2021-03-01,24,0.0923070778590797,4.0346112286049826e-7,2,0,0.010951285863417657,3,1,0.0923070778590797,1,0.0923070778590797,0,0
BTC,2021-03-02,24,-0.02312886400609,3.9914097649227173e-7,2,0,0.01092226741215294,3,1,-0.02312886400609,1,-0.02312886400609,0,0
BTC,2021-03-03,24,0.03871195370443135,3.956494043580325e-7,2,0,0.010905774577303169,3,1,0.03871195370443135,1,0.03871195370443135,0,0
BTC,2021-03-04,24,-0.04193868922033011,4.0423982160845236e-7,2,0,0.011033746874920005,3,1,-0.04193868922033011,1,-0.04193868922033011,0,0
BTC,2021-03-05,24,0.008338816173005983,4.095829428919223e-7,2,0,0.011118367318296705,3,1,0.008338816173005983,1,0.008338816173005983,0,0
BTC,2021-03-06,24,0.0033840494589615078,4.123388289496795e-7,2,0,0.011050803380857751,3,1,0.0033840494589615078,1,0.0033840494589615078,0,0
BTC,2021-03-07,24,0.04131079219445523,4.115386414835724e-7,2,0,0.01103255195092654,3,1,0.04131079219445523,1,0.04131079219445523,0,0
BTC,2021-03-08,24,0.02734323455888628,4.2098145352277617e-7,2,0,0.011041021174091283,3,1,0.02734323455888628,1,0.02734323455888628,0,0
BTC,2021-03-09,24,0.04761206395834762,4.1918181203110266e-7,2,0,0.011037332133137519,3,1,0.04761206395834762,1,0.04761206395834762,0,0
BTC,2021-03-10,24,0.01664598825721994,3.8447201187645764e-7,2,0,0.01042841910589341,2,1,0.01664598825721994,1,0.01664598825721994,0.4583333333333335,0.008956013104818632
BTC,2021-03-11,24,0.034472610830487166,3.81530499032959e-7,2,0,0.010273988315292465,2,1,0.034472610830487166,1,0.034472610830487166,1,0.034472610830487166
BTC,2021-03-12,24,-0.010011913897230376,3.817282522825338e-7,2,0,0.010238403828469566,2,1,-0.010011913897230376,1,-0.010011913897230376,1,-0.010011913897230376
BTC,2021-03-13,24,0.06658884728159438,3.7800134154163455e-7,2,0,0.010169802191339606,2,1,0.06658884728159438,1,0.06658884728159438,1,0.06658884728159438
BTC,2021-03-14,24,-0.03618088687300272,3.775978742224976e-7,2,0,0.010114257686721457,2,1,-0.03618088687300272,1,-0.03618088687300272,1,-0.03618088687300272
BTC,2021-03-15,24,-0.05937288654318092,3.8022993686010806e-7,2,0,0.010255282912528233,2,1,-0.05937288654318092,1,-0.05937288654318092,1,-0.05937288654318092
BTC,2021-03-16,24,0.022955712878942054,3.7693810942038167e-7,2,0,0.010283037018609302,2,1,0.022955712878942054,1,0.022955712878942054,1,0.022955712878942054
BTC,2021-03-17,24,0.0352622912753614,3.7956700441342856e-7,2,0,0.01035232431336389,2,1,0.0352622912753614,1,0.0352622912753614,1,0.0352622912753614
BTC,2021-03-18,24,-0.02216882024458285,3.79733095618416e-7,2,0,0.010345833185547451,2,1,-0.02216882024458285,1,-0.02216882024458285,1,-0.02216882024458285
BTC,2021-03-19,24,0.007964259278831109,3.860402564721059e-7,2,0,0.010342057245583054,2,1,0.007964259278831109,1,0.007964259278831109,1,0.007964259278831109
BTC,2021-03-20,24,-1.7556935292755219e-4,3.865505145614077e-7,2,0,0.010329457956469308,2,1,-1.7556935292755219e-4,1,-1.7556935292755219e-4,1,-1.7556935292755219e-4
BTC,2021-03-21,24,-0.012353149207952583,3.9593458529361204e-7,2,0,0.010344526102294832,2,1,-0.012353149207952583,1,-0.012353149207952583,1,-0.012353149207952583
BTC,2021-03-22,24,-0.05892431714669426,3.945882023979027e-7,2,0,0.010335145985033932,2,1,-0.05892431714669426,1,-0.05892431714669426,1,-0.05892431714669426
BTC,2021-03-23,24,0.004724923586887319,3.959526483378244e-7,2,0,0.010387610130533765,2,1,0.004724923586887319,1,0.004724923586887319,1,0.004724923586887319
BTC,2021-03-24,24,-0.038590715125880276,3.8828362477540053e-7,2,0,0.010170470534809817,2,1,-0.038590715125880276,1,-0.038590715125880276,1,-0.038590715125880276
BTC,2021-03-25,24,-0.01889665885067089,3.327067775230846e-7,2,0,0.009150729229242911,2,1,-0.01889665885067089,1,-0.01889665885067089,1,-0.01889665885067089
BTC,2021-03-26,24,0.07048229697956346,3.275618632043396e-7,2,0,0.009000283691186712,2,1,0.07048229697956346,1,0.07048229697956346,1,0.07048229697956346
BTC,2021-03-27,24,0.014249041511607002,3.1744873539011097e-7,2,0,0.00877136722179335,2,1,0.014249041511607002,1,0.014249041511607002,1,0.014249041511607002
BTC,2021-03-28,24,-0.0012612601372441442,3.0338446177902413e-7,2,0,0.008413933045428349,2,1,-0.0012612601372441442,1,-0.0012612601372441442,1,-0.0012612601372441442
BTC,2021-03-29,24,0.03249138165532809,2.948046669020851e-7,2,0,0.008334717333138635,2,1,0.03249138165532809,1,0.03249138165532809,1,0.03249138165532809
BTC,2021-03-30,24,0.01987605507827085,2.8493661054522605e-7,2,0,0.008123734606473785,2,1,0.01987605507827085,1,0.01987605507827085,1,0.01987605507827085
BTC,2021-03-31,24,8.846004673707195e-5,2.846949349821557e-7,2,0,0.008080766138049022,2,1,8.846004673707195e-5,1,8.846004673707195e-5,1,8.846004673707195e-5
BTC,2021-04-01,24,-9.07086654929023e-4,2.8353544312380186e-7,2,0,0.00798215542152633,2,1,-9.07086654929023e-4,1,-9.07086654929023e-4,1,-9.07086654929023e-4
BTC,2021-04-02,24,0.004888183003585686,2.767683081384039e-7,2,0,0.007824617208458126,2,1,0.004888183003585686,1,0.004888183003585686,1,0.004888183003585686
BTC,2021-04-03,24,-0.03310162645701252,2.651151245144433e-7,2,0,0.007569293181050017,2,1,-0.03310162645701252,1,-0.03310162645701252,1,-0.03310162645701252
BTC,2021-04-04,24,0.019012837020182874,2.598503845636025e-7,2,0,0.007365231873761442,2,1,0.019012837020182874,1,0.019012837020182874,1,0.019012837020182874
BTC,2021-04-05,24,0.015769836246006433,2.5786864497369155e-7,2,0,0.007344849974612428,2,1,0.015769836246006433,1,0.015769836246006433,1,0.015769836246006433
BTC,2021-04-06,24,-0.0188314819604324,2.5691270187422614e-7,2,0,0.007285757166882925,2,1,-0.0188314819604324,1,-0.0188314819604324,1,-0.0188314819604324
BTC,2021-04-07,24,-0.03666370544399343,2.513467290480014e-7,2,0,0.007215551665764365,2,1,-0.03666370544399343,1,-0.03666370544399343,1,-0.03666370544399343
BTC,2021-04-08,24,0.037004925913638693,2.4829884765338895e-7,2,0,0.007090008139466159,2,1,0.037004925913638693,1,0.037004925913638693,1,0.037004925913638693
BTC,2021-04-09,24,0.0012587509378549247,2.4452434849988493e-7,2,0,0.00691435380184244,2,1,0.0012587509378549247,1,0.0012587509378549247,1,0.0012587509378549247
BTC,2021-04-10,24,0.02825978484815129,2.4595605968505146e-7,2,0,0.006929163376283572,2,1,0.02825978484815129,1,0.02825978484815129,1,0.02825978484815129
BTC,2021-04-11,24,0.0030134089331832273,2.4624491219168715e-7,2,0,0.006874887017180709,2,1,0.0030134089331832273,1,0.0030134089331832273,1,0.0030134089331832273
BTC,2021-04-12,24,-0.0022090563559806326,2.4573027622030497e-7,2,0,0.006774517976925469,2,1,-0.0022090563559806326,1,-0.0022090563559806326,1,-0.0022090563559806326
BTC,2021-04-13,24,0.06101028871699074,2.4273192486198805e-7,2,0,0.006806295649720956,2,1,0.06101028871699074,1,0.06101028871699074,1,0.06101028871699074
BTC,2021-04-14,24,-0.009769650432859513,2.3345811309585087e-7,2,0,0.006658155765335797,2,1,-0.009769650432859513,1,-0.009769650432859513,1,-0.009769650432859513
BTC,2021-04-15,24,0.004341907749779619,2.2747924429685668e-7,2,0,0.006487154009367173,2,1,0.004341907749779619,1,0.004341907749779619,1,0.004341907749779619
BTC,2021-04-16,24,-0.02867924987933581,2.168502368666061e-7,1,0,0.00631759385016449,2,1,-0.02867924987933581,1,-0.02867924987933581,1,-0.02867924987933581
BTC,2021-04-17,24,-0.022541644691429392,2.136731879288745e-7,1,0,0.00620716740294099,1,1,-0.022541644691429392,1,-0.022541644691429392,1,-0.022541644691429392
BTC,2021-04-18,24,-0.06613886366719482,2.3863288424202446e-7,2,0,0.006776360172501448,2,1,-0.06613886366719482,1,-0.06613886366719482,1,-0.06613886366719482
BTC,2021-04-19,24,-0.00928554239671485,2.4143537897823384e-7,2,0,0.00689625086403018,2,1,-0.00928554239671485,1,-0.00928554239671485,1,-0.00928554239671485
BTC,2021-04-20,24,0.013901489240789579,2.446341442066572e-7,2,0,0.007036394186415931,2,1,0.013901489240789579,1,0.013901489240789579,1,0.013901489240789579
BTC,2021-04-21,24,-0.04868468300710155,2.471379502825203e-7,2,0,0.007039028974130128,2,1,-0.04868468300710155,1,-0.04868468300710155,1,-0.04868468300710155
BTC,2021-04-22,24,-0.03951807112986978,2.4648533508893274e-7,2,0,0.007153097572729737,2,1,-0.03951807112986978,1,-0.03951807112986978,1,-0.03951807112986978
BTC,2021-04-23,24,-0.010714454153468576,2.5428858262421487e-7,2,0,0.007344297262402309,2,1,-0.010714454153468576,1,-0.010714454153468576,1,-0.010714454153468576
BTC,2021-04-24,24,-0.021434166976099994,2.5545152566426706e-7,2,0,0.007301952094916924,2,1,-0.021434166976099994,1,-0.021434166976099994,1,-0.021434166976099994
BTC,2021-04-25,24,-0.019897853955164937,2.585350723765047e-7,2,0,0.007352857009852166,2,1,-0.019897853955164937,1,-0.019897853955164937,1,-0.019897853955164937
BTC,2021-04-26,24,0.09595328717313606,2.664784610943525e-7,2,0,0.0075330766174772044,2,1,0.09595328717313606,1,0.09595328717313606,1,0.09595328717313606
BTC,2021-04-27,24,0.01881837544469051,2.668278530770248e-7,2,0,0.0075294364376837855,2,1,0.01881837544469051,1,0.01881837544469051,1,0.01881837544469051
BTC,2021-04-28,24,-0.003262473569691695,2.706268957883385e-7,2,0,0.00752814116756187,2,1,-0.003262473569691695,1,-0.003262473569691695,1,-0.003262473569691695
BTC,2021-04-29,24,-0.02433219936241873,2.7241534681958744e-7,2,0,0.007567686068794014,2,1,-0.02433219936241873,1,-0.02433219936241873,1,-0.02433219936241873
BTC,2021-04-30,24,0.07547429642168503,2.730555815828483e-7,2,0,0.007560671013304426,2,1,0.07547429642168503,1,0.07547429642168503,1,0.07547429642168503
BTC,2021-05-01,24,0.0013697779366085706,2.7329376748570493e-7,2,0,0.007569941546690285,2,1,0.0013697779366085706,1,0.0013697779366085706,1,0.0013697779366085706
BTC,2021-05-02,24,-0.0216766860473845,2.7966351851827173e-7,2,0,0.00761115375649264,2,1,-0.0216766860473845,1,-0.0216766860473845,1,-0.0216766860473845
BTC,2021-05-03,24,0.010104468637701508,2.833344968188014e-7,2,0,0.00767136545212088,2,1,0.010104468637701508,1,0.010104468637701508,1,0.010104468637701508
BTC,2021-05-04,24,-0.07164153182362157,2.891877980044294e-7,2,0,0.007851410485289432,2,1,-0.07164153182362157,1,-0.07164153182362157,1,-0.07164153182362157
BTC,2021-05-05,24,0.07693578800742584,2.9327364198691795e-7,2,0,0.00794856296301319,2,1,0.07693578800742584,1,0.07693578800742584,1,0.07693578800742584
BTC,2021-05-06,24,-0.018891309732626798,2.9594803150451294e-7,2,0,0.008014507141766287,2,1,-0.018891309732626798,1,-0.018891309732626798,1,-0.018891309732626798
BTC,2021-05-07,24,0.0169048901957601,2.979574136891091e-7,2,0,0.00802737249975987,2,1,0.0169048901957601,1,0.0169048901957601,1,0.0169048901957601
BTC,2021-05-08,24,0.02700599410185197,2.9943249619262067e-7,2,0,0.008087284775640578,2,1,0.02700599410185197,1,0.02700599410185197,1,0.02700599410185197
BTC,2021-05-09,24,-0.011270353306437348,3.045630188474383e-7,2,0,0.008186848298302185,2,1,-0.011270353306437348,1,-0.011270353306437348,1,-0.011270353306437348
BTC,2021-05-10,24,-0.04213225565162172,3.0485317028749377e-7,2,0,0.008211777110374045,2,1,-0.04213225565162172,1,-0.04213225565162172,1,-0.04213225565162172
BTC,2021-05-11,24,0.015260125171973206,3.08992675691427e-7,2,0,0.008298436853538505,2,1,0.015260125171973206,1,0.015260125171973206,1,0.015260125171973206
BTC,2021-05-12,24,-0.1365843889860793,3.363219338166051e-7,2,0,0.008789939341698746,2,1,-0.1365843889860793,1,-0.1365843889860793,1,-0.1365843889860793
BTC,2021-05-13,24,0.0034786010582403964,3.3352326704346436e-7,2,0,0.008937180058753524,2,1,0.0034786010582403964,1,0.0034786010582403964,1,0.0034786010582403964
BTC,2021-05-14,24,0.00449514787662665,3.387251832313804e-7,2,0,0.008989185683867201,2,1,0.00449514787662665,1,0.00449514787662665,1,0.00449514787662665
BTC,2021-05-15,24,-0.06473547166527788,3.4825781264774094e-7,2,0,0.009189107933700787,2,1,-0.06473547166527788,1,-0.06473547166527788,1,-0.06473547166527788
BTC,2021-05-16,24,-0.006191744488744575,3.6691941002010945e-7,2,0,0.00949617912251473,2,1,-0.006191744488744575,1,-0.006191744488744575,1,-0.006191744488744575
BTC,2021-05-17,24,-0.06512271207558282,3.8740506974685415e-7,2,0,0.009978389552687308,2,1,-0.06512271207558282,1,-0.06512271207558282,1,-0.06512271207558282
BTC,2021-05-18,24,-0.015191102684760911,3.782926000426519e-7,2,0,0.009732352796009675,2,1,-0.015191102684760911,1,-0.015191102684760911,1,-0.015191102684760911
BTC,2021-05-19,24,-0.15483125166599926,5.054264646273812e-7,2,0,0.012034511048783786,3,1,-0.15483125166599926,1,-0.15483125166599926,0.5416666666666666,-0.23500234812677595
BTC,2021-05-20,24,0.10019892798016583,5.191400655815414e-7,3,1,0.0123828126326565,3,1,0.10019892798016583,0,-0.0026,0,0
BTC,2021-05-21,24,-0.08428477620638258,5.468119333405231e-7,3,1,0.013069013040584365,3,1,-0.08428477620638258,0,0,0,0
BTC,2021-05-22,24,0.003652410477401348,5.504050102982226e-7,3,1,0.013081958506327568,3,1,0.003652410477401348,0,0,0,0
BTC,2021-05-23,24,-0.076213915164446,5.614388825930324e-7,3,1,0.01332039446209083,3,1,-0.076213915164446,0,0,0,0
BTC,2021-05-24,24,0.11200967444994141,5.606303777813068e-7,3,1,0.013514546085466997,3,1,0.11200967444994141,0,0,0,0
BTC,2021-05-25,24,-0.01154348570011075,5.5758326128563e-7,3,1,0.013592111660069735,3,1,-0.01154348570011075,0,0,0,0
BTC,2021-05-26,24,0.02306724999395202,5.550144416449188e-7,3,1,0.013631757834630607,3,1,0.02306724999395202,0,0,0,0
BTC,2021-05-27,24,-0.019730641108129266,5.585623049743058e-7,3,1,0.013751182539925992,3,1,-0.019730641108129266,0,0,0,0
BTC,2021-05-28,24,-0.07638451794733861,5.616897399889388e-7,3,1,0.01394098136550543,3,1,-0.07638451794733861,0,0,0,0
BTC,2021-05-29,24,-0.030366270873636036,5.700994348046997e-7,3,1,0.014081998374507299,3,1,-0.030366270873636036,0,0,0,0
BTC,2021-05-30,24,0.03008318999890358,5.755207538336737e-7,3,1,0.014138573300205027,3,1,0.03008318999890358,0,0,0,0
BTC,2021-05-31,24,0.04467867233983428,5.755304801302811e-7,3,1,0.014238313975299031,3,1,0.04467867233983428,0,0,0,0
BTC,2021-06-01,24,-0.01696442824602923,5.747191068662476e-7,3,1,0.014321414587433726,3,1,-0.01696442824602923,0,0,0,0
BTC,2021-06-02,24,0.023949982056294384,5.680104652042779e-7,3,1,0.014302517634616553,3,1,0.023949982056294384,0,0,0,0
BTC,2021-06-03,24,0.042509256394306125,5.668516299255026e-7,3,1,0.014263370922689826,3,1,0.042509256394306125,0,0,0,0
BTC,2021-06-04,24,-0.061796806850175925,5.664126685799587e-7,3,1,0.014256151658003745,3,1,-0.061796806850175925,0,0,0,0
BTC,2021-06-05,24,-0.036286331782857964,5.724840905826831e-7,3,1,0.014379899826718152,3,1,-0.036286331782857964,0,0,0,0
BTC,2021-06-06,24,0.007133713914172267,5.759724754289942e-7,3,1,0.014387402933134334,3,1,0.007133713914172267,0,0,0,0
BTC,2021-06-07,24,-0.0634836323867276,5.750812453272523e-7,3,1,0.01443442693657102,3,1,-0.0634836323867276,0,0,0,0
BTC,2021-06-08,24,-0.005002428068032133,5.677331044598801e-7,3,1,0.014513207847278746,3,1,-0.005002428068032133,0,0,0,0
BTC,2021-06-09,24,0.11241991993577424,5.731993829705656e-7,3,1,0.014655092305197782,3,1,0.11241991993577424,0,0,0,0
BTC,2021-06-10,24,-0.0193864171677955,5.678021989943171e-7,3,1,0.01469143535296475,3,1,-0.0193864171677955,0,0,0,0
BTC,2021-06-11,24,0.017400297931321168,5.556693143605683e-7,3,1,0.014447232613918618,3,1,0.017400297931321168,0,0,0,0
BTC,2021-06-12,24,-0.04879163782426806,5.662339731745812e-7,3,1,0.014377742746866908,3,1,-0.04879163782426806,0,0,0,0
BTC,2021-06-13,24,0.09365174626343269,5.696408175387308e-7,3,1,0.01445954380843437,3,1,0.09365174626343269,0,0,0,0
BTC,2021-06-14,24,0.037613746605037954,5.566839658346199e-7,3,1,0.014394189963213495,3,1,0.037613746605037954,0,0,0,0
BTC,2021-06-15,24,-0.009026374400564877,5.451064911759513e-7,3,1,0.014209531829931428,3,1,-0.009026374400564877,0,0,0,0
BTC,2021-06-16,24,-0.0466177087727626,5.297286189826897e-7,3,1,0.01388234938930376,3,1,-0.0466177087727626,0,0,0,0
BTC,2021-06-17,24,-0.006776155839031043,5.274738833146687e-7,3,1,0.013805051632834532,3,1,-0.006776155839031043,0,0,0,0
BTC,2021-06-18,24,-0.06102388004199292,4.325830040536242e-7,2,0.5416666666666666,0.011857308805893542,3,1,-0.06102388004199292,0.4583333333333335,-0.045890584168653124,0,0
BTC,2021-06-19,24,-0.009353004821608871,4.186297165448523e-7,2,0,0.011421106665010186,3,1,-0.009353004821608871,1,-0.009353004821608871,0,0
BTC,2021-06-20,24,0.0029401235210461093,3.818636101534192e-7,2,0,0.01064384226748681,2,1,0.0029401235210461093,1,0.0029401235210461093,0.08333333333333336,-0.001208387402719597
BTC,2021-06-21,24,-0.11730274646250469,3.9499810870450493e-7,2,0,0.010882891403883398,3,1,-0.11730274646250469,1,-0.11730274646250469,0.29166666666666663,-0.08518491654378431
BTC,2021-06-22,24,0.026835994590137094,3.9736606855384313e-7,2,0,0.010949694970421324,3,1,0.026835994590137094,1,0.026835994590137094,0,0
BTC,2021-06-23,24,0.03526373888845817,3.947631701563983e-7,2,0,0.01079334748552195,3,1,0.03526373888845817,1,0.03526373888845817,0,0
BTC,2021-06-24,24,0.028774521822564094,3.946595995790104e-7,2,0,0.010679284505909856,2,1,0.028774521822564094,1,0.028774521822564094,0.041666666666666685,-0.00507482447461991
BTC,2021-06-25,24,-0.09313552266877384,3.9134355995155184e-7,2,0,0.010562808330908995,2,1,-0.09313552266877384,1,-0.09313552266877384,1,-0.09313552266877384
BTC,2021-06-26,24,0.021713737554164867,3.9743167435777255e-7,2,0,0.010625511254101024,2,1,0.021713737554164867,1,0.021713737554164867,1,0.021713737554164867
BTC,2021-06-27,24,0.07167271564998959,3.9985736022699894e-7,2,0,0.010530727673749954,2,1,0.07167271564998959,1,0.07167271564998959,1,0.07167271564998959
BTC,2021-06-28,24,-0.005880217616334651,3.9207673758161763e-7,2,0,0.010371076839237997,2,1,-0.005880217616334651,1,-0.005880217616334651,1,-0.005880217616334651
BTC,2021-06-29,24,0.04068181296169904,3.859752025318059e-7,2,0,0.010290386934275534,2,1,0.04068181296169904,1,0.04068181296169904,1,0.04068181296169904
BTC,2021-06-30,24,-0.024162022219924112,3.8401233571050173e-7,2,0,0.010238155375794956,2,1,-0.024162022219924112,1,-0.024162022219924112,1,-0.024162022219924112
BTC,2021-07-01,24,-0.04415505544711547,3.8460077637282187e-7,2,0,0.010202133173678246,2,1,-0.04415505544711547,1,-0.04415505544711547,1,-0.04415505544711547
BTC,2021-07-02,24,0.00803446201683745,3.944405321307395e-7,2,0,0.01023739500283283,2,1,0.00803446201683745,1,0.00803446201683745,1,0.00803446201683745
BTC,2021-07-03,24,0.0257722515084267,3.9606338164908727e-7,2,0,0.010192317025992778,2,1,0.0257722515084267,1,0.0257722515084267,1,0.0257722515084267
BTC,2021-07-04,24,0.017705747834850263,3.9852648648932926e-7,2,0,0.010131079641706826,2,1,0.017705747834850263,1,0.017705747834850263,1,0.017705747834850263
BTC,2021-07-05,24,-0.046597978763228,3.914017729895258e-7,2,0,0.009997114716879264,2,1,-0.046597978763228,1,-0.046597978763228,1,-0.046597978763228
BTC,2021-07-06,24,0.015821894367944216,3.951120112065342e-7,2,0,0.010037878018065199,2,1,0.015821894367944216,1,0.015821894367944216,1,0.015821894367944216
BTC,2021-07-07,24,-0.010273122830974772,3.907664209695827e-7,2,0,0.009899448166394138,2,1,-0.010273122830974772,1,-0.010273122830974772,1,-0.010273122830974772
BTC,2021-07-08,24,-0.03004391181677567,3.915701875902419e-7,2,0,0.009766770160471285,2,1,-0.03004391181677567,1,-0.03004391181677567,1,-0.03004391181677567
BTC,2021-07-09,24,0.027263016917614673,3.831531074252866e-7,2,0,0.009476082464742583,2,1,0.027263016917614673,1,0.027263016917614673,1,0.027263016917614673
BTC,2021-07-10,24,-0.007986588924489977,3.8499550040958374e-7,2,0,0.009362276904333687,2,1,-0.007986588924489977,1,-0.007986588924489977,1,-0.007986588924489977
BTC,2021-07-11,24,0.021388143744565817,3.884167908323881e-7,2,0,0.00929584596848867,2,1,0.021388143744565817,1,0.021388143744565817,1,0.021388143744565817
BTC,2021-07-12,24,-0.0338422477895122,3.881670618118607e-7,2,0,0.00919506511754453,2,1,-0.0338422477895122,1,-0.0338422477895122,1,-0.0338422477895122
BTC,2021-07-13,24,-0.011678663259539404,3.8088388370486695e-7,2,0,0.00899324553407223,2,1,-0.011678663259539404,1,-0.011678663259539404,1,-0.011678663259539404
BTC,2021-07-14,24,0.002816684066930206,3.947818856363829e-7,2,0,0.008975087377532165,2,1,0.002816684066930206,1,0.002816684066930206,1,0.002816684066930206
BTC,2021-07-15,24,-0.03040090077683237,4.010851714941684e-7,2,0,0.008935726734236687,2,1,-0.03040090077683237,1,-0.03040090077683237,1,-0.03040090077683237
BTC,2021-07-16,24,-0.013495148551267704,4.087822280199225e-7,2,0,0.008928018626332973,2,1,-0.013495148551267704,1,-0.013495148551267704,1,-0.013495148551267704
BTC,2021-07-17,24,0.003309182416438652,4.13912600230295e-7,2,0,0.008870867056995982,2,1,0.003309182416438652,1,0.003309182416438652,1,0.003309182416438652
BTC,2021-07-18,24,0.008535351967538525,4.203066539784408e-7,2,0,0.008779347803495591,2,1,0.008535351967538525,1,0.008535351967538525,1,0.008535351967538525
BTC,2021-07-19,24,-0.03066025474467978,4.188743093899593e-7,2,0,0.008715448562428573,2,1,-0.03066025474467978,1,-0.03066025474467978,1,-0.03066025474467978
BTC,2021-07-20,24,-0.03407106809274483,4.183260475299013e-7,2,0,0.00866610061329085,2,1,-0.03407106809274483,1,-0.03407106809274483,1,-0.03407106809274483
BTC,2021-07-21,24,0.07552555831608726,3.9717135708711845e-7,2,0,0.00825473672147812,2,1,0.07552555831608726,1,0.07552555831608726,1,0.07552555831608726
BTC,2021-07-22,22,0.004915525444456155,3.598136291678392e-7,2,0,0.007431144598550648,2,1,0.004915525444456155,1,0.004915525444456155,1,0.004915525444456155
BTC,2021-07-23,21,0.041136039487013776,3.5354408378274936e-7,2,0,0.00725418454460337,2,1,0.041136039487013776,1,0.041136039487013776,1,0.041136039487013776
BTC,2021-07-24,24,0.019010165611688543,3.4982707231163684e-7,2,0,0.007101363022284852,2,1,0.019010165611688543,1,0.019010165611688543,1,0.019010165611688543
BTC,2021-07-25,24,0.03239965339360351,3.5469517162811683e-7,2,0,0.00702665178504037,2,1,0.03239965339360351,1,0.03239965339360351,1,0.03239965339360351
BTC,2021-07-26,24,0.05122425073181242,3.6192463066096386e-7,2,0,0.007254216596860506,2,1,0.05122425073181242,1,0.05122425073181242,1,0.05122425073181242
BTC,2021-07-27,24,0.05813744373118507,3.5752761366720004e-7,2,0,0.0072521993479761565,2,1,0.05813744373118507,1,0.05813744373118507,1,0.05813744373118507
BTC,2021-07-28,24,0.012696794693224236,3.586171467269429e-7,2,0,0.007363733635344502,2,1,0.012696794693224236,1,0.012696794693224236,1,0.012696794693224236
BTC,2021-07-29,24,-2.749621944306011e-4,3.562648917348813e-7,2,0,0.007299304107831586,2,1,-2.749621944306011e-4,1,-2.749621944306011e-4,1,-2.749621944306011e-4
BTC,2021-07-30,24,0.054241942847677034,3.612391581975711e-7,2,0,0.007351642536016716,2,1,0.054241942847677034,1,0.054241942847677034,1,0.054241942847677034
BTC,2021-07-31,24,-0.01770511656033228,3.5117640906843025e-7,2,0,0.00721966154918572,2,1,-0.01770511656033228,1,-0.01770511656033228,1,-0.01770511656033228
BTC,2021-08-01,24,-0.03931317678411785,3.503102981674175e-7,2,0,0.007213084895872645,2,1,-0.03931317678411785,1,-0.03931317678411785,1,-0.03931317678411785
BTC,2021-08-02,24,-0.018643934502395043,3.484433994275137e-7,2,0,0.007218219069952284,2,1,-0.018643934502395043,1,-0.018643934502395043,1,-0.018643934502395043
BTC,2021-08-03,24,-0.025592709272584342,3.468446362494959e-7,2,0,0.007246075035952113,2,1,-0.025592709272584342,1,-0.025592709272584342,1,-0.025592709272584342
BTC,2021-08-04,24,0.040718223709004915,3.3667042900911733e-7,2,0,0.007133980977272746,2,1,0.040718223709004915,1,0.040718223709004915,1,0.040718223709004915
BTC,2021-08-05,24,0.028212805863678924,3.3843730806578554e-7,2,0,0.007196190028006916,2,1,0.028212805863678924,1,0.028212805863678924,1,0.028212805863678924
BTC,2021-08-06,24,0.046298868534312934,3.4824086051305023e-7,2,0,0.00739353254393477,2,1,0.046298868534312934,1,0.046298868534312934,1,0.046298868534312934
BTC,2021-08-07,24,0.04087738261686254,3.513775173800058e-7,2,0,0.0073745992327306446,2,1,0.04087738261686254,1,0.04087738261686254,1,0.04087738261686254
BTC,2021-08-08,24,-0.017299368857709732,3.5241498859806646e-7,2,0,0.007419477431892165,2,1,-0.017299368857709732,1,-0.017299368857709732,1,-0.017299368857709732
BTC,2021-08-09,24,0.054620925359475846,3.5111972913732406e-7,2,0,0.00751508040836167,2,1,0.054620925359475846,1,0.054620925359475846,1,0.054620925359475846
BTC,2021-08-10,24,-0.01549504246164311,3.5370864645108435e-7,2,0,0.00758135221512574,2,1,-0.01549504246164311,1,-0.01549504246164311,1,-0.01549504246164311
BTC,2021-08-11,24,-5.133447815184027e-4,3.4927412896279937e-7,2,0,0.007563553617615838,2,1,-5.133447815184027e-4,1,-5.133447815184027e-4,1,-5.133447815184027e-4
BTC,2021-08-12,24,-0.026022665918582537,3.4544175512229537e-7,2,0,0.007551793844820296,2,1,-0.026022665918582537,1,-0.026022665918582537,1,-0.026022665918582537
BTC,2021-08-13,24,0.074248724526054,3.413929752302607e-7,2,0,0.007512298969344276,2,1,0.074248724526054,1,0.074248724526054,1,0.074248724526054
BTC,2021-08-14,24,-0.014917301849796956,3.4217005128796005e-7,2,0,0.007513101509072671,2,1,-0.014917301849796956,1,-0.014917301849796956,1,-0.014917301849796956
BTC,2021-08-15,24,-0.002037510863222643,3.4451206997223966e-7,2,0,0.0075016044149978185,2,1,-0.002037510863222643,1,-0.002037510863222643,1,-0.002037510863222643
BTC,2021-08-16,24,-0.023520217996226243,3.4959618415342677e-7,2,0,0.00755525147511159,2,1,-0.023520217996226243,1,-0.023520217996226243,1,-0.023520217996226243
BTC,2021-08-17,24,-0.027686553515623567,3.48769744935917e-7,2,0,0.0075902914362298195,2,1,-0.027686553515623567,1,-0.027686553515623567,1,-0.027686553515623567
BTC,2021-08-18,24,9.509224103884072e-4,3.491437729492413e-7,2,0,0.007601496471454391,2,1,9.509224103884072e-4,1,9.509224103884072e-4,1,9.509224103884072e-4
BTC,2021-08-19,24,0.04483916830229437,3.548106179096812e-7,2,0,0.007602147415828097,2,1,0.04483916830229437,1,0.04483916830229437,1,0.04483916830229437
BTC,2021-08-20,24,0.053703074862287925,3.5466632264651853e-7,2,0,0.007540265885243179,2,1,0.053703074862287925,1,0.053703074862287925,1,0.053703074862287925
BTC,2021-08-21,24,-0.009774970206853608,3.621019572948009e-7,2,0,0.007587721540799277,2,1,-0.009774970206853608,1,-0.009774970206853608,1,-0.009774970206853608
BTC,2021-08-22,24,0.008724675602045968,3.630318660935847e-7,2,0,0.007573402668429984,2,1,0.008724675602045968,1,0.008724675602045968,1,0.008724675602045968
BTC,2021-08-23,24,0.004527848287594235,3.5670457629773636e-7,2,0,0.007550631638189548,2,1,0.004527848287594235,1,0.004527848287594235,1,0.004527848287594235
BTC,2021-08-24,24,-0.03685835253682511,3.526578522214192e-7,2,0,0.007538897295600033,2,1,-0.03685835253682511,1,-0.03685835253682511,1,-0.03685835253682511
BTC,2021-08-25,24,0.026178980397989323,3.295929640519337e-7,2,0,0.0070430007406156155,2,1,0.026178980397989323,1,0.026178980397989323,1,0.026178980397989323
BTC,2021-08-26,24,-0.04471520210627953,3.2999139733212854e-7,2,0,0.006987198954162737,2,1,-0.04471520210627953,1,-0.04471520210627953,1,-0.04471520210627953
BTC,2021-08-27,24,0.04642017324315666,3.0597252603765685e-7,2,0,0.006582765058902132,2,1,0.04642017324315666,1,0.04642017324315666,1,0.04642017324315666
BTC,2021-08-28,24,-0.0036582444090177326,3.062121053533086e-7,2,0,0.006523818268360083,2,1,-0.0036582444090177326,1,-0.0036582444090177326,1,-0.0036582444090177326
BTC,2021-08-29,24,-0.002211226144988439,3.010456973378894e-7,2,0,0.0063746490793633055,1,1,-0.002211226144988439,1,-0.002211226144988439,1,-0.002211226144988439
BTC,2021-08-30,24,-0.03763493181317106,3.0553953787070215e-7,2,0,0.0064079738932053265,1,1,-0.03763493181317106,1,-0.03763493181317106,1,-0.03763493181317106
BTC,2021-08-31,24,0.003278597412116156,3.0643161433701975e-7,2,0,0.006376296385272612,1,1,0.003278597412116156,1,0.003278597412116156,1,0.003278597412116156
BTC,2021-09-01,24,0.03608683015390926,3.076091680527372e-7,2,0,0.006357375538068541,1,1,0.03608683015390926,1,0.03608683015390926,1,0.03608683015390926
BTC,2021-09-02,24,0.008518579464136672,3.072010794573318e-7,2,0,0.006369378564096109,1,1,0.008518579464136672,1,0.008518579464136672,1,0.008518579464136672
BTC,2021-09-03,24,0.01466762912726947,3.105815164776457e-7,2,0,0.006416060501420993,1,1,0.01466762912726947,1,0.01466762912726947,1,0.01466762912726947
BTC,2021-09-04,24,-0.0012503164929158713,2.99859270892769e-7,2,0,0.0062004696537796495,1,1,-0.0012503164929158713,1,-0.0012503164929158713,1,-0.0012503164929158713
BTC,2021-09-05,24,0.03562564629745856,2.901068034273049e-7,2,0,0.0059861231414917665,1,1,0.03562564629745856,1,0.03562564629745856,1,0.03562564629745856
BTC,2021-09-06,24,0.017623153456098127,2.858552152263661e-7,2,0,0.005887105026025614,1,1,0.017623153456098127,1,0.017623153456098127,1,0.017623153456098127
BTC,2021-09-07,24,-0.11675748002661757,3.0908171904982947e-7,2,0,0.00629891924558974,1,1,-0.11675748002661757,1,-0.11675748002661757,1,-0.11675748002661757
BTC,2021-09-08,24,-0.01740016252463156,3.14955266781471e-7,2,0,0.00628349694677881,1,1,-0.01740016252463156,1,-0.01740016252463156,1,-0.01740016252463156
BTC,2021-09-09,24,0.006839519215822557,3.1274394782311735e-7,2,0,0.006234520075094651,1,1,0.006839519215822557,1,0.006839519215822557,1,0.006839519215822557
BTC,2021-09-10,24,-0.03392563584181511,3.1868227636414766e-7,2,0,0.006286343456405336,1,1,-0.03392563584181511,1,-0.03392563584181511,1,-0.03392563584181511
BTC,2021-09-11,24,0.006561510811639463,3.2295039087575933e-7,2,0,0.00624516405083037,1,1,0.006561510811639463,1,0.006561510811639463,1,0.006561510811639463
BTC,2021-09-12,24,0.020261946901488893,3.310122607529565e-7,2,0,0.006226868678169236,1,1,0.020261946901488893,1,0.020261946901488893,1,0.020261946901488893
BTC,2021-09-13,24,-0.024070917225916703,3.706114918293743e-7,2,0,0.006616227586609748,2,1,-0.024070917225916703,1,-0.024070917225916703,1,-0.024070917225916703
BTC,2021-09-14,24,0.04734484795287819,3.69428819056283e-7,2,0,0.006606158576170941,2,1,0.04734484795287819,1,0.04734484795287819,1,0.04734484795287819
BTC,2021-09-15,24,0.02112185572008073,3.64917656395951e-7,2,0,0.006543314751493636,2,1,0.02112185572008073,1,0.02112185572008073,1,0.02112185572008073
BTC,2021-09-16,24,-0.007617361137781064,3.6891812065143325e-7,2,0,0.0065416905379282,2,1,-0.007617361137781064,1,-0.007617361137781064,1,-0.007617361137781064
BTC,2021-09-17,24,-0.01088204509407581,3.72203376043783e-7,2,0,0.006523166126493847,2,1,-0.01088204509407581,1,-0.01088204509407581,1,-0.01088204509407581
BTC,2021-09-18,24,0.021767010334348424,3.681644882731809e-7,2,0,0.006434225167264309,2,1,0.021767010334348424,1,0.021767010334348424,1,0.021767010334348424
BTC,2021-09-19,24,-0.022442089057443704,3.748148799469367e-7,2,0,0.006398315474645007,1,1,-0.022442089057443704,1,-0.022442089057443704,1,-0.022442089057443704
BTC,2021-09-20,24,-0.09415943376061905,3.7748793159686403e-7,2,0,0.006544756549917016,2,1,-0.09415943376061905,1,-0.09415943376061905,1,-0.09415943376061905
BTC,2021-09-21,24,-0.054546484981505744,3.9910588617165084e-7,2,0,0.00695321450329164,2,1,-0.054546484981505744,1,-0.054546484981505744,1,-0.054546484981505744
BTC,2021-09-22,24,0.06771507435433805,4.136218041170155e-7,2,0,0.007094109494251225,2,1,0.06771507435433805,1,0.06771507435433805,1,0.06771507435433805
BTC,2021-09-23,24,0.030007022294520118,4.15821449394765e-7,2,0,0.007154536368957292,2,1,0.030007022294520118,1,0.030007022294520118,1,0.030007022294520118
BTC,2021-09-24,24,-0.04689709462679858,4.39833387859135e-7,2,0,0.007432488571070501,2,1,-0.04689709462679858,1,-0.04689709462679858,1,-0.04689709462679858
BTC,2021-09-25,24,-0.002878076599174929,4.4431300430737124e-7,2,0,0.007379770709018106,2,1,-0.002878076599174929,1,-0.002878076599174929,1,-0.002878076599174929
BTC,2021-09-26,24,0.011511544840117701,4.653749686469038e-7,2,0,0.007534584816666302,2,1,0.011511544840117701,1,0.011511544840117701,1,0.011511544840117701
BTC,2021-09-27,24,-0.024088519157974993,4.7371173115459707e-7,2,0,0.0076310215394682305,2,1,-0.024088519157974993,1,-0.024088519157974993,1,-0.024088519157974993
BTC,2021-09-28,24,-0.027350238157070023,4.7378108943108326e-7,2,0,0.00763154516506422,2,1,-0.027350238157070023,1,-0.027350238157070023,1,-0.027350238157070023
BTC,2021-09-29,24,0.01178262536433194,4.770800872017585e-7,2,0,0.007622519012795099,2,1,0.01178262536433194,1,0.01178262536433194,1,0.01178262536433194
BTC,2021-09-30,24,0.05331329746455049,4.814773440776169e-7,2,0.041666666666666664,0.007694152612399162,2,1,0.05331329746455049,0.9583333333333334,0.04289026106422658,1,0.05331329746455049
BTC,2021-10-01,24,0.09500148871539615,4.847299977625124e-7,3,0.5416666666666666,0.007889914662571426,2,1,0.09500148871539615,0.4583333333333334,0.0700624949987027,1,0.09500148871539615
BTC,2021-10-02,24,-0.010471190590856473,4.8886753620585205e-07,3,0.875,0.007845344216259034,2,1,-0.010471190590856473,0.125,-0.008377565514395568,1,-0.010471190590856473
BTC,2021-10-03,24,0.011850946167709838,4.966714775292226e-7,3,1,0.007821066863955986,2,1,0.011850946167709838,0,0,1,0.011850946167709838
BTC,2021-10-04,24,0.02078793688571612,4.964564007989284e-7,3,1,0.00787318201000889,2,1,0.02078793688571612,0,0,1,0.02078793688571612
BTC,2021-10-05,24,0.044556030865522345,4.85494736098144e-7,2,0.875,0.00788216237059101,2,1,0.044556030865522345,0.125,-0.002627190960172738,1,0.044556030865522345
BTC,2021-10-06,24,0.07235092389746474,4.815890063837336e-7,2,0.4166666666666667,0.008035687953274119,2,1,0.07235092389746474,0.5833333333333333,8.888671076854697e-4,1,0.07235092389746474
BTC,2021-10-07,24,-0.02808529570132234,4.6694702220896073e-7,2,0,0.007676552322358232,2,1,-0.02808529570132234,1,-0.02808529570132234,1,-0.02808529570132234
BTC,2021-10-08,24,0.0026573206034169465,4.6683041252592844e-7,2,0,0.0076393498319246075,2,1,0.0026573206034169465,1,0.0026573206034169465,1,0.0026573206034169465
BTC,2021-10-09,24,0.018356989497982926,4.699772265318034e-7,2,0,0.007618502348288857,2,1,0.018356989497982926,1,0.018356989497982926,1,0.018356989497982926
BTC,2021-10-10,24,-0.005156996663091373,4.7222774919462496e-7,2,0,0.007593314092438215,2,1,-0.005156996663091373,1,-0.005156996663091373,1,-0.005156996663091373
BTC,2021-10-11,24,0.050323961858753166,4.6680339620393627e-7,2,0,0.0076157186610383105,2,1,0.050323961858753166,1,0.050323961858753166,1,0.050323961858753166
BTC,2021-10-12,24,-0.026244220497710878,4.535714919525926e-7,2,0,0.007611086354854439,2,1,-0.026244220497710878,1,-0.026244220497710878,1,-0.026244220497710878
BTC,2021-10-13,24,0.024184691929105877,4.2469558118917385e-7,2,0,0.007338560728882352,2,1,0.024184691929105877,1,0.024184691929105877,1,0.024184691929105877
BTC,2021-10-14,24,-6.274028660434566e-5,4.2205392210657605e-7,2,0,0.007334910678833555,2,1,-6.274028660434566e-5,1,-6.274028660434566e-5,1,-6.274028660434566e-5
BTC,2021-10-15,24,0.07191980901665047,4.339796305610235e-7,2,0,0.007558847011123959,2,1,0.07191980901665047,1,0.07191980901665047,1,0.07191980901665047
BTC,2021-10-16,24,-0.012777494584981085,4.311218237499002e-7,2,0,0.007519144504053304,2,1,-0.012777494584981085,1,-0.012777494584981085,1,-0.012777494584981085
BTC,2021-10-17,24,0.010671678623338189,4.3487225434372856e-7,2,0,0.0075571529652095,2,1,0.010671678623338189,1,0.010671678623338189,1,0.010671678623338189
BTC,2021-10-18,24,0.008274288451778989,4.324148501084042e-7,2,0,0.007620139611913898,2,1,0.008274288451778989,1,0.008274288451778989,1,0.008274288451778989
BTC,2021-10-19,24,0.035582502197261716,4.220113413873586e-7,2,0,0.00761865844181923,2,1,0.035582502197261716,1,0.035582502197261716,1,0.035582502197261716
BTC,2021-10-20,24,0.026872252247834818,4.1632491052025826e-7,2,0,0.007482536658188616,2,1,0.026872252247834818,1,0.026872252247834818,1,0.026872252247834818
BTC,2021-10-21,24,-0.0598741743226615,3.834405168144764e-7,2,0,0.007152850489674336,2,1,-0.0598741743226615,1,-0.0598741743226615,1,-0.0598741743226615
BTC,2021-10-22,24,-0.02458509883579199,3.8323793966183493e-7,2,0,0.0071311801821622,2,1,-0.02458509883579199,1,-0.02458509883579199,1,-0.02458509883579199
BTC,2021-10-23,24,0.00999152464938784,3.913665577926738e-7,2,0,0.007096184740313716,2,1,0.00999152464938784,1,0.00999152464938784,1,0.00999152464938784
BTC,2021-10-24,24,-0.006783493601658484,3.6474823952718404e-7,2,0,0.006739938578564482,2,1,-0.006783493601658484,1,-0.006783493601658484,1,-0.006783493601658484
BTC,2021-10-25,24,0.035486519781849024,3.6161531827743255e-7,2,0,0.006757137882223487,2,1,0.035486519781849024,1,0.035486519781849024,1,0.035486519781849024
BTC,2021-10-26,24,-0.04493105322408983,3.444547316514615e-7,2,0,0.006606621724620423,2,1,-0.04493105322408983,1,-0.04493105322408983,1,-0.04493105322408983
BTC,2021-10-27,24,-0.030472780018972613,3.312981421363087e-7,2,0,0.006549259899483871,2,1,-0.030472780018972613,1,-0.030472780018972613,1,-0.030472780018972613
BTC,2021-10-28,24,0.03548917690437828,3.32761020151953e-7,2,0,0.006643839062603072,2,1,0.03548917690437828,1,0.03548917690437828,1,0.03548917690437828
BTC,2021-10-29,24,0.026584668322102906,3.3189882176849194e-7,2,0,0.006670584003581276,2,1,0.026584668322102906,1,0.026584668322102906,1,0.026584668322102906
BTC,2021-10-30,24,-0.006126703922249863,3.2493860594445615e-7,2,0,0.006536686086088814,2,1,-0.006126703922249863,1,-0.006126703922249863,1,-0.006126703922249863
BTC,2021-10-31,24,-0.007889926556848954,3.1384009919613005e-7,2,0,0.006252343471481685,1,1,-0.007889926556848954,1,-0.007889926556848954,1,-0.007889926556848954
BTC,2021-11-01,24,-0.006957994174510643,3.248237794075378e-7,2,0,0.006397308369301588,1,1,-0.006957994174510643,1,-0.006957994174510643,1,-0.006957994174510643
BTC,2021-11-02,24,0.037436898402844254,3.242318667322347e-7,2,0,0.006429937464966418,1,1,0.037436898402844254,1,0.037436898402844254,1,0.037436898402844254
BTC,2021-11-03,24,-0.0053366164113802335,3.223699665758912e-7,2,0,0.006402600081197243,1,1,-0.0053366164113802335,1,-0.0053366164113802335,1,-0.0053366164113802335
BTC,2021-11-04,24,-0.02402040371576532,3.2982814767355174e-7,2,0,0.006398977306832566,1,1,-0.02402040371576532,1,-0.02402040371576532,1,-0.02402040371576532
BTC,2021-11-05,24,-0.007232064133983229,3.373880895096058e-7,2,0,0.006252829110953634,1,1,-0.007232064133983229,1,-0.007232064133983229,1,-0.007232064133983229
BTC,2021-11-06,24,0.008651746236847935,3.378775676181738e-7,2,0,0.006190034654791988,1,1,0.008651746236847935,1,0.008651746236847935,1,0.008651746236847935
BTC,2021-11-07,24,0.028539245663061135,3.2958512817876115e-7,2,0,0.006073157115011052,1,1,0.028539245663061135,1,0.028539245663061135,1,0.028539245663061135
BTC,2021-11-08,24,0.064846641351106,3.3315433126750415e-7,2,0,0.0062045922214631856,1,1,0.064846641351106,1,0.064846641351106,1,0.064846641351106
BTC,2021-11-09,24,-0.009067059466479233,3.300857553223486e-7,2,0,0.006206824360578431,1,1,-0.009067059466479233,1,-0.009067059466479233,1,-0.009067059466479233
BTC,2021-11-10,24,-0.0300358390824507,3.3245915018590736e-7,2,0,0.0063599178285194,1,1,-0.0300358390824507,1,-0.0300358390824507,1,-0.0300358390824507
BTC,2021-11-11,24,-0.0022127311901117973,3.3536927808211957e-7,2,0,0.006310918627977754,1,1,-0.0022127311901117973,1,-0.0022127311901117973,1,-0.0022127311901117973
BTC,2021-11-12,24,-0.010426646502831566,3.246054798600638e-7,2,0,0.006213700557239621,1,1,-0.010426646502831566,1,-0.010426646502831566,1,-0.010426646502831566
BTC,2021-11-13,24,0.0037356291511719533,3.2987817199136336e-7,2,0,0.006219821254018908,1,1,0.0037356291511719533,1,0.0037356291511719533,1,0.0037356291511719533
BTC,2021-11-14,24,0.01696731933665274,3.165219329707911e-7,2,0,0.005957925435028149,1,1,0.01696731933665274,1,0.01696731933665274,1,0.01696731933665274
BTC,2021-11-15,24,-0.02911193668362451,3.144345116134414e-7,2,0,0.005946355704957799,1,1,-0.02911193668362451,1,-0.02911193668362451,1,-0.02911193668362451
BTC,2021-11-16,24,-0.05623324872072394,3.0490821286154015e-7,2,0,0.005977205978285916,1,1,-0.05623324872072394,1,-0.05623324872072394,1,-0.05623324872072394
BTC,2021-11-17,24,0.0038272317576857396,3.1172329566595787e-7,2,0,0.00603345999170437,1,1,0.0038272317576857396,1,0.0038272317576857396,1,0.0038272317576857396
BTC,2021-11-18,24,-0.05877921094802348,3.147155351057071e-7,2,0,0.006098912789516201,1,1,-0.05877921094802348,1,-0.05877921094802348,1,-0.05877921094802348
BTC,2021-11-19,24,0.020482139897656338,3.2075349547281923e-7,2,0,0.006109510620073834,1,1,0.020482139897656338,1,0.020482139897656338,1,0.020482139897656338
BTC,2021-11-20,24,0.027913335817623217,3.397801011042982e-7,2,0,0.006106896806061917,1,1,0.027913335817623217,1,0.027913335817623217,1,0.027913335817623217
BTC,2021-11-21,24,-0.018549333103602194,3.3611142012931326e-7,2,0,0.006012088620579001,1,1,-0.018549333103602194,1,-0.018549333103602194,1,-0.018549333103602194
BTC,2021-11-22,24,-0.04090817886749011,3.367854309171232e-7,2,0,0.0061199378157354226,1,1,-0.04090817886749011,1,-0.04090817886749011,1,-0.04090817886749011
BTC,2021-11-23,24,0.022411313614217932,3.3227830242293233e-7,2,0,0.00616785731416307,1,1,0.022411313614217932,1,0.022411313614217932,1,0.022411313614217932
BTC,2021-11-24,24,-0.006414327584023653,3.32063123362819e-7,2,0,0.0061751200587817625,1,1,-0.006414327584023653,1,-0.006414327584023653,1,-0.006414327584023653
BTC,2021-11-25,24,0.02978282898979135,3.2675974386197076e-7,2,0,0.006133173998395071,1,1,0.02978282898979135,1,0.02978282898979135,1,0.02978282898979135
BTC,2021-11-26,24,-0.09132543272289613,3.3142260791037737e-7,2,0,0.006255508661388735,1,1,-0.09132543272289613,1,-0.09132543272289613,1,-0.09132543272289613
BTC,2021-11-27,24,0.018345623242338932,3.2414981905368927e-7,2,0,0.0061292995836476506,1,1,0.018345623242338932,1,0.018345623242338932,1,0.018345623242338932
BTC,2021-11-28,24,0.0448860151821521,3.3224074943354336e-7,2,0,0.00618405951240068,1,1,0.0448860151821521,1,0.0448860151821521,1,0.0448860151821521
BTC,2021-11-29,24,0.00921050685604173,3.3469708818968405e-7,2,0,0.006273042794108664,1,1,0.00921050685604173,1,0.00921050685604173,1,0.00921050685604173
BTC,2021-11-30,24,-0.014798516570148012,3.3994035509813764e-7,2,0,0.006409611817476515,1,1,-0.014798516570148012,1,-0.014798516570148012,1,-0.014798516570148012
BTC,2021-12-01,24,0.0045036523776280195,3.2670927318028916e-7,2,0,0.006339651231382919,1,1,0.0045036523776280195,1,0.0045036523776280195,1,0.0045036523776280195
BTC,2021-12-02,24,-0.012508480725041066,3.205441331950546e-7,2,0,0.006296495381427511,1,1,-0.012508480725041066,1,-0.012508480725041066,1,-0.012508480725041066
BTC,2021-12-03,24,-0.05169337381275005,3.178653499573457e-7,2,0,0.006332854187724672,1,1,-0.05169337381275005,1,-0.05169337381275005,1,-0.05169337381275005
BTC,2021-12-04,24,-0.08600149629010752,3.486410027549847e-7,2,0,0.006885268255674504,2,1,-0.08600149629010752,1,-0.08600149629010752,1,-0.08600149629010752
BTC,2021-12-05,24,0.003813642938413368,3.4666057927937835e-7,2,0,0.006946247257916141,2,1,0.003813642938413368,1,0.003813642938413368,1,0.003813642938413368
BTC,2021-12-06,24,0.022419235195894935,3.5730404142531583e-7,2,0,0.007147569254744924,2,1,0.022419235195894935,1,0.022419235195894935,1,0.022419235195894935
BTC,2021-12-07,24,0.0016954113357804121,3.5720444365107597e-7,2,0,0.007186680771630531,2,1,0.0016954113357804121,1,0.0016954113357804121,1,0.0016954113357804121
BTC,2021-12-08,24,-0.0026689035386531466,3.639989440979345e-7,2,0,0.007224485701452308,2,1,-0.0026689035386531466,1,-0.0026689035386531466,1,-0.0026689035386531466
BTC,2021-12-09,24,-0.05982616960372443,3.666974470766489e-7,2,0,0.007235835947376966,2,1,-0.05982616960372443,1,-0.05982616960372443,1,-0.05982616960372443
BTC,2021-12-10,24,-0.007664602568935798,3.7665015817997774e-7,2,0,0.007224487112819188,2,1,-0.007664602568935798,1,-0.007664602568935798,1,-0.007664602568935798
BTC,2021-12-11,24,0.04450470674333406,3.782252626918818e-7,2,0,0.007256306028231055,2,1,0.04450470674333406,1,0.04450470674333406,1,0.04450470674333406
BTC,2021-12-12,24,0.014998210383354846,3.826645366929705e-7,2,0,0.007257473202582441,2,1,0.014998210383354846,1,0.014998210383354846,1,0.014998210383354846
BTC,2021-12-13,24,-0.06985101187336355,3.772528216094764e-7,2,0,0.007332970146567763,2,1,-0.06985101187336355,1,-0.06985101187336355,1,-0.06985101187336355
BTC,2021-12-14,24,0.035049850091944286,3.763344695140138e-7,2,0,0.007407453222586149,2,1,0.035049850091944286,1,0.035049850091944286,1,0.035049850091944286
BTC,2021-12-15,24,0.009911625593998533,3.7841035097956196e-7,2,0,0.007500593628569997,2,1,0.009911625593998533,1,0.009911625593998533,1,0.009911625593998533
BTC,2021-12-16,24,-0.025911100490875926,3.781821102857423e-7,2,0,0.007421045093400008,2,1,-0.025911100490875926,1,-0.025911100490875926,1,-0.025911100490875926
BTC,2021-12-17,24,-0.031190394368652948,3.762359021539432e-7,2,0,0.007425626868857667,2,1,-0.031190394368652948,1,-0.031190394368652948,1,-0.031190394368652948
BTC,2021-12-18,24,0.014962776172276277,3.831697084532682e-7,2,0,0.007396785035149017,2,1,0.014962776172276277,1,0.014962776172276277,1,0.014962776172276277
BTC,2021-12-19,24,-0.0037604517514388536,3.8319364214932413e-7,2,0,0.007390732176837094,2,1,-0.0037604517514388536,1,-0.0037604517514388536,1,-0.0037604517514388536
BTC,2021-12-20,24,0.004481423088863766,3.7766877624433653e-7,2,0,0.007381574018691213,2,1,0.004481423088863766,1,0.004481423088863766,1,0.004481423088863766
BTC,2021-12-21,24,0.042329745711733674,3.726938640146904e-7,2,0,0.0074206887957881445,2,1,0.042329745711733674,1,0.042329745711733674,1,0.042329745711733674
BTC,2021-12-22,24,-0.0061711632350407025,3.677170899278564e-7,2,0,0.0073054849017002875,2,1,-0.0061711632350407025,1,-0.0061711632350407025,1,-0.0061711632350407025
BTC,2021-12-23,24,0.04413061948112171,3.701172161300471e-7,2,0,0.007303789091464708,2,1,0.04413061948112171,1,0.04413061948112171,1,0.04413061948112171
BTC,2021-12-24,24,3.049587296427925e-4,3.679301492274088e-7,2,0,0.00727721069614041,2,1,3.049587296427925e-4,1,3.049587296427925e-4,1,3.049587296427925e-4
BTC,2021-12-25,24,-0.007866117781010191,3.6974639238629856e-7,2,0,0.007240144579725099,2,1,-0.007866117781010191,1,-0.007866117781010191,1,-0.007866117781010191
BTC,2021-12-26,24,0.0071379977546670685,3.7464015685642496e-7,2,0,0.007106872658741662,2,1,0.0071379977546670685,1,0.0071379977546670685,1,0.0071379977546670685
BTC,2021-12-27,24,-0.0021658445649572746,3.7746159363962883e-7,2,0,0.00708462291103473,2,1,-0.0021658445649572746,1,-0.0021658445649572746,1,-0.0021658445649572746
BTC,2021-12-28,24,-0.063935528746641,3.640270608803441e-7,2,0,0.007006773368079038,2,1,-0.063935528746641,1,-0.063935528746641,1,-0.063935528746641
BTC,2021-12-29,24,-0.022866027896854654,3.6796492034321545e-7,2,0,0.007021586417869941,2,1,-0.022866027896854654,1,-0.022866027896854654,1,-0.022866027896854654
BTC,2021-12-30,24,0.014326702848021707,3.642352462420279e-7,2,0,0.006914865427503621,2,1,0.014326702848021707,1,0.014326702848021707,1,0.014326702848021707
BTC,2021-12-31,24,-0.021305544256354118,3.7549946530372586e-7,2,0,0.006980055095738232,2,1,-0.021305544256354118,1,-0.021305544256354118,1,-0.021305544256354118
BTC,2022-01-01,24,0.03383704977604891,3.7937793485766784e-7,2,0,0.00697484100870148,2,1,0.03383704977604891,1,0.03383704977604891,1,0.03383704977604891
BTC,2022-01-02,24,-0.009126468370028312,3.847564019112438e-7,2,0,0.006908177797565081,2,1,-0.009126468370028312,1,-0.009126468370028312,1,-0.009126468370028312
BTC,2022-01-03,24,-0.018175104495759757,3.4956682974852255e-7,2,0,0.00632891605210083,1,1,-0.018175104495759757,1,-0.018175104495759757,1,-0.018175104495759757
BTC,2022-01-04,24,-0.01287186920676697,3.5134232471340464e-7,2,0,0.006286145273892502,1,1,-0.01287186920676697,1,-0.01287186920676697,1,-0.01287186920676697
BTC,2022-01-05,24,-0.05487073934085264,3.4174614333903175e-7,2,0,0.006199707932908458,1,1,-0.05487073934085264,1,-0.05487073934085264,1,-0.05487073934085264
BTC,2022-01-06,24,-0.006600867100243854,3.328321581427556e-7,2,0,0.006196469543227529,1,1,-0.006600867100243854,1,-0.006600867100243854,1,-0.006600867100243854
BTC,2022-01-07,24,-0.03782702190999182,3.2662427988137093e-7,2,0,0.006240064000985856,1,1,-0.03782702190999182,1,-0.03782702190999182,1,-0.03782702190999182
BTC,2022-01-08,24,0.004076105661841243,3.279307233017365e-7,2,0,0.006247912495964415,1,1,0.004076105661841243,1,0.004076105661841243,1,0.004076105661841243
BTC,2022-01-09,24,0.004061947202637877,3.213544448637733e-7,2,0,0.0061372470470441335,1,1,0.004061947202637877,1,0.004061947202637877,1,0.004061947202637877
BTC,2022-01-10,24,-1.815614769753865e-4,3.2329480765008233e-7,2,0,0.006230529620611894,1,1,-1.815614769753865e-4,1,-1.815614769753865e-4,1,-1.815614769753865e-4
BTC,2022-01-11,24,0.0206547342589894,3.226383905313695e-7,2,0,0.006270626011349189,1,1,0.0206547342589894,1,0.0206547342589894,1,0.0206547342589894
BTC,2022-01-12,24,0.02767421111369441,3.19504932404628e-7,2,0,0.006166151349983101,1,1,0.02767421111369441,1,0.02767421111369441,1,0.02767421111369441
BTC,2022-01-13,24,-0.03186752204207062,3.162492684117849e-7,2,0,0.006103402998263935,1,1,-0.03186752204207062,1,-0.03186752204207062,1,-0.03186752204207062
BTC,2022-01-14,24,0.012611096608363126,3.150610578499029e-7,2,0,0.006036417284320753,1,1,0.012611096608363126,1,0.012611096608363126,1,0.012611096608363126
BTC,2022-01-15,24,4.988312371784387e-4,3.2056382741061803e-7,2,0,0.0060016406105193034,1,1,4.988312371784387e-4,1,4.988312371784387e-4,1,4.988312371784387e-4
BTC,2022-01-16,24,6.958458008487177e-5,3.1433771565294357e-7,2,0,0.00584937399760046,1,1,6.958458008487177e-5,1,6.958458008487177e-5,1,6.958458008487177e-5
BTC,2022-01-17,24,-0.02029998506722755,3.0843510390305655e-7,2,0,0.00578710825501107,1,1,-0.02029998506722755,1,-0.02029998506722755,1,-0.02029998506722755
BTC,2022-01-18,24,0.003187956064608834,3.0229947227972675e-7,2,0,0.005721774012161318,1,1,0.003187956064608834,1,0.003187956064608834,1,0.003187956064608834
BTC,2022-01-19,24,-0.016577199660588238,3.066684722809073e-7,2,0,0.005723339154305244,1,1,-0.016577199660588238,1,-0.016577199660588238,1,-0.016577199660588238
BTC,2022-01-20,24,-0.024263965465524152,3.1906725225480593e-7,2,0,0.005808079944400807,1,1,-0.024263965465524152,1,-0.024263965465524152,1,-0.024263965465524152
BTC,2022-01-21,24,-0.10946004113342865,3.51994712044323e-7,2,0,0.006368611641661706,1,1,-0.10946004113342865,1,-0.10946004113342865,1,-0.10946004113342865
BTC,2022-01-22,24,-0.039168504931966046,3.628487232893577e-7,2,0,0.0065552109107754174,2,1,-0.039168504931966046,1,-0.039168504931966046,1,-0.039168504931966046
BTC,2022-01-23,24,0.03392008713222796,3.798978231613621e-7,2,0,0.006708330430051356,2,1,0.03392008713222796,1,0.03392008713222796,1,0.03392008713222796
BTC,2022-01-24,24,0.011565416606404897,4.1084439686146237e-7,2,0,0.007233886728794966,2,1,0.011565416606404897,1,0.011565416606404897,1,0.011565416606404897
BTC,2022-01-25,24,0.007824997552179185,4.1037730644980384e-7,2,0,0.00731238152403521,2,1,0.007824997552179185,1,0.007824997552179185,1,0.007824997552179185
BTC,2022-01-26,24,-0.004340564476263504,4.081195474248601e-7,2,0,0.007442149575820619,2,1,-0.004340564476263504,1,-0.004340564476263504,1,-0.004340564476263504
BTC,2022-01-27,24,0.0100746379835574,4.232896447279942e-7,2,0,0.007608427020366518,2,1,0.0100746379835574,1,0.0100746379835574,1,0.0100746379835574
BTC,2022-01-28,24,0.014342692464064083,4.210570155856394e-7,2,0,0.007600511219450641,2,1,0.014342692464064083,1,0.014342692464064083,1,0.014342692464064083
BTC,2022-01-29,24,0.01125135053219266,4.2229680899348344e-7,2,0,0.007604329145845224,2,1,0.01125135053219266,1,0.01125135053219266,1,0.01125135053219266
BTC,2022-01-30,24,-0.006171252912374215,4.184643258091247e-7,2,0,0.007489647376138325,2,1,-0.006171252912374215,1,-0.006171252912374215,1,-0.006171252912374215
BTC,2022-01-31,24,0.015227485497743264,4.236687726146025e-7,2,0,0.007551184848753777,2,1,0.015227485497743264,1,0.015227485497743264,1,0.015227485497743264
BTC,2022-02-01,24,0.005381202129798889,4.187778762881137e-7,2,0,0.007584253901264333,2,1,0.005381202129798889,1,0.005381202129798889,1,0.005381202129798889
BTC,2022-02-02,24,-0.048052701818326854,4.218695865664842e-7,2,0,0.007634973557305528,2,1,-0.048052701818326854,1,-0.048052701818326854,1,-0.048052701818326854
BTC,2022-02-03,24,0.011346290337218685,4.2488033519162694e-7,2,0,0.007642954496422664,2,1,0.011346290337218685,1,0.011346290337218685,1,0.011346290337218685
BTC,2022-02-04,24,0.10810428053525349,4.4122775306948464e-7,2,0,0.007796444075324418,2,1,0.10810428053525349,1,0.10810428053525349,1,0.10810428053525349
BTC,2022-02-05,24,-0.00401183606468779,4.5001784185063374e-7,2,0,0.0077705021442347096,2,1,-0.00401183606468779,1,-0.00401183606468779,1,-0.00401183606468779
BTC,2022-02-06,24,0.023868449424225127,4.5170394814038833e-7,2,0,0.007624094487335398,2,1,0.023868449424225127,1,0.023868449424225127,1,0.023868449424225127
BTC,2022-02-07,24,0.03355872602981438,4.4192316882806034e-7,2,0,0.007623665412863016,2,1,0.03355872602981438,1,0.03355872602981438,1,0.03355872602981438
BTC,2022-02-08,24,0.004818859009443716,4.441794415980936e-7,2,0,0.007700430652753518,2,1,0.004818859009443716,1,0.004818859009443716,1,0.004818859009443716
BTC,2022-02-09,24,0.007704071252928725,4.4016905731346013e-7,2,0,0.0076287809141959975,2,1,0.007704071252928725,1,0.007704071252928725,1,0.007704071252928725
BTC,2022-02-10,24,-0.020067182774162,4.4266949484483357e-7,2,0,0.007736793153694275,2,1,-0.020067182774162,1,-0.020067182774162,1,-0.020067182774162
BTC,2022-02-11,24,-0.026469556484200286,4.4757013572873907e-7,2,0,0.007799986472814054,2,1,-0.026469556484200286,1,-0.026469556484200286,1,-0.026469556484200286
BTC,2022-02-12,24,-0.0037617658477196014,4.516538882205471e-7,2,0,0.007794538735563655,2,1,-0.0037617658477196014,1,-0.0037617658477196014,1,-0.0037617658477196014
BTC,2022-02-13,24,-0.004232328543517779,4.5537269439575736e-7,2,0,0.007762164832745582,2,1,-0.004232328543517779,1,-0.004232328543517779,1,-0.004232328543517779
BTC,2022-02-14,24,0.01183809367754836,4.5512441935920857e-7,2,0.4583333333333333,0.007798349811020395,2,1,0.01183809367754836,0.5416666666666667,-0.01323380561456605,1,0.01183809367754836
BTC,2022-02-15,24,0.0459090838252666,4.556389326982145e-7,2,0.625,0.007840254320775305,2,1,0.0459090838252666,0.375,0.02564687032368424,1,0.0459090838252666
BTC,2022-02-16,24,-0.015604786314453377,4.5559229005845053e-7,3,0.5,0.007842898733344424,2,1,-0.015604786314453377,0.5,-0.02672951640118046,1,-0.015604786314453377
BTC,2022-02-17,24,-0.07891603832555258,4.5341425204867417e-7,2,0.5416666666666666,0.007897284599308994,2,1,-0.07891603832555258,0.45833333333333337,-0.04876905570065324,1,-0.07891603832555258
BTC,2022-02-18,24,-0.013320900675944481,4.4595796360931593e-7,2,0,0.007867922665524269,2,1,-0.013320900675944481,1,-0.013320900675944481,1,-0.013320900675944481
BTC,2022-02-19,24,0.0022071536689401805,4.4110287211722464e-7,2,0,0.007737862854203692,2,1,0.0022071536689401805,1,0.0022071536689401805,1,0.0022071536689401805
BTC,2022-02-20,24,-0.043214131078804945,4.21290210759767e-7,2,0,0.007322723862492008,2,1,-0.043214131078804945,1,-0.043214131078804945,1,-0.043214131078804945
BTC,2022-02-21,24,-0.03662076262240061,4.3758990807606126e-7,2,0,0.00743303764812251,2,1,-0.03662076262240061,1,-0.03662076262240061,1,-0.03662076262240061
BTC,2022-02-22,24,0.03287155562109327,4.235926327503881e-7,2,0,0.00735324984668525,2,1,0.03287155562109327,1,0.03287155562109327,1,0.03287155562109327
BTC,2022-02-23,24,-0.02665362320664954,3.9411595066430376e-7,2,0,0.006920699365736843,2,1,-0.02665362320664954,1,-0.02665362320664954,1,-0.02665362320664954
BTC,2022-02-24,24,0.028859973950443478,3.9954957588952917e-7,2,0,0.007245983652584066,2,1,0.028859973950443478,1,0.028859973950443478,1,0.028859973950443478
BTC,2022-02-25,24,0.02301637034129201,4.0439535998410013e-7,2,0,0.007202542400990624,2,1,0.02301637034129201,1,0.02301637034129201,1,0.02301637034129201
BTC,2022-02-26,24,-0.0028920160494730284,3.937368476965211e-7,2,0,0.00702295720158628,2,1,-0.0028920160494730284,1,-0.0028920160494730284,1,-0.0028920160494730284
BTC,2022-02-27,24,-0.03673751299097435,4.065884787888225e-7,2,0,0.0071703269229082146,2,1,-0.03673751299097435,1,-0.03673751299097435,1,-0.03673751299097435
BTC,2022-02-28,24,0.13581635790142493,4.237873105145156e-7,2,0,0.007541264459636888,2,1,0.13581635790142493,1,0.13581635790142493,1,0.13581635790142493
BTC,2022-03-01,24,0.028149847931095755,4.0568827706718557e-7,2,0,0.007627571771208043,2,1,0.028149847931095755,1,0.028149847931095755,1,0.028149847931095755
BTC,2022-03-02,24,-0.011440933212459892,3.9874910206287353e-7,2,0,0.007652673337663588,2,1,-0.011440933212459892,1,-0.011440933212459892,1,-0.011440933212459892
BTC,2022-03-03,24,-0.033746510025099735,3.9744969865405895e-7,2,0,0.007677981911406003,2,1,-0.033746510025099735,1,-0.033746510025099735,1,-0.033746510025099735
BTC,2022-03-04,24,-0.08159912057944903,3.834714328402189e-7,2,0,0.007704811620466931,2,1,-0.08159912057944903,1,-0.08159912057944903,1,-0.08159912057944903
BTC,2022-03-05,24,0.006593354918444351,3.7794513374918957e-7,2,0,0.007642971404670207,2,1,0.006593354918444351,1,0.006593354918444351,1,0.006593354918444351
BTC,2022-03-06,24,-0.025192592876415624,3.631867609058953e-7,2,0,0.007433628025202015,2,1,-0.025192592876415624,1,-0.025192592876415624,1,-0.025192592876415624
BTC,2022-03-07,24,-0.010264309382845244,3.6735733688038365e-7,2,0,0.007542462318489028,2,1,-0.010264309382845244,1,-0.010264309382845244,1,-0.010264309382845244
BTC,2022-03-08,24,0.018980311010953696,3.637440112362115e-7,2,0,0.00756925006385074,2,1,0.018980311010953696,1,0.018980311010953696,1,0.018980311010953696
BTC,2022-03-09,24,0.07964523600106488,3.7760324844253583e-7,2,0,0.007734149242394483,2,1,0.07964523600106488,1,0.07964523600106488,1,0.07964523600106488
BTC,2022-03-10,24,-0.06216905313205809,3.756363679041494e-7,2,0,0.007754832212336601,2,1,-0.06216905313205809,1,-0.06216905313205809,1,-0.06216905313205809
BTC,2022-03-11,24,-0.01800531960124662,3.8496439114993904e-7,2,0,0.007860541785262328,2,1,-0.01800531960124662,1,-0.01800531960124662,1,-0.01800531960124662
BTC,2022-03-12,24,0.0013648603524134915,3.8180966680139826e-7,2,0,0.007694167984052389,2,1,0.0013648603524134915,1,0.0013648603524134915,1,0.0013648603524134915
BTC,2022-03-13,24,-0.026031396720954513,3.82761670391931e-7,2,0,0.007667046983260096,2,1,-0.026031396720954513,1,-0.026031396720954513,1,-0.026031396720954513
BTC,2022-03-14,24,0.04907693315932216,3.779233710479261e-7,2,0,0.007670315393531116,2,1,0.04907693315932216,1,0.04907693315932216,1,0.04907693315932216
BTC,2022-03-15,24,-0.009208489842056551,3.7683020672571403e-7,2,0,0.0077087735266080605,2,1,-0.009208489842056551,1,-0.009208489842056551,1,-0.009208489842056551
BTC,2022-03-16,24,0.04472127214132641,3.94078212796197e-7,2,0,0.008044073046651222,2,1,0.04472127214132641,1,0.04472127214132641,1,0.04472127214132641
BTC,2022-03-17,24,-0.004347536261803269,3.9087003646835954e-7,2,0,0.008015714389688572,2,1,-0.004347536261803269,1,-0.004347536261803269,1,-0.004347536261803269
BTC,2022-03-18,24,0.02005611183610559,3.909769695719899e-7,2,0,0.008044901795224647,2,1,0.02005611183610559,1,0.02005611183610559,1,0.02005611183610559
BTC,2022-03-19,24,0.010546202129104447,3.9057722177051466e-7,2,0,0.007959715089098702,2,1,0.010546202129104447,1,0.010546202129104447,1,0.010546202129104447
BTC,2022-03-20,24,-0.02225054971837301,3.8928257462275744e-7,2,0,0.007917153538888166,2,1,-0.02225054971837301,1,-0.02225054971837301,1,-0.02225054971837301
BTC,2022-03-21,24,-0.006675334283167974,3.8780232984876566e-7,2,0,0.007938507171639863,2,1,-0.006675334283167974,1,-0.006675334283167974,1,-0.006675334283167974
BTC,2022-03-22,24,0.0327038538314736,3.875817791939871e-7,2,0,0.007954849178774202,2,1,0.0327038538314736,1,0.0327038538314736,1,0.0327038538314736
BTC,2022-03-23,24,0.012487250142484328,3.6685403003339204e-7,2,0,0.007658481959596142,2,1,0.012487250142484328,1,0.012487250142484328,1,0.012487250142484328
BTC,2022-03-24,24,0.02482771230675685,3.649046207357601e-7,2,0,0.007611985724598213,2,1,0.02482771230675685,1,0.02482771230675685,1,0.02482771230675685
BTC,2022-03-25,24,0.0073949003249922296,3.584900961432321e-7,2,0,0.007558636424917104,2,1,0.0073949003249922296,1,0.0073949003249922296,1,0.0073949003249922296
BTC,2022-03-26,24,0.005232756542809954,3.4764860360034215e-7,2,0,0.007140997499305514,2,1,0.005232756542809954,1,0.005232756542809954,1,0.005232756542809954
BTC,2022-03-27,24,0.05049473552371152,3.4885945712958e-7,2,0,0.007106563809695537,2,1,0.05049473552371152,1,0.05049473552371152,1,0.05049473552371152
BTC,2022-03-28,24,0.006015353306688159,3.4213445957269675e-7,2,0,0.007081889712119358,2,1,0.006015353306688159,1,0.006015353306688159,1,0.006015353306688159
BTC,2022-03-29,24,0.006392622170932118,3.249143813678508e-7,2,0,0.006847580802796744,2,1,0.006392622170932118,1,0.006392622170932118,1,0.006392622170932118
BTC,2022-03-30,24,-0.008061461971731477,3.0371063420026695e-7,2,0,0.006437047803368439,1,1,-0.008061461971731477,1,-0.008061461971731477,1,-0.008061461971731477
BTC,2022-03-31,24,-0.03316225923193792,3.133134474939654e-7,2,0,0.006357428583604902,1,1,-0.03316225923193792,1,-0.03316225923193792,1,-0.03316225923193792
BTC,2022-04-01,24,0.017154857448187188,3.0999494617600374e-7,2,0,0.00629538019598268,1,1,0.017154857448187188,1,0.017154857448187188,1,0.017154857448187188
BTC,2022-04-02,24,-0.010492756398455087,3.1444951497902286e-7,2,0,0.006237519334604535,1,1,-0.010492756398455087,1,-0.010492756398455087,1,-0.010492756398455087
BTC,2022-04-03,24,0.01289529207706483,3.277514322339426e-7,2,0,0.006142237874258218,1,1,0.01289529207706483,1,0.01289529207706483,1,0.01289529207706483
BTC,2022-04-04,24,0.004163784155278178,3.298438185386894e-7,2,0,0.006175468453158815,1,1,0.004163784155278178,1,0.004163784155278178,1,0.004163784155278178
BTC,2022-04-05,24,-0.024712348032480617,3.254372720694651e-7,2,0,0.006110003473540312,1,1,-0.024712348032480617,1,-0.024712348032480617,1,-0.024712348032480617
BTC,2022-04-06,24,-0.05189154890989845,3.1289330236760357e-7,2,0,0.006006561662286578,1,1,-0.05189154890989845,1,-0.05189154890989845,1,-0.05189154890989845
BTC,2022-04-07,24,0.006702914447738413,3.145859553382997e-7,2,0,0.005943855987530534,1,1,0.006702914447738413,1,0.006702914447738413,1,0.006702914447738413
BTC,2022-04-08,24,-0.027690790208046948,3.022433391522881e-7,2,0,0.005716426807342383,1,1,-0.027690790208046948,1,-0.027690790208046948,1,-0.027690790208046948
BTC,2022-04-09,24,0.011320973243350081,2.948751050855655e-7,2,0,0.005498519381196717,1,1,0.011320973243350081,1,0.011320973243350081,1,0.011320973243350081
BTC,2022-04-10,24,-0.014224722918146296,2.8414455001447224e-7,2,0,0.005309699164904929,1,1,-0.014224722918146296,1,-0.014224722918146296,1,-0.014224722918146296
BTC,2022-04-11,24,-0.06429566637870088,2.910319250404066e-7,2,0,0.005439107992323371,1,1,-0.06429566637870088,1,-0.06429566637870088,1,-0.06429566637870088
BTC,2022-04-12,24,0.013668783266432918,2.882011436686907e-7,2,0,0.0054077921192232006,1,1,0.013668783266432918,1,0.013668783266432918,1,0.013668783266432918
BTC,2022-04-13,24,0.026378906002240268,2.946990660919305e-7,2,0,0.005429484443931799,1,1,0.026378906002240268,1,0.026378906002240268,1,0.026378906002240268
BTC,2022-04-14,24,-0.029472609115452176,2.9426936066942386e-7,2,0,0.0053996742595141395,1,1,-0.029472609115452176,1,-0.029472609115452176,1,-0.029472609115452176
BTC,2022-04-15,24,0.015275094332167415,2.54383160641361e-7,1,0,0.0048258580251698035,1,1,0.015275094332167415,1,0.015275094332167415,1,0.015275094332167415
BTC,2022-04-16,24,-0.004667035026726578,2.579160275229778e-7,1,0,0.00479495531975359,1,1,-0.004667035026726578,1,-0.004667035026726578,1,-0.004667035026726578
BTC,2022-04-17,24,-0.01748185341819011,2.569918898706364e-7,1,0,0.004726255009358816,1,1,-0.01748185341819011,1,-0.01748185341819011,1,-0.01748185341819011
BTC,2022-04-18,24,0.028081479952994405,2.701043548879058e-7,2,0,0.004896492483362527,1,1,0.028081479952994405,1,0.028081479952994405,1,0.028081479952994405
BTC,2022-04-19,24,0.01688380982043342,2.743543808818669e-7,2,0,0.004914212288878161,1,1,0.01688380982043342,1,0.01688380982043342,1,0.01688380982043342
BTC,2022-04-20,24,-0.0032892504084457526,2.7572197008938636e-7,2,0,0.004922305220670835,1,1,-0.0032892504084457526,1,-0.0032892504084457526,1,-0.0032892504084457526
BTC,2022-04-21,24,-0.021644258824606775,2.684949288025864e-7,2,0,0.004856821771147615,1,1,-0.021644258824606775,1,-0.021644258824606775,1,-0.021644258824606775
BTC,2022-04-22,24,-0.019157693144001047,2.6535264713207435e-7,2,0,0.004828577197353263,1,1,-0.019157693144001047,1,-0.019157693144001047,1,-0.019157693144001047
BTC,2022-04-23,24,-0.0070826496464309425,2.6764001693017933e-7,2,0,0.004780469267681254,1,1,-0.0070826496464309425,1,-0.0070826496464309425,1,-0.0070826496464309425
BTC,2022-04-24,24,8.187216487037016e-4,2.751378681409019e-7,2,0,0.004746769370587294,1,1,8.187216487037016e-4,1,8.187216487037016e-4,1,8.187216487037016e-4
BTC,2022-04-25,24,0.02429461818269081,2.774580385186799e-7,2,0,0.0048851672572342245,1,1,0.02429461818269081,1,0.02429461818269081,1,0.02429461818269081
BTC,2022-04-26,24,-0.058998627671994666,2.6385890082164177e-7,2,0,0.004861225326289718,1,1,-0.058998627671994666,1,-0.058998627671994666,1,-0.058998627671994666
BTC,2022-04-27,24,0.02916522265025125,2.716020139555525e-7,2,0,0.004930803371185632,1,1,0.02916522265025125,1,0.02916522265025125,1,0.02916522265025125
BTC,2022-04-28,24,0.012731382416644083,2.705505239630913e-7,2,0,0.004969055315842665,1,1,0.012731382416644083,1,0.012731382416644083,1,0.012731382416644083
BTC,2022-04-29,24,-0.029440955852101252,2.6830805743748954e-7,2,0,0.004978899738017585,1,1,-0.029440955852101252,1,-0.029440955852101252,1,-0.029440955852101252
BTC,2022-04-30,24,-0.024619557317807877,2.7008006179106387e-7,2,0,0.004948924849238378,1,1,-0.024619557317807877,1,-0.024619557317807877,1,-0.024619557317807877
BTC,2022-05-01,24,0.021365521937278798,2.758519655531349e-7,2,0,0.004902991702361502,1,1,0.021365521937278798,1,0.021365521937278798,1,0.021365521937278798
BTC,2022-05-02,24,6.703562492833817e-4,2.7083582152504713e-7,2,0,0.004905289742564405,1,1,6.703562492833817e-4,1,6.703562492833817e-4,1,6.703562492833817e-4
BTC,2022-05-03,24,-0.02025577008763464,2.636358119426883e-7,2,0,0.004865616890970385,1,1,-0.02025577008763464,1,-0.02025577008763464,1,-0.02025577008763464
BTC,2022-05-04,24,0.050517970643109485,2.608995519916996e-7,2,0,0.004883594460758492,1,1,0.050517970643109485,1,0.050517970643109485,1,0.050517970643109485
BTC,2022-05-05,24,-0.08243914112603093,2.7401272833223025e-7,2,0,0.005125820560227703,1,1,-0.08243914112603093,1,-0.08243914112603093,1,-0.08243914112603093
BTC,2022-05-06,24,-0.014476548295700485,2.8495518853571323e-7,2,0,0.005161737856648581,1,1,-0.014476548295700485,1,-0.014476548295700485,1,-0.014476548295700485
BTC,2022-05-07,24,-0.015512255585161951,2.9041047210568e-7,2,0,0.005200380242858499,1,1,-0.015512255585161951,1,-0.015512255585161951,1,-0.015512255585161951
BTC,2022-05-08,24,-0.04141786329867304,2.8618819903290165e-7,2,0,0.005219046427298089,1,1,-0.04141786329867304,1,-0.04141786329867304,1,-0.04141786329867304
BTC,2022-05-09,24,-0.12336114931122244,2.8701162255064535e-7,2,0,0.005618938353215612,1,1,-0.12336114931122244,1,-0.12336114931122244,1,-0.12336114931122244
BTC,2022-05-10,24,0.030273091847037883,3.021945504630751e-7,2,0,0.0060946922453782686,1,1,0.030273091847037883,1,0.030273091847037883,1,0.030273091847037883
BTC,2022-05-11,24,-0.06689161766128755,4.1200145481617344e-7,2,0,0.007566936812388216,2,1,-0.06689161766128755,1,-0.06689161766128755,1,-0.06689161766128755
BTC,2022-05-12,24,-0.001750162259036469,4.758352966597185e-7,3,0.4583333333333333,0.008528323519501288,2,1,-0.001750162259036469,0.5416666666666667,0.0016418746504097675,1,-0.001750162259036469
BTC,2022-05-13,24,0.009600183761468758,4.8151919605378e-7,3,1,0.008651898893445685,2,1,0.009600183761468758,0,0,1,0.009600183761468758
BTC,2022-05-14,24,0.027860376506104217,4.846755952206303e-7,3,1,0.008713281038674987,2,1,0.027860376506104217,0,0,1,0.027860376506104217
BTC,2022-05-15,24,0.04071629208688432,4.913265159318211e-7,3,1,0.008788509051028235,2,1,0.04071629208688432,0,0,1,0.04071629208688432
BTC,2022-05-16,24,-0.0481352019932008,4.961740170074824e-7,3,1,0.008952412256294829,2,1,-0.0481352019932008,0,0,1,-0.0481352019932008
BTC,2022-05-17,24,0.019331748348639394,4.957632332175589e-7,3,1,0.009018791846295412,2,1,0.019331748348639394,0,0,1,0.019331748348639394
BTC,2022-05-18,24,-0.05906315142531136,4.870396871634923e-7,3,1,0.008997572017522612,2,1,-0.05906315142531136,0,0,1,-0.05906315142531136
BTC,2022-05-19,24,0.05485809983364174,4.861438673316835e-7,3,1,0.009074865376559348,2,1,0.05485809983364174,0,0,1,0.05485809983364174
BTC,2022-05-20,24,-0.03745547015551894,4.86462962700776e-7,3,1,0.00914717123022072,2,1,-0.03745547015551894,0,0,1,-0.03745547015551894
BTC,2022-05-21,24,0.008058639162203236,4.903508633451611e-7,3,1,0.009098243487869584,2,1,0.008058639162203236,0,0,1,0.008058639162203236
BTC,2022-05-22,24,0.028977333954197222,4.957310866147243e-7,3,1,0.009134758312067684,2,1,0.028977333954197222,0,0,1,0.028977333954197222
BTC,2022-05-23,24,-0.040384334261490094,4.940267288811072e-7,3,1,0.009201995439911239,2,1,-0.040384334261490094,0,0,1,-0.040384334261490094
BTC,2022-05-24,24,0.019141394410163628,4.901028529177613e-7,3,1,0.009227095047627348,2,1,0.019141394410163628,0,0,1,0.019141394410163628
BTC,2022-05-25,24,-0.003769946698689172,4.925266579104747e-7,3,1,0.00920169035076116,2,1,-0.003769946698689172,0,0,1,-0.003769946698689172
BTC,2022-05-26,24,-0.011358183809617558,4.939391837639952e-7,3,1,0.00923392412237897,2,1,-0.011358183809617558,0,0,1,-0.011358183809617558
BTC,2022-05-27,24,-0.02101280597091989,4.925953272327198e-7,3,1,0.009259355521093087,2,1,-0.02101280597091989,0,0,1,-0.02101280597091989
BTC,2022-05-28,24,0.015278074954320424,4.976988369564332e-7,3,1,0.00923411693608469,2,1,0.015278074954320424,0,0,1,0.015278074954320424
BTC,2022-05-29,24,0.014722244892268768,4.992493575775329e-7,3,1,0.009204948608569902,2,1,0.014722244892268768,0,0,1,0.014722244892268768
BTC,2022-05-30,24,0.07397820561324807,4.893799006313023e-7,3,1,0.009282137147171205,2,1,0.07397820561324807,0,0,1,0.07397820561324807
BTC,2022-05-31,24,0.0021797824439398683,4.823817186208198e-7,3,1,0.009282058066917136,2,1,0.0021797824439398683,0,0,1,0.0021797824439398683
BTC,2022-06-01,24,-0.06469271368030738,4.772171688623102e-7,3,1,0.009322575324992184,2,1,-0.06469271368030738,0,0,1,-0.06469271368030738
BTC,2022-06-02,24,0.021157605402876808,4.761268343441177e-7,3,1,0.009333029164880597,2,1,0.021157605402876808,0,0,1,0.021157605402876808
BTC,2022-06-03,24,-0.024978254986115108,4.774290648847464e-7,3,1,0.009324472415232897,2,1,-0.024978254986115108,0,0,1,-0.024978254986115108
BTC,2022-06-04,24,0.005832722696658148,4.787716578785574e-7,3,1,0.00918244475024518,2,1,0.005832722696658148,0,0,1,0.005832722696658148
BTC,2022-06-05,24,0.0019277888616202844,4.806935129968438e-7,3,1,0.009131367476356858,2,1,0.0019277888616202844,0,0,1,0.0019277888616202844
BTC,2022-06-06,24,0.04730257512735711,4.727827759397262e-7,3,1,0.009133683341320555,2,1,0.04730257512735711,0,0,1,0.04730257512735711
BTC,2022-06-07,24,-0.008252401732824197,4.824808472690053e-7,3,1,0.00930035852562369,2,1,-0.008252401732824197,0,0,1,-0.008252401732824197
BTC,2022-06-08,24,-0.02962555988642889,5.046924224832712e-7,3,1,0.009194725723046079,2,1,-0.02962555988642889,0,0,1,-0.02962555988642889
BTC,2022-06-09,24,-0.003833005334998849,5.061487642461386e-7,3,1,0.008878399490247808,2,1,-0.003833005334998849,0,0,1,-0.003833005334998849
BTC,2022-06-10,24,-0.03451709310059866,4.1119565889172987e-7,2,0.5416666666666666,0.007618040037268683,2,1,-0.03451709310059866,0.4583333333333335,-0.02152499834076216,1,-0.03451709310059866
BTC,2022-06-11,24,-0.023495424849323588,3.352783584315779e-7,2,0,0.006537307512593304,2,1,-0.023495424849323588,1,-0.023495424849323588,1,-0.023495424849323588
BTC,2022-06-12,24,-0.06592401383784005,3.3724648477827694e-7,2,0,0.006534172518284121,2,1,-0.06592401383784005,1,-0.06592401383784005,1,-0.06592401383784005
BTC,2022-06-13,24,-0.16802730342543867,3.237037673660722e-7,2,0,0.006894749400963842,2,1,-0.16802730342543867,1,-0.16802730342543867,1,-0.16802730342543867
BTC,2022-06-14,24,-0.01566517941011658,3.610933664607651e-7,2,0,0.007582124013362993,2,1,-0.01566517941011658,1,-0.01566517941011658,1,-0.01566517941011658
BTC,2022-06-15,24,0.02008547372619834,3.684927374310849e-7,2,0,0.008021094709487028,2,1,0.02008547372619834,1,0.02008547372619834,1,0.02008547372619834
BTC,2022-06-16,24,-0.10227912190216054,3.577010187859005e-7,2,0,0.008060908245615672,2,1,-0.10227912190216054,1,-0.10227912190216054,1,-0.10227912190216054
BTC,2022-06-17,24,0.0032647727973096133,3.592397073380981e-7,2,0,0.008146700466460675,2,1,0.0032647727973096133,1,0.0032647727973096133,1,0.0032647727973096133
BTC,2022-06-18,24,-0.07534241534293147,3.7483550523424345e-7,2,0,0.008607146698167664,2,1,-0.07534241534293147,1,-0.07534241534293147,1,-0.07534241534293147
BTC,2022-06-19,24,0.08132461350731503,4.051035231432536e-7,2,0,0.00913054501920562,2,1,0.08132461350731503,1,0.08132461350731503,1,0.08132461350731503
BTC,2022-06-20,24,-2.6760409350664064e-4,4.1078964613675323e-7,2,0,0.009382895768446439,2,1,-2.6760409350664064e-4,1,-2.6760409350664064e-4,1,-2.6760409350664064e-4
BTC,2022-06-21,24,0.0073645425564840255,4.0953750348274535e-7,2,0,0.009470325275404451,2,1,0.0073645425564840255,1,0.0073645425564840255,1,0.0073645425564840255
BTC,2022-06-22,24,-0.03693117937859666,4.090416423186945e-7,2,0,0.009556077190239144,2,1,-0.03693117937859666,1,-0.03693117937859666,1,-0.03693117937859666
BTC,2022-06-23,24,0.05534820586575548,4.15810719726971e-7,2,0,0.009664969495260786,2,1,0.05534820586575548,1,0.05534820586575548,1,0.05534820586575548
BTC,2022-06-24,24,0.005863261346437801,4.1083985285267946e-7,2,0,0.00966893144702813,2,1,0.005863261346437801,1,0.005863261346437801,1,0.005863261346437801
BTC,2022-06-25,24,0.012360413379866275,4.155010734979791e-7,2,0,0.009630370552345814,2,1,0.012360413379866275,1,0.012360413379866275,1,0.012360413379866275
BTC,2022-06-26,24,-0.02123483824587331,4.18428392455973e-7,2,0,0.009588825620255918,2,1,-0.02123483824587331,1,-0.02123483824587331,1,-0.02123483824587331
BTC,2022-06-27,24,-0.014710516449381837,4.1555371947432535e-7,2,0,0.009633963531272367,2,1,-0.014710516449381837,1,-0.014710516449381837,1,-0.014710516449381837
BTC,2022-06-28,24,-0.02268702724001893,4.142624115956497e-7,2,0,0.009677369103633784,2,1,-0.02268702724001893,1,-0.02268702724001893,1,-0.02268702724001893
BTC,2022-06-29,24,-0.008200790671233173,4.1131936217692106e-7,2,0,0.009604740333266368,2,1,-0.008200790671233173,1,-0.008200790671233173,1,-0.008200790671233173
BTC,2022-06-30,24,-0.006808881313702116,4.322961080493494e-7,2,0,0.009904996831360388,2,1,-0.006808881313702116,1,-0.006808881313702116,1,-0.006808881313702116
BTC,2022-07-01,24,-0.035957255713234916,4.3688056996929816e-7,2,0,0.009981188983622416,2,1,-0.035957255713234916,1,-0.035957255713234916,1,-0.035957255713234916
BTC,2022-07-02,24,-9.565349214727438e-4,4.3969815445304603e-7,2,0,0.009977372167327435,2,1,-9.565349214727438e-4,1,-9.565349214727438e-4,1,-9.565349214727438e-4
BTC,2022-07-03,24,0.0034579114631301216,4.403113635707733e-7,2,0,0.00997679591442865,2,1,0.0034579114631301216,1,0.0034579114631301216,1,0.0034579114631301216
BTC,2022-07-04,24,0.04628557100545806,4.3833429385559623e-7,2,0,0.010036476466266523,2,1,0.04628557100545806,1,0.04628557100545806,1,0.04628557100545806
BTC,2022-07-05,24,-0.0019020923791232998,4.3606472642974285e-7,2,0,0.01013666766721637,2,1,-0.0019020923791232998,1,-0.0019020923791232998,1,-0.0019020923791232998
BTC,2022-07-06,24,0.018353916442423724,4.3633955685746287e-7,2,0,0.010132873363773179,2,1,0.018353916442423724,1,0.018353916442423724,1,0.018353916442423724
BTC,2022-07-07,24,0.05090037692656557,4.2905075074158027e-7,2,0,0.010040823254248238,2,1,0.05090037692656557,1,0.05090037692656557,1,0.05090037692656557
BTC,2022-07-08,24,-0.0015185891153931446,4.2242817981732784e-7,2,0,0.010029954360300058,2,1,-0.0015185891153931446,1,-0.0015185891153931446,1,-0.0015185891153931446
BTC,2022-07-09,24,-1.6218082270510244e-4,4.244216704453811e-7,2,0,0.010045433615458666,2,1,-1.6218082270510244e-4,1,-1.6218082270510244e-4,1,-1.6218082270510244e-4
BTC,2022-07-10,24,-0.03531659620409292,4.2706303003049254e-7,2,0,0.010029187128602545,2,1,-0.03531659620409292,1,-0.03531659620409292,1,-0.03531659620409292
BTC,2022-07-11,24,-0.04332990138510951,4.238318423508884e-7,2,0,0.010026708366447945,2,1,-0.04332990138510951,1,-0.04332990138510951,1,-0.04332990138510951
BTC,2022-07-12,24,-0.03256441750392475,4.1381430987496744e-7,2,0,0.009916773251330438,2,1,-0.03256441750392475,1,-0.03256441750392475,1,-0.03256441750392475
BTC,2022-07-13,24,0.0468302502976541,4.309921064738579e-7,2,0,0.009763973952522204,2,1,0.0468302502976541,1,0.0468302502976541,1,0.0468302502976541
BTC,2022-07-14,24,0.016668972209725786,4.051986669417258e-7,2,0,0.009280238535738741,2,1,0.016668972209725786,1,0.016668972209725786,1,0.016668972209725786
BTC,2022-07-15,24,0.012155032619566613,3.941949527753628e-7,2,0,0.008804799435451944,2,1,0.012155032619566613,1,0.012155032619566613,1,0.012155032619566613
BTC,2022-07-16,24,0.018040113601395135,4.0232442885022445e-7,2,0,0.008753549844990343,2,1,0.018040113601395135,1,0.018040113601395135,1,0.018040113601395135
BTC,2022-07-17,24,-0.019582697133493625,4.044434213368968e-7,2,0,0.008649266692724908,2,1,-0.019582697133493625,1,-0.019582697133493625,1,-0.019582697133493625
BTC,2022-07-18,24,0.07666905834197668,3.961694777014995e-7,2,0,0.008367779954825997,2,1,0.07666905834197668,1,0.07666905834197668,1,0.07666905834197668
BTC,2022-07-19,24,0.04191092885685359,3.507113438529039e-7,2,0,0.007825961681594194,2,1,0.04191092885685359,1,0.04191092885685359,1,0.04191092885685359
BTC,2022-07-20,24,-0.007227800502720632,3.444754056617969e-7,2,0,0.007742254454775389,2,1,-0.007227800502720632,1,-0.007227800502720632,1,-0.007227800502720632
BTC,2022-07-21,24,-0.003741544948513321,3.438999836643171e-7,2,0,0.007707816249047496,2,1,-0.003741544948513321,1,-0.003741544948513321,1,-0.003741544948513321
BTC,2022-07-22,24,-0.02040050157723009,3.413684248079823e-7,2,0,0.007611442315297627,2,1,-0.02040050157723009,1,-0.02040050157723009,1,-0.02040050157723009
BTC,2022-07-23,24,-0.010020061775144667,3.3424546846259904e-7,2,0,0.007496123969482503,2,1,-0.010020061775144667,1,-0.010020061775144667,1,-0.010020061775144667
BTC,2022-07-24,24,0.005434458164537227,3.390996230595592e-7,2,0,0.007485120741116644,2,1,0.005434458164537227,1,0.005434458164537227,1,0.005434458164537227
BTC,2022-07-25,24,-0.05855755862995983,3.3801247100489327e-7,2,0,0.007534367188313847,2,1,-0.05855755862995983,1,-0.05855755862995983,1,-0.05855755862995983
BTC,2022-07-26,24,-0.0016586751789947375,3.308704615725106e-7,2,0,0.007527736378810585,2,1,-0.0016586751789947375,1,-0.0016586751789947375,1,-0.0016586751789947375
BTC,2022-07-27,24,0.07690652321604824,3.3667373998740756e-7,2,0,0.007652426912814729,2,1,0.07690652321604824,1,0.07690652321604824,1,0.07690652321604824
BTC,2022-07-28,24,0.03820809454635832,3.383785569818178e-7,2,0,0.007755798934271762,2,1,0.03820809454635832,1,0.03820809454635832,1,0.03820809454635832
BTC,2022-07-29,24,-0.003459644471001438,3.40412108032804e-7,2,0,0.007785685548482526,2,1,-0.003459644471001438,1,-0.003459644471001438,1,-0.003459644471001438
BTC,2022-07-30,24,-0.005626427772576068,3.1717773981435456e-7,2,0,0.007451088496117015,2,1,-0.005626427772576068,1,-0.005626427772576068,1,-0.005626427772576068
BTC,2022-07-31,24,-0.013708616239428068,3.114568493302101e-7,2,0,0.007277288250625738,2,1,-0.013708616239428068,1,-0.013708616239428068,1,-0.013708616239428068
BTC,2022-08-01,24,-0.0019744190464248603,3.1017724120997104e-7,2,0,0.007318233017378872,2,1,-0.0019744190464248603,1,-0.0019744190464248603,1,-0.0019744190464248603
BTC,2022-08-02,24,-0.012146510831582368,3.093031540729264e-7,2,0,0.007345840269580553,2,1,-0.012146510831582368,1,-0.012146510831582368,1,-0.012146510831582368
BTC,2022-08-03,24,-0.007249840251928039,3.054722011311045e-7,2,0,0.007319254450546867,2,1,-0.007249840251928039,1,-0.007249840251928039,1,-0.007249840251928039
BTC,2022-08-04,24,-0.00903848583646945,3.020023438957661e-7,2,0,0.007219642569820467,2,1,-0.00903848583646945,1,-0.00903848583646945,1,-0.00903848583646945
BTC,2022-08-05,24,0.030610770758057605,2.9882263010793374e-7,2,0,0.007240804175312209,2,1,0.030610770758057605,1,0.030610770758057605,1,0.030610770758057605
BTC,2022-08-06,24,-0.015989485319314687,2.9526699497181654e-7,2,0,0.007087536285854557,2,1,-0.015989485319314687,1,-0.015989485319314687,1,-0.015989485319314687
BTC,2022-08-07,24,0.00970199567782839,2.8946202561694496e-7,2,0,0.0069237328949596135,2,1,0.00970199567782839,1,0.00970199567782839,1,0.00970199567782839
BTC,2022-08-08,24,0.027353849420748626,2.855185619251655e-7,2,0,0.006933468589334176,2,1,0.027353849420748626,1,0.027353849420748626,1,0.027353849420748626
BTC,2022-08-09,24,-0.028091842501571353,2.8307853465879353e-7,2,0,0.006910156952012226,2,1,-0.028091842501571353,1,-0.028091842501571353,1,-0.028091842501571353
BTC,2022-08-10,24,0.03380541424167668,2.89321349870394e-7,2,0,0.007046473100957818,2,1,0.03380541424167668,1,0.03380541424167668,1,0.03380541424167668
BTC,2022-08-11,24,-1.085255140376956e-4,2.895361012044277e-7,2,0,0.007060528292244722,2,1,-1.085255140376956e-4,1,-1.085255140376956e-4,1,-1.085255140376956e-4
BTC,2022-08-12,24,0.019040161409310582,2.7664021599826793e-7,2,0,0.006837094891570545,2,1,0.019040161409310582,1,0.019040161409310582,1,0.019040161409310582
BTC,2022-08-13,24,0.0011992789392228308,2.687302921375539e-7,2,0,0.0066886897388676704,2,1,0.0011992789392228308,1,0.0011992789392228308,1,0.0011992789392228308
BTC,2022-08-14,24,-0.0054307387839564476,2.6636780861655064e-7,2,0,0.006621783184145998,2,1,-0.0054307387839564476,1,-0.0054307387839564476,1,-0.0054307387839564476
BTC,2022-08-15,24,-0.00851701726401081,2.684396300916719e-7,2,0,0.006663334323665704,2,1,-0.00851701726401081,1,-0.00851701726401081,1,-0.00851701726401081
BTC,2022-08-16,24,-0.010022095625697284,2.612592503695945e-7,1,0,0.006618173994685352,2,1,-0.010022095625697284,1,-0.010022095625697284,1,-0.010022095625697284
BTC,2022-08-17,24,-0.02249094870362091,2.458607297259801e-7,1,0,0.0063519956191114,1,1,-0.02249094870362091,1,-0.02249094870362091,1,-0.02249094870362091
BTC,2022-08-18,24,-0.006185475947095856,2.455455522179902e-7,1,0,0.0061801697583665285,1,1,-0.006185475947095856,1,-0.006185475947095856,1,-0.006185475947095856
BTC,2022-08-19,24,-0.1073204604361769,2.4221971826996056e-7,1,0,0.006137538227753201,1,1,-0.1073204604361769,1,-0.1073204604361769,1,-0.1073204604361769
BTC,2022-08-20,24,0.014662383467421951,2.384979963285455e-7,1,0,0.0060328369905954205,1,1,0.014662383467421951,1,0.014662383467421951,1,0.014662383467421951
BTC,2022-08-21,24,0.017560228319429844,2.3270049728941484e-7,1,0,0.005922915139037157,1,1,0.017560228319429844,1,0.017560228319429844,1,0.017560228319429844
BTC,2022-08-22,24,-0.004845693095817677,2.3249995432419407e-7,1,0,0.005922707618621826,1,1,-0.004845693095817677,1,-0.004845693095817677,1,-0.004845693095817677
BTC,2022-08-23,24,0.005291806341626822,2.3201946727485235e-7,1,0,0.005911648668388381,1,1,0.005291806341626822,1,0.005291806341626822,1,0.005291806341626822
BTC,2022-08-24,24,-0.0069418984527199,2.2753647720872127e-7,1,0,0.0058146375985589005,1,1,-0.0069418984527199,1,-0.0069418984527199,1,-0.0069418984527199
BTC,2022-08-25,24,0.00889130728542725,2.2959534312942426e-7,1,0,0.005774510199274692,1,1,0.00889130728542725,1,0.00889130728542725,1,0.00889130728542725
BTC,2022-08-26,24,-0.06286938414833121,2.277776317348262e-7,1,0,0.0057548318003093684,1,1,-0.06286938414833121,1,-0.06286938414833121,1,-0.06286938414833121
BTC,2022-08-27,24,-0.010882677914934979,2.188305195925414e-7,1,0,0.005533671443754066,1,1,-0.010882677914934979,1,-0.010882677914934979,1,-0.010882677914934979
BTC,2022-08-28,24,-0.02491252724889443,2.2112301921818222e-7,1,0,0.00548630148249328,1,1,-0.02491252724889443,1,-0.02491252724889443,1,-0.02491252724889443
BTC,2022-08-29,24,0.037990119271964384,2.1228142256649756e-7,1,0,0.005379041951554139,1,1,0.037990119271964384,1,0.037990119271964384,1,0.037990119271964384
BTC,2022-08-30,24,-0.024135526113534662,2.141751413165938e-7,1,0,0.005448193609414033,1,1,-0.024135526113534662,1,-0.024135526113534662,1,-0.024135526113534662
BTC,2022-08-31,24,0.012050816849721159,2.1314985445071536e-7,1,0,0.005457632529636346,1,1,0.012050816849721159,1,0.012050816849721159,1,0.012050816849721159
BTC,2022-09-01,24,0.003743122905797309,2.115988253401072e-7,1,0,0.005419034447773057,1,1,0.003743122905797309,1,0.003743122905797309,1,0.003743122905797309
BTC,2022-09-02,24,-0.008642250863355364,2.1227311320620382e-7,1,0,0.005412952180958747,1,1,-0.008642250863355364,1,-0.008642250863355364,1,-0.008642250863355364
BTC,2022-09-03,24,-0.006016680837871626,2.109328278150388e-7,1,0,0.005348117673247603,1,1,-0.006016680837871626,1,-0.006016680837871626,1,-0.006016680837871626
BTC,2022-09-04,24,0.008079239140462179,2.1284210172012247e-7,1,0,0.005262066352590583,1,1,0.008079239140462179,1,0.008079239140462179,1,0.008079239140462179
BTC,2022-09-05,24,-0.010320226920093616,2.1190660432722139e-7,1,0,0.005271239388168581,1,1,-0.010320226920093616,1,-0.010320226920093616,1,-0.010320226920093616
BTC,2022-09-06,24,-0.05172288565071127,2.1314314485619208e-7,1,0,0.005449888113195482,1,1,-0.05172288565071127,1,-0.05172288565071127,1,-0.05172288565071127
BTC,2022-09-07,24,0.02574992570897707,2.1249462275937285e-7,1,0,0.005449197753064277,1,1,0.02574992570897707,1,0.02574992570897707,1,0.02574992570897707
BTC,2022-09-08,24,0.0020204538905257813,2.1356381366534454e-7,1,0,0.005457799139131715,1,1,0.0020204538905257813,1,0.0020204538905257813,1,0.0020204538905257813
BTC,2022-09-09,24,0.10099120956842088,2.099482789254182e-7,1,0,0.005437419487354182,1,1,0.10099120956842088,1,0.10099120956842088,1,0.10099120956842088
BTC,2022-09-10,24,0.012783201930380024,2.1183122351745023e-7,1,0,0.005403298382679831,1,1,0.012783201930380024,1,0.012783201930380024,1,0.012783201930380024
BTC,2022-09-11,24,0.008929821381076241,2.151276594291365e-7,1,0,0.005411110517719132,1,1,0.008929821381076241,1,0.008929821381076241,1,0.008929821381076241
BTC,2022-09-12,24,0.025165241481795084,2.1962035580482526e-7,1,0,0.005517202815760705,1,1,0.025165241481795084,1,0.025165241481795084,1,0.025165241481795084
BTC,2022-09-13,24,-0.10474417395594036,2.369978207912726e-7,1,0,0.005932961010771373,1,1,-0.10474417395594036,1,-0.10474417395594036,1,-0.10474417395594036
BTC,2022-09-14,24,0.0029401158617252243,2.3182913793084514e-7,1,0,0.005872540804658344,1,1,0.0029401158617252243,1,0.0029401158617252243,1,0.0029401158617252243
BTC,2022-09-15,24,-0.02666584266412353,2.369659703888139e-7,1,0,0.005911023967934215,1,1,-0.02666584266412353,1,-0.02666584266412353,1,-0.02666584266412353
BTC,2022-09-16,24,0.004795443652576941,2.3300299812329764e-7,1,0,0.005837287953540142,1,1,0.004795443652576941,1,0.004795443652576941,1,0.004795443652576941
BTC,2022-09-17,24,0.01617040092663551,2.3365020245221395e-7,1,0,0.005844980177021151,1,1,0.01617040092663551,1,0.01617040092663551,1,0.01617040092663551
BTC,2022-09-18,24,-0.034951085655502916,2.26567815638219e-7,1,0,0.005638775155844625,1,1,-0.034951085655502916,1,-0.034951085655502916,1,-0.034951085655502916
BTC,2022-09-19,24,0.005789560091076286,2.443503246059979e-7,1,0,0.005940548264223313,1,1,0.005789560091076286,1,0.005789560091076286,1,0.005789560091076286
BTC,2022-09-20,24,-0.034880051767261375,2.492062698762767e-7,1,0,0.0060258862375808684,1,1,-0.034880051767261375,1,-0.034880051767261375,1,-0.034880051767261375
BTC,2022-09-21,24,-0.021468879588687033,2.5372382406772423e-7,1,0,0.006236166440408894,1,1,-0.021468879588687033,1,-0.021468879588687033,1,-0.021468879588687033
BTC,2022-09-22,24,0.04963754846250229,2.5668319419123154e-7,1,0,0.006293081083373878,1,1,0.04963754846250229,1,0.04963754846250229,1,0.04963754846250229
BTC,2022-09-23,24,-0.006207043012170621,2.5765605753769777e-7,1,0,0.006355682802142331,1,1,-0.006207043012170621,1,-0.006207043012170621,1,-0.006207043012170621
BTC,2022-09-24,24,-0.018876828596594387,2.584729473433466e-7,1,0,0.006357188746657646,1,1,-0.018876828596594387,1,-0.018876828596594387,1,-0.018876828596594387
BTC,2022-09-25,24,-0.006721502758394792,2.5115701490170855e-7,1,0,0.006154709643440347,1,1,-0.006721502758394792,1,-0.006721502758394792,1,-0.006721502758394792
BTC,2022-09-26,24,0.022436096879983755,2.539524224096458e-7,1,0,0.006243692065093784,1,1,0.022436096879983755,1,0.022436096879983755,1,0.022436096879983755
BTC,2022-09-27,24,-0.007202874698478882,2.5872482698523284e-7,1,0,0.00650687829149888,2,1,-0.007202874698478882,1,-0.007202874698478882,1,-0.007202874698478882
BTC,2022-09-28,24,0.016103190000663452,2.5281373645541324e-7,1,0,0.0066152134018476454,2,1,0.016103190000663452,1,0.016103190000663452,1,0.016103190000663452
BTC,2022-09-29,24,0.01026160219498983,2.5041171651481054e-7,1,0,0.006617471151903728,2,1,0.01026160219498983,1,0.01026160219498983,1,0.01026160219498983
BTC,2022-09-30,24,-0.008963476053269125,2.4614947248078247e-7,1,0,0.006672376045090774,2,1,-0.008963476053269125,1,-0.008963476053269125,1,-0.008963476053269125
BTC,2022-10-01,24,-0.005632247157818807,2.446166346252926e-7,1,0,0.006622173486079226,2,1,-0.005632247157818807,1,-0.005632247157818807,1,-0.005632247157818807
BTC,2022-10-02,24,-0.013462478462871373,2.444595708750363e-7,1,0,0.0065731575891822295,2,1,-0.013462478462871373,1,-0.013462478462871373,1,-0.013462478462871373
BTC,2022-10-03,24,0.030071469529826145,2.4383209537516647e-7,1,0,0.006618694917903186,2,1,0.030071469529826145,1,0.030071469529826145,1,0.030071469529826145
BTC,2022-10-04,24,0.035429776340392426,2.368525855400974e-7,1,0,0.00663233163061669,2,1,0.035429776340392426,1,0.035429776340392426,1,0.035429776340392426
BTC,2022-10-05,24,-0.009143349653565672,2.3672147259275422e-7,1,0,0.0066660315282696,2,1,-0.009143349653565672,1,-0.009143349653565672,1,-0.009143349653565672
BTC,2022-10-06,24,-0.01031453490690268,2.346104009134727e-7,1,0,0.006531438484427455,2,1,-0.01031453490690268,1,-0.01031453490690268,1,-0.01031453490690268
BTC,2022-10-07,24,-0.02142472411222695,2.3486695011296382e-7,1,0,0.006524927977728899,2,1,-0.02142472411222695,1,-0.02142472411222695,1,-0.02142472411222695
BTC,2022-10-08,24,-0.005920382476171427,2.3571778655472837e-7,1,0,0.006500494591975492,2,1,-0.005920382476171427,1,-0.005920382476171427,1,-0.005920382476171427
BTC,2022-10-09,24,0.0013381026674278607,2.3106041589942977e-7,1,0,0.00629217474488714,1,1,0.0013381026674278607,1,0.0013381026674278607,1,0.0013381026674278607
BTC,2022-10-10,24,-0.016145271329626416,2.2782992619424442e-7,1,0,0.0062580381922543995,1,1,-0.016145271329626416,1,-0.016145271329626416,1,-0.016145271329626416
BTC,2022-10-11,24,-0.004300451076756838,2.2339695257681645e-7,1,0,0.006235660639103991,1,1,-0.004300451076756838,1,-0.004300451076756838,1,-0.004300451076756838
BTC,2022-10-12,24,0.005543660597514314,2.1859675707833766e-7,1,0,0.006117063530077576,1,1,0.005543660597514314,1,0.005543660597514314,1,0.005543660597514314
BTC,2022-10-13,24,0.01191460175905608,2.0331213845232164e-7,1,0,0.005877460942445942,1,1,0.01191460175905608,1,0.01191460175905608,1,0.01191460175905608
BTC,2022-10-14,24,-0.010506106737632172,2.030624400402438e-7,1,0,0.005894341665589897,1,1,-0.010506106737632172,1,-0.010506106737632172,1,-0.010506106737632172
BTC,2022-10-15,24,-0.006007719849068888,2.007411718604904e-7,1,0,0.005821985054229871,1,1,-0.006007719849068888,1,-0.006007719849068888,1,-0.006007719849068888
BTC,2022-10-16,24,0.01010713096812997,2.0352280124261926e-7,1,0,0.005810811750725841,1,1,0.01010713096812997,1,0.01010713096812997,1,0.01010713096812997
BTC,2022-10-17,24,0.01490265286667688,2.002228310667828e-7,1,0,0.005797600586779327,1,1,0.01490265286667688,1,0.01490265286667688,1,0.01490265286667688
BTC,2022-10-18,24,-0.011331988604418575,1.9793262011974703e-7,1,0,0.005782419090385803,1,1,-0.011331988604418575,1,-0.011331988604418575,1,-0.011331988604418575
BTC,2022-10-19,24,-0.010740012791199113,1.7720524689370216e-7,1,0,0.005403381817590504,1,1,-0.010740012791199113,1,-0.010740012791199113,1,-0.010740012791199113
BTC,2022-10-20,24,-0.004134218462392647,1.7212330602542204e-7,1,0,0.005311204640188915,1,1,-0.004134218462392647,1,-0.004134218462392647,1,-0.004134218462392647
BTC,2022-10-21,24,0.006604483848815833,1.5903867274645498e-7,1,0,0.004999456445393709,1,1,0.006604483848815833,1,0.006604483848815833,1,0.006604483848815833
BTC,2022-10-22,24,0.0018031450475889368,1.5340397964029883e-7,1,0,0.004849081665196342,1,1,0.0018031450475889368,1,0.0018031450475889368,1,0.0018031450475889368
BTC,2022-10-23,24,0.018769941317114423,1.4946658307148613e-7,1,0,0.004743128763493624,1,1,0.018769941317114423,1,0.018769941317114423,1,0.018769941317114423
BTC,2022-10-24,24,-0.012220572062501187,1.4617310744818563e-7,1,0,0.004718288350906114,1,1,-0.012220572062501187,1,-0.012220572062501187,1,-0.012220572062501187
BTC,2022-10-25,24,0.038211125971133804,1.4318788154160246e-7,1,0,0.004773915635460111,1,1,0.038211125971133804,1,0.038211125971133804,1,0.038211125971133804
BTC,2022-10-26,24,0.03381043566128177,1.3862353827772948e-7,1,0,0.004715362844466479,1,1,0.03381043566128177,1,0.03381043566128177,1,0.03381043566128177
BTC,2022-10-27,24,-0.02384295031126379,1.227406422436692e-7,1,0,0.004338667246670834,1,1,-0.02384295031126379,1,-0.02384295031126379,1,-0.02384295031126379
BTC,2022-10-28,24,0.015524814011641897,1.2133378747540371e-7,1,0,0.004189134933273654,1,1,0.015524814011641897,1,0.015524814011641897,1,0.015524814011641897
BTC,2022-10-29,24,0.010131094393663786,1.1911782151994569e-7,1,0,0.004085959219384915,1,1,0.010131094393663786,1,0.010131094393663786,1,0.010131094393663786
BTC,2022-10-30,24,-0.009102686976107954,1.1625019898823422e-7,1,0,0.0038996299094514447,1,1,-0.009102686976107954,1,-0.009102686976107954,1,-0.009102686976107954
BTC,2022-10-31,24,-0.006093680329804105,1.1951569741543214e-7,1,0,0.003984668019409345,1,1,-0.006093680329804105,1,-0.006093680329804105,1,-0.006093680329804105
BTC,2022-11-01,24,-6.441192624039751e-4,1.1907757933617968e-7,1,0,0.003976673207312838,1,1,-6.441192624039751e-4,1,-6.441192624039751e-4,1,-6.441192624039751e-4
BTC,2022-11-02,24,-0.016388162048997245,1.1571780989564798e-7,1,0,0.003928694554122192,1,1,-0.016388162048997245,1,-0.016388162048997245,1,-0.016388162048997245
BTC,2022-11-03,24,0.0027550274346952145,1.1777110613261561e-7,1,0,0.003905128328270357,1,1,0.0027550274346952145,1,0.0027550274346952145,1,0.0027550274346952145
BTC,2022-11-04,24,0.04544543986791786,1.2367698401612412e-7,1,0,0.004015215772043943,1,1,0.04544543986791786,1,0.04544543986791786,1,0.04544543986791786
BTC,2022-11-05,24,0.007105160379301281,1.2581313013891855e-7,1,0,0.0040061986461004655,1,1,0.007105160379301281,1,0.007105160379301281,1,0.007105160379301281
BTC,2022-11-06,24,-0.018417826346653957,1.2486492440250388e-7,1,0,0.003942873455153414,1,1,-0.018417826346653957,1,-0.018417826346653957,1,-0.018417826346653957
BTC,2022-11-07,24,-0.015100917677101814,1.266975524053132e-7,1,0,0.004008820564973736,1,1,-0.015100917677101814,1,-0.015100917677101814,1,-0.015100917677101814
BTC,2022-11-08,24,-0.1049754279323496,1.8659462412803472e-7,1,0,0.005269341604287341,1,1,-0.1049754279323496,1,-0.1049754279323496,1,-0.1049754279323496
BTC,2022-11-09,24,-0.1561559460079629,2.0231347356155684e-7,1,0,0.005819890925291751,1,1,-0.1561559460079629,1,-0.1561559460079629,1,-0.1561559460079629
BTC,2022-11-10,24,0.10143064189259643,2.5490569528222455e-7,1,0,0.006800575908992134,2,1,0.10143064189259643,1,0.10143064189259643,1,0.10143064189259643
BTC,2022-11-11,24,-0.03169798977293608,2.5789145969913807e-7,2,0,0.006975333850866471,2,1,-0.03169798977293608,1,-0.03169798977293608,1,-0.03169798977293608
BTC,2022-11-12,24,-0.013822799731709435,2.5965210988347723e-7,2,0,0.006829113955359019,2,1,-0.013822799731709435,1,-0.013822799731709435,1,-0.013822799731709435
BTC,2022-11-13,24,-0.028164916052410924,2.606219148301546e-7,2,0,0.0067672507331903355,2,1,-0.028164916052410924,1,-0.028164916052410924,1,-0.028164916052410924
BTC,2022-11-14,24,0.016774520196676718,2.800269372431206e-7,2,0,0.007123347791535737,2,1,0.016774520196676718,1,0.016774520196676718,1,0.016774520196676718
BTC,2022-11-15,24,0.017416586937794094,2.7909849007889713e-7,2,0,0.0071761664543223795,2,1,0.017416586937794094,1,0.017416586937794094,1,0.017416586937794094
BTC,2022-11-16,24,-0.012718819808722881,2.802006678531333e-7,2,0,0.007195840207111401,2,1,-0.012718819808722881,1,-0.012718819808722881,1,-0.012718819808722881
BTC,2022-11-17,24,0.0010616062438236198,2.80394029819948e-7,2,0,0.0071840158350230205,2,1,0.0010616062438236198,1,0.0010616062438236198,1,0.0010616062438236198
BTC,2022-11-18,24,6.593834766866792e-5,2.8041248864751903e-7,2,0,0.007201140031940298,2,1,6.593834766866792e-5,1,6.593834766866792e-5,1,6.593834766866792e-5
BTC,2022-11-19,24,-2.997143722304179e-5,2.827131435503163e-7,2,0,0.007179127433376584,2,1,-2.997143722304179e-5,1,-2.997143722304179e-5,1,-2.997143722304179e-5
BTC,2022-11-20,24,-0.025357310173708264,2.874219812699599e-7,2,0,0.0071915097798562365,2,1,-0.025357310173708264,1,-0.025357310173708264,1,-0.025357310173708264
BTC,2022-11-21,24,-0.03151588250949995,2.815348611058869e-7,2,0,0.00726347408055937,2,1,-0.03151588250949995,1,-0.03151588250949995,1,-0.03151588250949995
BTC,2022-11-22,24,0.027227468193559715,2.8256566343269446e-7,2,0,0.007322439625335805,2,1,0.027227468193559715,1,0.027227468193559715,1,0.027227468193559715
BTC,2022-11-23,24,0.024657973175382316,2.8682954178843675e-7,2,0,0.007389984317116599,2,1,0.024657973175382316,1,0.024657973175382316,1,0.024657973175382316
BTC,2022-11-24,24,-2.5305473347395026e-4,2.947652786523695e-7,2,0,0.007354205502439823,2,1,-2.5305473347395026e-4,1,-2.5305473347395026e-4,1,-2.5305473347395026e-4
BTC,2022-11-25,24,-0.005014025582837629,2.9816878101416017e-7,2,0,0.007304519305826557,2,1,-0.005014025582837629,1,-0.005014025582837629,1,-0.005014025582837629
BTC,2022-11-26,24,-0.003603848000849405,3.0261374740568275e-7,2,0,0.007279142153828346,2,1,-0.003603848000849405,1,-0.003603848000849405,1,-0.003603848000849405
BTC,2022-11-27,24,-0.0019773132634451603,3.057163542576816e-7,2,0,0.007242719853204907,2,1,-0.0019773132634451603,1,-0.0019773132634451603,1,-0.0019773132634451603
BTC,2022-11-28,24,-0.013038186151055432,3.0444346606187276e-7,2,0,0.0072707118256990656,2,1,-0.013038186151055432,1,-0.013038186151055432,1,-0.013038186151055432
BTC,2022-11-29,24,0.01356179418761557,2.9965683115813763e-7,2,0,0.007271656725031151,2,1,0.01356179418761557,1,0.01356179418761557,1,0.01356179418761557
BTC,2022-11-30,24,0.04394721888758728,3.0086870017292857e-7,2,0,0.007310128394171223,2,1,0.04394721888758728,1,0.04394721888758728,1,0.04394721888758728
BTC,2022-12-01,24,-0.011541924665359048,3.0000439958746024e-7,2,0,0.00730691197894074,2,1,-0.011541924665359048,1,-0.011541924665359048,1,-0.011541924665359048
BTC,2022-12-02,24,0.006982091684469843,3.0349556241819423e-7,2,0,0.00730048709270221,2,1,0.006982091684469843,1,0.006982091684469843,1,0.006982091684469843
BTC,2022-12-03,24,-0.011393720243300123,3.0634387535564516e-7,2,0,0.007278982622266889,2,1,-0.011393720243300123,1,-0.011393720243300123,1,-0.011393720243300123
BTC,2022-12-04,24,0.013147716880963023,3.0545581730712113e-7,2,0,0.007172408294573205,2,1,0.013147716880963023,1,0.013147716880963023,1,0.013147716880963023
BTC,2022-12-05,24,-0.008965933413448056,3.0181981754525063e-7,2,0,0.0071732864590766535,2,1,-0.008965933413448056,1,-0.008965933413448056,1,-0.008965933413448056
BTC,2022-12-06,24,0.006971984765035535,2.994166135760522e-7,2,0,0.007164155273725793,2,1,0.006971984765035535,1,0.006971984765035535,1,0.006971984765035535
BTC,2022-12-07,24,-0.014586662732601527,2.9934571901317536e-7,2,0,0.007132369528334009,2,1,-0.014586662732601527,1,-0.014586662732601527,1,-0.014586662732601527
BTC,2022-12-08,24,0.022968325874218622,2.6356503953454023e-7,2,0,0.0062912119024412395,1,1,0.022968325874218622,1,0.022968325874218622,1,0.022968325874218622
BTC,2022-12-09,24,-0.00566946419006355,2.5167722807801056e-7,1,0,0.005740077840825852,1,1,-0.00566946419006355,1,-0.00566946419006355,1,-0.00566946419006355
BTC,2022-12-10,24,-4.1453681943251177e-4,1.8019272578051766e-7,1,0,0.004510015107766182,1,1,-4.1453681943251177e-4,1,-4.1453681943251177e-4,1,-4.1453681943251177e-4
BTC,2022-12-11,24,-0.0022332791116578795,1.7230138106902838e-7,1,0,0.004227621680869382,1,1,-0.0022332791116578795,1,-0.0022332791116578795,1,-0.0022332791116578795
BTC,2022-12-12,24,0.00708600321291579,1.6889468800064005e-7,1,0,0.004206526500008501,1,1,0.00708600321291579,1,0.00708600321291579,1,0.00708600321291579
BTC,2022-12-13,24,0.03212728134185967,1.7255434386288506e-7,1,0,0.004321545454201776,1,1,0.03212728134185967,1,0.03212728134185967,1,0.03212728134185967
BTC,2022-12-14,24,0.0020127065882634566,1.3852368897032355e-7,1,0,0.0038381242766903734,1,1,0.0020127065882634566,1,0.0020127065882634566,1,0.0020127065882634566
BTC,2022-12-15,24,-0.025218589284666276,1.319947742534983e-7,1,0,0.003728138780851143,1,1,-0.025218589284666276,1,-0.025218589284666276,1,-0.025218589284666276
BTC,2022-12-16,24,-0.04298668734141195,1.3540730725998572e-7,1,0,0.003789211107610645,1,1,-0.04298668734141195,1,-0.04298668734141195,1,-0.04298668734141195
BTC,2022-12-17,24,0.0090920872099922,1.3587915631542433e-7,1,0,0.0037600055703481414,1,1,0.0090920872099922,1,0.0090920872099922,1,0.0090920872099922
BTC,2022-12-18,24,-0.002165258305804421,1.353190172834906e-7,1,0,0.003703924849189001,1,1,-0.002165258305804421,1,-0.002165258305804421,1,-0.002165258305804421
BTC,2022-12-19,24,-0.018465697588032695,1.3411291019649795e-7,1,0,0.0037304801480721006,1,1,-0.018465697588032695,1,-0.018465697588032695,1,-0.018465697588032695
BTC,2022-12-20,24,0.027868050266423697,1.2952167531635754e-7,1,0,0.0037020557609183007,1,1,0.027868050266423697,1,0.027868050266423697,1,0.027868050266423697
BTC,2022-12-21,24,-0.004470248327249906,1.278352579512919e-7,1,0,0.003574851219278124,1,1,-0.004470248327249906,1,-0.004470248327249906,1,-0.004470248327249906
BTC,2022-12-22,24,-7.489702010334634e-4,1.212070485919587e-7,1,0,0.003438038422197265,1,1,-7.489702010334634e-4,1,-7.489702010334634e-4,1,-7.489702010334634e-4
BTC,2022-12-23,24,-0.0022264431959252767,1.1266791678170687e-7,1,0,0.0032826276366393244,1,1,-0.0022264431959252767,1,-0.0022264431959252767,1,-0.0022264431959252767
BTC,2022-12-24,24,0.0034090840694992546,1.1005618740931607e-7,1,0,0.0032241544041781613,1,1,0.0034090840694992546,1,0.0034090840694992546,1,0.0034090840694992546
BTC,2022-12-25,24,-7.010956391465948e-4,1.09979090494613e-7,1,0,0.0032008722938161693,1,1,-7.010956391465948e-4,1,-7.010956391465948e-4,1,-7.010956391465948e-4
BTC,2022-12-26,24,0.0053113102565362355,1.0886246156073342e-7,1,0,0.003183986141337344,1,1,0.0053113102565362355,1,0.0053113102565362355,1,0.0053113102565362355
BTC,2022-12-27,24,-0.01288229046145191,1.0739616609172652e-7,1,0,0.003176716324400612,1,1,-0.01288229046145191,1,-0.01288229046145191,1,-0.01288229046145191
BTC,2022-12-28,24,-0.009410531667385591,1.0319103447803606e-7,1,0,0.0030840966820957793,1,1,-0.009410531667385591,1,-0.009410531667385591,1,-0.009410531667385591
BTC,2022-12-29,24,0.005257711747596813,1.0427346780805782e-7,1,0,0.003047676853931522,1,1,0.005257711747596813,1,0.005257711747596813,1,0.005257711747596813
BTC,2022-12-30,24,-0.0017394606040530434,9.527881570229535e-8,1,0,0.0028677666879446005,1,1,-0.0017394606040530434,1,-0.0017394606040530434,1,-0.0017394606040530434
BTC,2022-12-31,24,-0.004328658266258995,9.414287329617273e-8,1,0,0.0028432976532853683,1,1,-0.004328658266258995,1,-0.004328658266258995,1,-0.004328658266258995
BTC,2023-01-01,24,0.0052318701488987904,9.285188122322056e-8,1,0,0.0028044883452671096,1,1,0.0052318701488987904,1,0.0052318701488987904,1,0.0052318701488987904
BTC,2023-01-02,24,0.003262822078600967,9.346953449667599e-8,1,0,0.0028141551197878364,1,1,0.003262822078600967,1,0.003262822078600967,1,0.003262822078600967
BTC,2023-01-03,24,5.999070144450762e-6,9.16258294772791e-8,1,0,0.0028046657152197515,1,1,5.999070144450762e-6,1,5.999070144450762e-6,1,5.999070144450762e-6
BTC,2023-01-04,24,0.01071666848895371,9.03629314207682e-8,1,0,0.0027692392558626633,1,1,0.01071666848895371,1,0.01071666848895371,1,0.01071666848895371
BTC,2023-01-05,24,-0.0014254407915805757,9.007060464291711e-8,1,0,0.002752680054841119,1,1,-0.0014254407915805757,1,-0.0014254407915805757,1,-0.0014254407915805757
BTC,2023-01-06,24,0.007472796499193687,8.840523609412123e-8,1,0,0.002732348486731499,1,1,0.007472796499193687,1,0.007472796499193687,1,0.007472796499193687
BTC,2023-01-07,24,-3.5992341690338725e-4,8.601573843728298e-8,1,0,0.0026526061857713567,1,1,-3.5992341690338725e-4,1,-3.5992341690338725e-4,1,-3.5992341690338725e-4
BTC,2023-01-08,24,0.01072423089515178,8.83791599483799e-8,1,0,0.0026647994994271067,1,1,0.01072423089515178,1,0.01072423089515178,1,0.01072423089515178
BTC,2023-01-09,24,0.003153648105486779,8.646514877587155e-8,1,0,0.00268173033263906,1,1,0.003153648105486779,1,0.003153648105486779,1,0.003153648105486779
BTC,2023-01-10,24,0.015093470918690734,8.498583652199066e-8,1,0,0.002697251064633686,1,1,0.015093470918690734,1,0.015093470918690734,1,0.015093470918690734
BTC,2023-01-11,24,0.028255911752185243,9.055041320542995e-8,1,0,0.002802467614995853,1,1,0.028255911752185243,1,0.028255911752185243,1,0.028255911752185243
BTC,2023-01-12,24,0.04956745665755613,1.0870743880987661e-7,1,0,0.0031053024770983234,1,1,0.04956745665755613,1,0.04956745665755613,1,0.04956745665755613
BTC,2023-01-13,24,0.055458610836617704,1.094975255125379e-7,1,0,0.003129405055590574,1,1,0.055458610836617704,1,0.055458610836617704,1,0.055458610836617704
BTC,2023-01-14,24,0.05034201416631964,1.4710894313652292e-7,1,0,0.00369876141401723,1,1,0.05034201416631964,1,0.05034201416631964,1,0.05034201416631964
BTC,2023-01-15,24,-0.003920073860200179,1.4660089228576748e-7,1,0,0.003622294859946399,1,1,-0.003920073860200179,1,-0.003920073860200179,1,-0.003920073860200179
BTC,2023-01-16,24,0.014942645560821463,1.5149430473128305e-7,1,0,0.0037397257747680142,1,1,0.014942645560821463,1,0.014942645560821463,1,0.014942645560821463
BTC,2023-01-17,24,-0.002012282209491509,1.4886033969468503e-7,1,0,0.0037720466584371414,1,1,-0.002012282209491509,1,-0.002012282209491509,1,-0.002012282209491509
BTC,2023-01-18,24,-0.022411388241923687,1.45304328722134e-7,1,0,0.003855259944148528,1,1,-0.022411388241923687,1,-0.022411388241923687,1,-0.022411388241923687
BTC,2023-01-19,24,0.019356895173800747,1.4603403271156713e-7,1,0,0.0038510560859611573,1,1,0.019356895173800747,1,0.019356895173800747,1,0.019356895173800747
BTC,2023-01-20,24,0.07305212235168503,1.604335151914107e-7,1,0,0.004111919493501568,1,1,0.07305212235168503,1,0.07305212235168503,1,0.07305212235168503
BTC,2023-01-21,24,0.0043507880461034045,1.6420250402745107e-7,1,0,0.004252653354912609,1,1,0.0043507880461034045,1,0.0043507880461034045,1,0.0043507880461034045
BTC,2023-01-22,24,-0.0028089103507237057,1.6718579281992457e-7,1,0,0.0043217070489205405,1,1,-0.0028089103507237057,1,-0.0028089103507237057,1,-0.0028089103507237057
BTC,2023-01-23,24,0.009158054682107503,1.6904493418542124e-7,1,0,0.00440150080850566,1,1,0.009158054682107503,1,0.009158054682107503,1,0.009158054682107503
BTC,2023-01-24,24,-0.012831635302519948,1.6760329576648213e-7,1,0,0.004445499305166432,1,1,-0.012831635302519948,1,-0.012831635302519948,1,-0.012831635302519948
BTC,2023-01-25,24,0.01850336111027738,1.8162884343281317e-7,1,0,0.004728766123077311,1,1,0.01850336111027738,1,0.01850336111027738,1,0.01850336111027738
BTC,2023-01-26,24,-0.0019927460243520413,1.7928118533812434e-7,1,0,0.004746184867807999,1,1,-0.0019927460243520413,1,-0.0019927460243520413,1,-0.0019927460243520413
BTC,2023-01-27,24,0.0029031375555622144,1.8018703905573546e-7,1,0,0.004789003069582696,1,1,0.0029031375555622144,1,0.0029031375555622144,1,0.0029031375555622144
BTC,2023-01-28,24,-0.002012640403863417,1.812717370142902e-7,1,0,0.004793082668259409,1,1,-0.002012640403863417,1,-0.002012640403863417,1,-0.002012640403863417
BTC,2023-01-29,24,0.03077915837910017,1.8032189673766213e-7,1,0,0.004817113343749138,1,1,0.03077915837910017,1,0.03077915837910017,1,0.03077915837910017
BTC,2023-01-30,24,-0.03932580898764213,1.8375805563207487e-7,1,0,0.004922441683423908,1,1,-0.03932580898764213,1,-0.03932580898764213,1,-0.03932580898764213
BTC,2023-01-31,24,0.013043474024702073,1.8521709046127743e-7,1,0,0.004969194588897268,1,1,0.013043474024702073,1,0.013043474024702073,1,0.013043474024702073
BTC,2023-02-01,24,0.025507330501569128,1.8205309620335448e-7,1,0,0.005006345516992181,1,1,0.025507330501569128,1,0.025507330501569128,1,0.025507330501569128
BTC,2023-02-02,24,-0.010291860392976733,1.8696905629453628e-7,1,0,0.005161408549237994,1,1,-0.010291860392976733,1,-0.010291860392976733,1,-0.010291860392976733
BTC,2023-02-03,24,-0.0022417998333215746,1.8664389753411895e-7,1,0,0.005176140373257533,1,1,-0.0022417998333215746,1,-0.0022417998333215746,1,-0.0022417998333215746
BTC,2023-02-04,24,-0.004691621652415463,1.8682944471701705e-7,1,0,0.005180617790170326,1,1,-0.004691621652415463,1,-0.004691621652415463,1,-0.004691621652415463
BTC,2023-02-05,24,-0.01683814376898933,1.8784608400964894e-7,1,0,0.005198479497103296,1,1,-0.01683814376898933,1,-0.01683814376898933,1,-0.01683814376898933
BTC,2023-02-06,24,-0.007504832386668704,1.8562240731526359e-7,1,0,0.00522971789829645,1,1,-0.007504832386668704,1,-0.007504832386668704,1,-0.007504832386668704
BTC,2023-02-07,24,0.021161384609557125,1.8765046826219039e-7,1,0,0.005292547100506084,1,1,0.021161384609557125,1,0.021161384609557125,1,0.021161384609557125
BTC,2023-02-08,24,-0.012480148136242361,1.891841002136585e-7,1,0,0.005306541897461018,1,1,-0.012480148136242361,1,-0.012480148136242361,1,-0.012480148136242361
BTC,2023-02-09,24,-0.052419678867876816,1.93036336884935e-7,1,0,0.0054074245794816355,1,1,-0.052419678867876816,1,-0.052419678867876816,1,-0.052419678867876816
BTC,2023-02-10,24,-0.007008718175707143,1.917897143411453e-7,1,0,0.005377270918609304,1,1,-0.007008718175707143,1,-0.007008718175707143,1,-0.007008718175707143
BTC,2023-02-11,24,0.010499314983329712,1.7805818320011944e-7,1,0,0.005066146164216006,1,1,0.010499314983329712,1,0.010499314983329712,1,0.010499314983329712
BTC,2023-02-12,24,-0.0037659651144705364,1.7765877862850036e-7,1,0,0.004973757904079863,1,1,-0.0037659651144705364,1,-0.0037659651144705364,1,-0.0037659651144705364
BTC,2023-02-13,24,2.3865691346304334e-4,1.551022468101008e-7,1,0,0.004571883892445765,1,1,2.3865691346304334e-4,1,2.3865691346304334e-4,1,2.3865691346304334e-4
BTC,2023-02-14,24,0.01917598635991054,1.5789212695905314e-7,1,0,0.00464044690734509,1,1,0.01917598635991054,1,0.01917598635991054,1,0.01917598635991054
BTC,2023-02-15,24,0.09121289160279941,1.6590092489260407e-7,1,0,0.004812781862059611,1,1,0.09121289160279941,1,0.09121289160279941,1,0.09121289160279941
BTC,2023-02-16,24,-0.033980200029366955,1.783070750274384e-7,1,0,0.005068307715397299,1,1,-0.033980200029366955,1,-0.033980200029366955,1,-0.033980200029366955
BTC,2023-02-17,24,0.043704895738487425,1.8443276796429904e-7,1,0,0.005098758460862216,1,1,0.043704895738487425,1,0.043704895738487425,1,0.043704895738487425
BTC,2023-02-18,24,0.0029014974841998736,1.862172893191281e-7,1,0,0.005089195596265418,1,1,0.0029014974841998736,1,0.0029014974841998736,1,0.0029014974841998736
BTC,2023-02-19,24,-0.014571827135413513,1.7818875847743177e-7,1,0,0.004934257663596764,1,1,-0.014571827135413513,1,-0.014571827135413513,1,-0.014571827135413513
BTC,2023-02-20,24,0.022497742908740355,1.757862292393536e-7,1,0,0.0048550371430387505,1,1,0.022497742908740355,1,0.022497742908740355,1,0.022497742908740355
BTC,2023-02-21,24,-0.01614015017741165,1.734766453151841e-7,1,0,0.004885190404548786,1,1,-0.01614015017741165,1,-0.01614015017741165,1,-0.01614015017741165
BTC,2023-02-22,24,-0.010508294530270322,1.7101565899070493e-7,1,0,0.004897887918576618,1,1,-0.010508294530270322,1,-0.010508294530270322,1,-0.010508294530270322
BTC,2023-02-23,24,-0.010147815063756314,1.7259000713804065e-7,1,0,0.00497380220746326,1,1,-0.010147815063756314,1,-0.010147815063756314,1,-0.010147815063756314
BTC,2023-02-24,24,-0.03176594415402268,1.6102453315610674e-7,1,0,0.004782662691072774,1,1,-0.03176594415402268,1,-0.03176594415402268,1,-0.03176594415402268
BTC,2023-02-25,24,-0.001143199919159734,1.6345514579664396e-7,1,0,0.004774829972502697,1,1,-0.001143199919159734,1,-0.001143199919159734,1,-0.001143199919159734
BTC,2023-02-26,24,0.0169995405842236,1.6263961342841026e-7,1,0,0.004745411829025292,1,1,0.0169995405842236,1,0.0169995405842236,1,0.0169995405842236
BTC,2023-02-27,24,-0.002979247362353508,1.626179536044374e-7,1,0,0.0047999542748284885,1,1,-0.002979247362353508,1,-0.002979247362353508,1,-0.002979247362353508
BTC,2023-02-28,24,-0.01549327974104528,1.6300493625782526e-7,1,0,0.004787873110585694,1,1,-0.01549327974104528,1,-0.01549327974104528,1,-0.01549327974104528
BTC,2023-03-01,24,0.02145561808364339,1.6372257423005288e-7,1,0,0.004781966404609117,1,1,0.02145561808364339,1,0.02145561808364339,1,0.02145561808364339
BTC,2023-03-02,24,-0.007150561024982978,1.6103404353126286e-7,1,0,0.004754242580222087,1,1,-0.007150561024982978,1,-0.007150561024982978,1,-0.007150561024982978
BTC,2023-03-03,24,-0.04847465772838538,1.896290793961412e-7,1,0,0.005166563814558054,1,1,-0.04847465772838538,1,-0.04847465772838538,1,-0.04847465772838538
BTC,2023-03-04,24,-3.4000975618676496e-4,1.8694483353608515e-7,1,0,0.005014183448053994,1,1,-3.4000975618676496e-4,1,-3.4000975618676496e-4,1,-3.4000975618676496e-4
BTC,2023-03-05,24,0.003501926509710723,1.9034732705600444e-7,1,0,0.005010085345855339,1,1,0.003501926509710723,1,0.003501926509710723,1,0.003501926509710723
BTC,2023-03-06,24,-7.806175303784212e-4,1.9063250834684874e-7,1,0,0.00501519506302794,1,1,-7.806175303784212e-4,1,-7.806175303784212e-4,1,-7.806175303784212e-4
BTC,2023-03-07,24,-0.009527874204626662,1.891717486492916e-7,1,0,0.00500486009163665,1,1,-0.009527874204626662,1,-0.009527874204626662,1,-0.009527874204626662
BTC,2023-03-08,24,-0.02268185445613362,1.9181441792510985e-7,1,0,0.005023656012503895,1,1,-0.02268185445613362,1,-0.02268185445613362,1,-0.02268185445613362
BTC,2023-03-09,24,-0.0635217916911499,1.9842215739245664e-7,1,0,0.00519829307932792,1,1,-0.0635217916911499,1,-0.0635217916911499,1,-0.0635217916911499
BTC,2023-03-10,24,-0.006844363633563624,1.9929172454215788e-7,1,0,0.005358703919239628,1,1,-0.006844363633563624,1,-0.006844363633563624,1,-0.006844363633563624
BTC,2023-03-11,24,0.01918224586051189,1.9546339915145656e-7,1,0,0.005428303215449792,1,1,0.01918224586051189,1,0.01918224586051189,1,0.01918224586051189
BTC,2023-03-12,24,0.07208916406267792,2.0137851466258893e-7,1,0,0.005622607009750309,1,1,0.07208916406267792,1,0.07208916406267792,1,0.07208916406267792
BTC,2023-03-13,24,0.08851950993628463,2.1214950841928935e-7,1,0,0.006072440652809502,1,1,0.08851950993628463,1,0.08851950993628463,1,0.08851950993628463
BTC,2023-03-14,24,0.022267303750464436,2.1932114853357294e-7,1,0,0.006459002479265338,2,1,0.022267303750464436,1,0.022267303750464436,1,0.022267303750464436
BTC,2023-03-15,24,-0.015503302819371505,2.147106750064592e-7,1,0,0.006509499930298493,2,1,-0.015503302819371505,1,-0.015503302819371505,1,-0.015503302819371505
BTC,2023-03-16,24,0.02756197071664948,2.0895954278160393e-7,1,0,0.00649718972199254,2,1,0.02756197071664948,1,0.02756197071664948,1,0.02756197071664948
BTC,2023-03-17,24,0.09126085452388696,2.0470278484870895e-7,1,0,0.006554610311004058,2,1,0.09126085452388696,1,0.09126085452388696,1,0.09126085452388696
BTC,2023-03-18,24,-0.017757481103296828,1.9459135987059394e-7,1,0,0.006412502352868407,2,1,-0.017757481103296828,1,-0.017757481103296828,1,-0.017757481103296828
BTC,2023-03-19,24,0.03946017226492885,1.917510128242966e-7,1,0,0.006407250322691225,2,1,0.03946017226492885,1,0.03946017226492885,1,0.03946017226492885
BTC,2023-03-20,24,-0.009920741167631277,1.9099606478483552e-7,1,0,0.006554869936330355,2,1,-0.009920741167631277,1,-0.009920741167631277,1,-0.009920741167631277
BTC,2023-03-21,24,0.01362866656029431,1.879647539689693e-7,1,0,0.0065697325155280005,2,1,0.01362866656029431,1,0.01362866656029431,1,0.01362866656029431
BTC,2023-03-22,24,-0.030806290101710408,1.9935497362858284e-7,1,0,0.006899359970309514,2,1,-0.030806290101710408,1,-0.030806290101710408,1,-0.030806290101710408
BTC,2023-03-23,24,0.03673100044098295,2.0381184455913861e-7,1,0,0.007018877312119296,2,1,0.03673100044098295,1,0.03673100044098295,1,0.03673100044098295
BTC,2023-03-24,24,-0.02975902425205028,2.0359312331804524e-7,1,0,0.007047928837248037,2,1,-0.02975902425205028,1,-0.02975902425205028,1,-0.02975902425205028
BTC,2023-03-25,24,-1.8187935942521856e-5,2.0327927900254402e-7,1,0,0.006992188521838819,2,1,-1.8187935942521856e-5,1,-1.8187935942521856e-5,1,-1.8187935942521856e-5
BTC,2023-03-26,24,0.018364019731300047,2.0374159223085084e-7,1,0,0.006977168884235811,2,1,0.018364019731300047,1,0.018364019731300047,1,0.018364019731300047
BTC,2023-03-27,24,-0.0313985292161891,2.0491241059821496e-7,1,0,0.007074586135501089,2,1,-0.0313985292161891,1,-0.0313985292161891,1,-0.0313985292161891
BTC,2023-03-28,24,0.0048932032246006415,2.0602594865405647e-7,1,0,0.007119049143171538,2,1,0.0048932032246006415,1,0.0048932032246006415,1,0.0048932032246006415
BTC,2023-03-29,24,0.039217045790427466,2.0533604487922325e-7,1,0,0.007159196494791608,2,1,0.039217045790427466,1,0.039217045790427466,1,0.039217045790427466
BTC,2023-03-30,24,-0.01149817073317603,2.065296085318536e-7,1,0,0.007248683297010742,2,1,-0.01149817073317603,1,-0.01149817073317603,1,-0.01149817073317603
BTC,2023-03-31,24,0.015320436715329063,2.0391917001873062e-7,1,0,0.007231856709242276,2,1,0.015320436715329063,1,0.015320436715329063,1,0.015320436715329063
BTC,2023-04-01,24,-1.4052443743135584e-4,2.0427296995948418e-7,1,0,0.0072273368460031686,2,1,-1.4052443743135584e-4,1,-1.4052443743135584e-4,1,-1.4052443743135584e-4
BTC,2023-04-02,24,-0.009808049985225498,1.8962377462705082e-7,1,0,0.0069176146972691555,2,1,-0.009808049985225498,1,-0.009808049985225498,1,-0.009808049985225498
BTC,2023-04-03,24,-0.013728721297838666,1.9028512047616555e-7,1,0,0.007010048373982126,2,1,-0.013728721297838666,1,-0.013728721297838666,1,-0.013728721297838666
BTC,2023-04-04,24,0.013391605761604959,1.8857124321526872e-7,1,0,0.007007882696829624,2,1,0.013391605761604959,1,0.013391605761604959,1,0.013391605761604959
BTC,2023-04-05,24,1.2776241885827599e-4,1.8836381870201784e-7,1,0,0.007056932255151095,2,1,1.2776241885827599e-4,1,1.2776241885827599e-4,1,1.2776241885827599e-4
BTC,2023-04-06,24,-0.004948506249772967,1.8868278595042024e-7,1,0,0.0070599393389236265,2,1,-0.004948506249772967,1,-0.004948506249772967,1,-0.004948506249772967
BTC,2023-04-07,24,-0.0041849214713029406,1.8820237559328966e-7,1,0,0.007029575227930942,2,1,-0.0041849214713029406,1,-0.0041849214713029406,1,-0.0041849214713029406
BTC,2023-04-08,24,0.0011847049197959351,1.8302322718566244e-7,1,0,0.006839574853235462,2,1,0.0011847049197959351,1,0.0011847049197959351,1,0.0011847049197959351
BTC,2023-04-09,24,0.013420063300058292,1.829779477776765e-7,1,0,0.006719947863540878,2,1,0.013420063300058292,1,0.013420063300058292,1,0.013420063300058292
BTC,2023-04-10,24,0.0455788363757491,1.83481714919264e-7,1,0,0.006655545540362849,2,1,0.0455788363757491,1,0.0455788363757491,1,0.0455788363757491
BTC,2023-04-11,24,0.01912466901590555,1.7716129141373147e-7,1,0,0.006509409428385918,2,1,0.01912466901590555,1,0.01912466901590555,1,0.01912466901590555
BTC,2023-04-12,24,-0.01105748191415235,1.6501526549141205e-7,1,0,0.006118157993478414,1,1,-0.01105748191415235,1,-0.01105748191415235,1,-0.01105748191415235
BTC,2023-04-13,24,0.016938736136219153,1.5211888962686148e-7,1,0,0.005711533081962687,1,1,0.016938736136219153,1,0.016938736136219153,1,0.016938736136219153
BTC,2023-04-14,24,0.002867039407802665,1.528164925836824e-7,1,0,0.0056777854609867985,1,1,0.002867039407802665,1,0.002867039407802665,1,0.002867039407802665
BTC,2023-04-15,24,-0.0058313805803267135,1.5360399173197892e-7,1,0,0.005608066632080461,1,1,-0.0058313805803267135,1,-0.0058313805803267135,1,-0.0058313805803267135
BTC,2023-04-16,24,3.2985936444645267e-6,1.4783394716832368e-7,1,0,0.005314872550309497,1,1,3.2985936444645267e-6,1,3.2985936444645267e-6,1,3.2985936444645267e-6
BTC,2023-04-17,24,-0.02900888090706174,1.5013577504909093e-7,1,0,0.005283710036435782,1,1,-0.02900888090706174,1,-0.02900888090706174,1,-0.02900888090706174
BTC,2023-04-18,24,0.03140737443311461,1.5025758904465247e-7,1,0,0.005237490377722819,1,1,0.03140737443311461,1,0.03140737443311461,1,0.03140737443311461
BTC,2023-04-19,24,-0.05321273933655303,1.5163852162633918e-7,1,0,0.005196633757440846,1,1,-0.05321273933655303,1,-0.05321273933655303,1,-0.05321273933655303
BTC,2023-04-20,24,-0.02006885277754341,1.5146612424196387e-7,1,0,0.005167917431834491,1,1,-0.02006885277754341,1,-0.02006885277754341,1,-0.02006885277754341
BTC,2023-04-21,24,-0.03521437325424389,1.335874383769117e-7,1,0,0.0047489362619620315,1,1,-0.03521437325424389,1,-0.03521437325424389,1,-0.03521437325424389
BTC,2023-04-22,24,0.020133897021828658,1.2568014246848435e-7,1,0,0.004493758936538413,1,1,0.020133897021828658,1,0.020133897021828658,1,0.020133897021828658
BTC,2023-04-23,24,-0.008269536464137564,1.2552428931625944e-7,1,0,0.0043917580523285,1,1,-0.008269536464137564,1,-0.008269536464137564,1,-0.008269536464137564
BTC,2023-04-24,24,-0.00258037498709374,1.2701058191706705e-7,1,0,0.0044371002587220345,1,1,-0.00258037498709374,1,-0.00258037498709374,1,-0.00258037498709374
BTC,2023-04-25,24,0.028031466585565625,1.262081723566788e-7,1,0,0.0044412526149285704,1,1,0.028031466585565625,1,0.028031466585565625,1,0.028031466585565625
BTC,2023-04-26,24,0.004371915336851331,1.6493539834538827e-7,1,0,0.005156440213890595,1,1,0.004371915336851331,1,0.004371915336851331,1,0.004371915336851331
BTC,2023-04-27,24,0.03618871058441288,1.7063545662402993e-7,1,0,0.005294557666880687,1,1,0.03618871058441288,1,0.03618871058441288,1,0.03618871058441288
BTC,2023-04-28,24,-0.005051349005360193,1.6808918631955888e-7,1,0,0.0052060880880814,1,1,-0.005051349005360193,1,-0.005051349005360193,1,-0.005051349005360193
BTC,2023-04-29,24,-0.002844728672670091,1.6488395476178493e-7,1,0,0.005055181715951052,1,1,-0.002844728672670091,1,-0.002844728672670091,1,-0.002844728672670091
BTC,2023-04-30,24,8.549390690131345e-5,1.6318240977602584e-7,1,0,0.005016895851854296,1,1,8.549390690131345e-5,1,8.549390690131345e-5,1,8.549390690131345e-5
BTC,2023-05-01,24,-0.04079620529332545,1.7009236625009938e-7,1,0,0.005178788547538902,1,1,-0.04079620529332545,1,-0.04079620529332545,1,-0.04079620529332545
BTC,2023-05-02,24,0.021251451738299478,1.6901788453004967e-7,1,0,0.005199323866447781,1,1,0.021251451738299478,1,0.021251451738299478,1,0.021251451738299478
BTC,2023-05-03,24,0.012344552225297619,1.673486723614192e-7,1,0,0.005145739348071152,1,1,0.012344552225297619,1,0.012344552225297619,1,0.012344552225297619
BTC,2023-05-04,24,-0.006239870987328809,1.6710055061258364e-7,1,0,0.005148851913351303,1,1,-0.006239870987328809,1,-0.006239870987328809,1,-0.006239870987328809
BTC,2023-05-05,24,0.02320989240961339,1.6660994549237426e-7,1,0,0.005132760268918395,1,1,0.02320989240961339,1,0.02320989240961339,1,0.02320989240961339
BTC,2023-05-06,24,-0.02151305158858442,1.6744720167608472e-7,1,0,0.005155717343626134,1,1,-0.02151305158858442,1,-0.02151305158858442,1,-0.02151305158858442
BTC,2023-05-07,23,-0.015119767480737508,1.6783847814261116e-7,1,0,0.005174112380250778,1,1,-0.015119767480737508,1,-0.015119767480737508,1,-0.015119767480737508
BTC,2023-05-08,24,-0.027593753745308196,1.6880193432260926e-7,1,0,0.005265045228653508,1,1,-0.027593753745308196,1,-0.027593753745308196,1,-0.027593753745308196
BTC,2023-05-09,24,-0.0021038104064905923,1.669877977975793e-7,1,0,0.005274705994514943,1,1,-0.0021038104064905923,1,-0.0021038104064905923,1,-0.0021038104064905923
BTC,2023-05-10,24,-6.225929022818256e-4,1.7165311068735033e-7,1,0,0.0053515682866058425,1,1,-6.225929022818256e-4,1,-6.225929022818256e-4,1,-6.225929022818256e-4
BTC,2023-05-11,24,-0.023390587084467347,1.7420641177616279e-7,1,0,0.005330046608794005,1,1,-0.023390587084467347,1,-0.023390587084467347,1,-0.023390587084467347
BTC,2023-05-12,24,-0.006668017781666443,1.7547560385795416e-7,1,0,0.00537394855824646,1,1,-0.006668017781666443,1,-0.006668017781666443,1,-0.006668017781666443
BTC,2023-05-13,24,-5.113247340649183e-4,1.777314135950627e-7,1,0,0.005351928999954273,1,1,-5.113247340649183e-4,1,-5.113247340649183e-4,1,-5.113247340649183e-4
BTC,2023-05-14,24,0.0050903770922370375,1.7990327272569786e-7,1,0,0.005291277054253962,1,1,0.0050903770922370375,1,0.0050903770922370375,1,0.0050903770922370375
BTC,2023-05-15,24,0.009044146941796179,1.7861362846031253e-7,1,0,0.005332884425282979,1,1,0.009044146941796179,1,0.009044146941796179,1,0.009044146941796179
BTC,2023-05-16,24,-0.004855775578672634,1.7751602913354055e-7,1,0,0.005343211942150946,1,1,-0.004855775578672634,1,-0.004855775578672634,1,-0.004855775578672634
BTC,2023-05-17,24,0.01345764023885745,1.7660947819494792e-7,1,0,0.005333464202856499,1,1,0.01345764023885745,1,0.01345764023885745,1,0.01345764023885745
BTC,2023-05-18,24,-0.02155737646530572,1.7999506270777163e-7,1,0,0.0053565567279165545,1,1,-0.02155737646530572,1,-0.02155737646530572,1,-0.02155737646530572
BTC,2023-05-19,24,0.0025882003749014386,1.7585218896422935e-7,1,0,0.005219724124445856,1,1,0.0025882003749014386,1,0.0025882003749014386,1,0.0025882003749014386
BTC,2023-05-20,24,0.008296528251355085,1.7879132306621623e-7,1,0,0.00515979053373972,1,1,0.008296528251355085,1,0.008296528251355085,1,0.008296528251355085
BTC,2023-05-21,24,-0.013397400640903983,1.7898631888983583e-7,1,0,0.005089767389624674,1,1,-0.013397400640903983,1,-0.013397400640903983,1,-0.013397400640903983
BTC,2023-05-22,24,0.0038876729299616125,1.7861231616207062e-7,1,0,0.005086036967680423,1,1,0.0038876729299616125,1,0.0038876729299616125,1,0.0038876729299616125
BTC,2023-05-23,24,0.013562526317347813,1.7648619799052256e-7,1,0,0.005082642121228296,1,1,0.013562526317347813,1,0.013562526317347813,1,0.013562526317347813
BTC,2023-05-24,24,-0.033385485381054444,1.7524385671166706e-7,1,0,0.0050651674070596115,1,1,-0.033385485381054444,1,-0.033385485381054444,1,-0.033385485381054444
BTC,2023-05-25,24,0.005635930243040891,1.745404037704331e-7,1,0,0.005020776611878121,1,1,0.005635930243040891,1,0.005635930243040891,1,0.005635930243040891
BTC,2023-05-26,24,0.00864194552306191,1.2505755580652003e-7,1,0,0.004120802100055897,1,1,0.00864194552306191,1,0.00864194552306191,1,0.00864194552306191
BTC,2023-05-27,24,0.0062486205554685495,1.124507241561923e-7,1,0,0.003813110595143705,1,1,0.0062486205554685495,1,0.0062486205554685495,1,0.0062486205554685495
BTC,2023-05-28,24,0.04426552793131646,1.1451778138619668e-7,1,0,0.0038457454356827054,1,1,0.04426552793131646,1,0.04426552793131646,1,0.04426552793131646
BTC,2023-05-29,24,-0.0124913635928587,1.1361557011797604e-7,1,0,0.0038588048014611205,1,1,-0.0124913635928587,1,-0.0124913635928587,1,-0.0124913635928587
BTC,2023-05-30,24,-0.0015187456134876716,1.1414561430337336e-7,1,0,0.003852128981682416,1,1,-0.0015187456134876716,1,-0.0015187456134876716,1,-0.0015187456134876716
BTC,2023-05-31,24,-0.017591147664841832,1.0482825080145087e-7,1,0,0.0036750991596217627,1,1,-0.017591147664841832,1,-0.017591147664841832,1,-0.017591147664841832
BTC,2023-06-01,24,-0.014858410349917982,1.0632843131733942e-7,1,0,0.0036763721311076363,1,1,-0.014858410349917982,1,-0.014858410349917982,1,-0.014858410349917982
BTC,2023-06-02,24,0.016216971512364266,1.0369545279293826e-7,1,0,0.0036085484553390872,1,1,0.016216971512364266,1,0.016216971512364266,1,0.016216971512364266
BTC,2023-06-03,24,-0.006674655843848252,1.0428412161976295e-7,1,0,0.0035765344415821104,1,1,-0.006674655843848252,1,-0.006674655843848252,1,-0.006674655843848252
BTC,2023-06-04,24,0.001882099945189477,1.0318357422576846e-7,1,0,0.0034946350565065363,1,1,0.001882099945189477,1,0.001882099945189477,1,0.001882099945189477
BTC,2023-06-05,24,-0.0530706106463169,1.0873888017317555e-7,1,0,0.0036422484023103012,1,1,-0.0530706106463169,1,-0.0530706106463169,1,-0.0530706106463169
BTC,2023-06-06,24,0.05738237348409131,1.1052622722855634e-7,1,0,0.0037568791161823986,1,1,0.05738237348409131,1,0.05738237348409131,1,0.05738237348409131
BTC,2023-06-07,24,-0.03313459464088783,1.100625394655727e-7,1,0,0.0037548302564549365,1,1,-0.03313459464088783,1,-0.03313459464088783,1,-0.03313459464088783
BTC,2023-06-08,24,0.005841973519051713,1.1033039494672147e-7,1,0,0.003741634970318207,1,1,0.005841973519051713,1,0.005841973519051713,1,0.005841973519051713
BTC,2023-06-09,24,-8.529783045456857e-4,1.0025839916326155e-7,1,0,0.003501312666815495,1,1,-8.529783045456857e-4,1,-8.529783045456857e-4,1,-8.529783045456857e-4
BTC,2023-06-10,24,-0.024195267994404687,1.0990775714204623e-7,1,0,0.003695618986205872,1,1,-0.024195267994404687,1,-0.024195267994404687,1,-0.024195267994404687
BTC,2023-06-11,24,0.003012748512871333,1.103695677700909e-7,1,0,0.003615558432538323,1,1,0.003012748512871333,1,0.003012748512871333,1,0.003012748512871333
BTC,2023-06-12,24,-9.337537189369701e-4,1.104067947844313e-7,1,0,0.0036288384998724023,1,1,-9.337537189369701e-4,1,-9.337537189369701e-4,1,-9.337537189369701e-4
BTC,2023-06-13,24,0.0010841531453893564,1.1012572264605015e-7,1,0,0.0036563119366061245,1,1,0.0010841531453893564,1,0.0010841531453893564,1,0.0010841531453893564
BTC,2023-06-14,24,-0.0316928485387699,1.2374623796535237e-7,1,0,0.0038759332026862053,1,1,-0.0316928485387699,1,-0.0316928485387699,1,-0.0316928485387699
BTC,2023-06-15,24,0.01787783557738881,1.2216846189683138e-7,1,0,0.003893143920058511,1,1,0.01787783557738881,1,0.01787783557738881,1,0.01787783557738881
BTC,2023-06-16,24,0.028745661820926405,1.2261098213230562e-7,1,0,0.0038979282233170946,1,1,0.028745661820926405,1,0.028745661820926405,1,0.028745661820926405
BTC,2023-06-17,24,0.007146835177374271,1.2062846844598213e-7,1,0,0.0038236160764909422,1,1,0.007146835177374271,1,0.007146835177374271,1,0.007146835177374271
BTC,2023-06-18,24,-0.006702455715584751,1.2204628467506872e-7,1,0,0.0038295127914101976,1,1,-0.006702455715584751,1,-0.006702455715584751,1,-0.006702455715584751
BTC,2023-06-19,24,0.019005850917084306,1.1965708095375896e-7,1,0,0.00384650210690599,1,1,0.019005850917084306,1,0.019005850917084306,1,0.019005850917084306
BTC,2023-06-20,24,0.05328293073734962,1.192702054627176e-7,1,0,0.003961628389926714,1,1,0.05328293073734962,1,0.05328293073734962,1,0.05328293073734962
BTC,2023-06-21,24,0.05775443659278003,1.1711756174205483e-7,1,0,0.004084200342431945,1,1,0.05775443659278003,1,0.05775443659278003,1,0.05775443659278003
BTC,2023-06-22,24,-0.003072199036970297,1.180416901796764e-7,1,0,0.004168318725058505,1,1,-0.003072199036970297,1,-0.003072199036970297,1,-0.003072199036970297
BTC,2023-06-23,24,0.02600344244847035,1.228098250844509e-7,1,0,0.004305193473197607,1,1,0.02600344244847035,1,0.02600344244847035,1,0.02600344244847035
BTC,2023-06-24,24,-0.004746040680610398,1.2438945434616018e-7,1,0,0.004320953869434589,1,1,-0.004746040680610398,1,-0.004746040680610398,1,-0.004746040680610398
BTC,2023-06-25,24,-0.003118561890745445,1.2532845179444577e-7,1,0,0.0043184156810242005,1,1,-0.003118561890745445,1,-0.003118561890745445,1,-0.003118561890745445
BTC,2023-06-26,24,-0.006031824453099732,1.2784584150162217e-7,1,0,0.004385931544472091,1,1,-0.006031824453099732,1,-0.006031824453099732,1,-0.006031824453099732
BTC,2023-06-27,24,0.014160341595863341,1.283493029276203e-7,1,0,0.004389615512737716,1,1,0.014160341595863341,1,0.014160341595863341,1,0.014160341595863341
BTC,2023-06-28,24,-0.01999609266985383,1.2873262829126416e-7,1,0,0.004402892086417633,1,1,-0.01999609266985383,1,-0.01999609266985383,1,-0.01999609266985383
BTC,2023-06-29,24,0.011975953648607767,1.2942321027547338e-7,1,0,0.0044019559139121135,1,1,0.011975953648607767,1,0.011975953648607767,1,0.011975953648607767
BTC,2023-06-30,24,8.009769720618589e-4,1.332179716646935e-7,1,0,0.004526097152939339,1,1,8.009769720618589e-4,1,8.009769720618589e-4,1,8.009769720618589e-4
BTC,2023-07-01,24,0.003822054968215839,1.3273014978766153e-7,1,0,0.004473584885778339,1,1,0.003822054968215839,1,0.003822054968215839,1,0.003822054968215839
BTC,2023-07-02,24,0.0010128336682240396,1.339572003794109e-7,1,0,0.004450131151978525,1,1,0.0010128336682240396,1,0.0010128336682240396,1,0.0010128336682240396
BTC,2023-07-03,24,0.016908943908930156,1.3340363105317515e-7,1,0,0.0044712359719966495,1,1,0.016908943908930156,1,0.016908943908930156,1,0.016908943908930156
BTC,2023-07-04,24,-0.01172365301202998,1.332665755261012e-7,1,0,0.004484919414179567,1,1,-0.01172365301202998,1,-0.01172365301202998,1,-0.01172365301202998
BTC,2023-07-05,24,-0.009108372222284439,1.2782368696931085e-7,1,0,0.004326618248592159,1,1,-0.009108372222284439,1,-0.009108372222284439,1,-0.009108372222284439
BTC,2023-07-06,24,-0.019903147710711288,1.3057812544616865e-7,1,0,0.004345819051012664,1,1,-0.019903147710711288,1,-0.019903147710711288,1,-0.019903147710711288
BTC,2023-07-07,24,0.014521974702575076,1.2752180569445556e-7,1,0,0.004250116525071661,1,1,0.014521974702575076,1,0.014521974702575076,1,0.014521974702575076
BTC,2023-07-08,24,-0.0014777336633759568,1.2787133412397229e-7,1,0,0.0042173902038688165,1,1,-0.0014777336633759568,1,-0.0014777336633759568,1,-0.0014777336633759568
BTC,2023-07-09,24,-0.003942495027118418,1.2914949670528496e-7,1,0,0.004208479306563226,1,1,-0.003942495027118418,1,-0.003942495027118418,1,-0.003942495027118418
BTC,2023-07-10,24,0.007751132312129332,1.237725725110163e-7,1,0,0.004076043977112615,1,1,0.007751132312129332,1,0.007751132312129332,1,0.007751132312129332
BTC,2023-07-11,24,0.007012536560574366,1.2331142013465688e-7,1,0,0.004073681576106314,1,1,0.007012536560574366,1,0.007012536560574366,1,0.007012536560574366
BTC,2023-07-12,24,-0.007492758656071555,1.2381070348112507e-7,1,0,0.004089580047265408,1,1,-0.007492758656071555,1,-0.007492758656071555,1,-0.007492758656071555
BTC,2023-07-13,24,0.035255011396044575,1.2472813869370715e-7,1,0,0.004148392061737908,1,1,0.035255011396044575,1,0.035255011396044575,1,0.035255011396044575
BTC,2023-07-14,24,-0.03741557213770038,1.1663575491125446e-7,1,0,0.004010611395947204,1,1,-0.03741557213770038,1,-0.03741557213770038,1,-0.03741557213770038
BTC,2023-07-15,24,-0.0014947020060959955,1.1872043025448392e-7,1,0,0.003967225408498829,1,1,-0.0014947020060959955,1,-0.0014947020060959955,1,-0.0014947020060959955
BTC,2023-07-16,24,-0.0014903255533790984,1.1897930198437278e-7,1,0,0.003909593154293371,1,1,-0.0014903255533790984,1,-0.0014903255533790984,1,-0.0014903255533790984
BTC,2023-07-17,24,-0.0030171829968092326,1.1831611700392853e-7,1,0,0.003908501982221701,1,1,-0.0030171829968092326,1,-0.0030171829968092326,1,-0.0030171829968092326
BTC,2023-07-18,24,-0.0096958538449104,1.1824794264209232e-7,1,0,0.00392265108505687,1,1,-0.0096958538449104,1,-0.0096958538449104,1,-0.0096958538449104
BTC,2023-07-19,24,0.0018504302593566164,1.2025990650519504e-7,1,0,0.003918954803009739,1,1,0.0018504302593566164,1,0.0018504302593566164,1,0.0018504302593566164
BTC,2023-07-20,24,-0.0038418750833102175,1.2334090490052463e-7,1,0,0.0038519402188502646,1,1,-0.0038418750833102175,1,-0.0038418750833102175,1,-0.0038418750833102175
BTC,2023-07-21,24,0.003925448411432936,1.2622844086498368e-7,1,0,0.0037000255065504904,1,1,0.003925448411432936,1,0.003925448411432936,1,0.003925448411432936
BTC,2023-07-22,24,-0.004969691153394761,1.2627505516461198e-7,1,0,0.003569590627838822,1,1,-0.004969691153394761,1,-0.004969691153394761,1,-0.004969691153394761
BTC,2023-07-23,24,0.010546604645223202,1.1972769117404607e-7,1,0,0.0033424495563684088,1,1,0.010546604645223202,1,0.010546604645223202,1,0.010546604645223202
BTC,2023-07-24,24,-0.030511573618308196,1.2235425986291301e-07,1,0,0.0033927335918172864,1,1,-0.030511573618308196,1,-0.030511573618308196,1,-0.030511573618308196
BTC,2023-07-25,24,0.00159579784359042,1.228507192101204e-7,1,0,0.00337947209321478,1,1,0.00159579784359042,1,0.00159579784359042,1,0.00159579784359042
BTC,2023-07-26,24,0.0037943321861032327,1.1961494087848068e-7,1,0,0.0033146989004433232,1,1,0.0037943321861032327,1,0.0037943321861032327,1,0.0037943321861032327
BTC,2023-07-27,24,-0.0043419585816898126,1.183733584997036e-7,1,0,0.0032466737469161303,1,1,-0.0043419585816898126,1,-0.0043419585816898126,1,-0.0043419585816898126
BTC,2023-07-28,24,0.0035951592978728064,1.2067663512908516e-7,1,0,0.0032221807337289568,1,1,0.0035951592978728064,1,0.0035951592978728064,1,0.0035951592978728064
BTC,2023-07-29,24,0.0015747873712934483,1.2253645348715e-7,1,0,0.003188553086457463,1,1,0.0015747873712934483,1,0.0015747873712934483,1,0.0015747873712934483
BTC,2023-07-30,24,-0.002820693536531355,1.1611515766764216e-7,1,0,0.0029441272261188744,1,1,-0.002820693536531355,1,-0.002820693536531355,1,-0.002820693536531355
BTC,2023-07-31,24,-0.0017126657669035057,1.1565702255511035e-7,1,0,0.002958409393641715,1,1,-0.0017126657669035057,1,-0.0017126657669035057,1,-0.0017126657669035057
BTC,2023-08-01,24,0.015871948257463242,1.1939320962716573e-7,1,0,0.003064455165654391,1,1,0.015871948257463242,1,0.015871948257463242,1,0.015871948257463242
BTC,2023-08-02,24,-0.018451604672008397,1.1937615756576513e-7,1,0,0.0030745905005382756,1,1,-0.018451604672008397,1,-0.018451604672008397,1,-0.018451604672008397
BTC,2023-08-03,24,0.0011964450899726244,1.1896272902215666e-7,1,0,0.0030758013960049805,1,1,0.0011964450899726244,1,0.0011964450899726244,1,0.0011964450899726244
BTC,2023-08-04,24,-0.003923788206609388,1.2044943735871688e-7,1,0,0.0030620695171359727,1,1,-0.003923788206609388,1,-0.003923788206609388,1,-0.003923788206609388
BTC,2023-08-05,24,-8.878183652676432e-4,1.1361142815149464e-7,1,0,0.0028577537884093107,1,1,-8.878183652676432e-4,1,-8.878183652676432e-4,1,-8.878183652676432e-4
BTC,2023-08-06,24,-3.5121548463743163e-4,1.1523716202332733e-7,1,0,0.0028238982700786288,1,1,-3.5121548463743163e-4,1,-3.5121548463743163e-4,1,-3.5121548463743163e-4
BTC,2023-08-07,24,0.0048818375122426875,1.1312233104938972e-7,1,0,0.002837639585919169,1,1,0.0048818375122426875,1,0.0048818375122426875,1,0.0048818375122426875
BTC,2023-08-08,24,0.01993768711074823,1.1166021233857783e-7,1,0,0.0028962410246867005,1,1,0.01993768711074823,1,0.01993768711074823,1,0.01993768711074823
BTC,2023-08-09,24,-0.006599571624683052,1.0710778456920588e-7,1,0,0.002834575266525359,1,1,-0.006599571624683052,1,-0.006599571624683052,1,-0.006599571624683052
BTC,2023-08-10,24,-0.0048068052104726965,1.0645197740930341e-7,1,0,0.0028192621753794847,1,1,-0.0048068052104726965,1,-0.0048068052104726965,1,-0.0048068052104726965
BTC,2023-08-11,24,-0.0010199225743050414,1.062381725958156e-7,1,0,0.0027773945799355964,1,1,-0.0010199225743050414,1,-0.0010199225743050414,1,-0.0010199225743050414
BTC,2023-08-12,24,4.5569397198136374e-4,1.0357707086079406e-7,1,0,0.0026254923668625977,1,1,4.5569397198136374e-4,1,4.5569397198136374e-4,1,4.5569397198136374e-4
BTC,2023-08-13,24,-0.004337499879351689,9.53119001354642e-8,1,0,0.002420495845245957,1,1,-0.004337499879351689,1,-0.004337499879351689,1,-0.004337499879351689
BTC,2023-08-14,24,0.004541474668774702,9.665667855008888e-8,1,0,0.002454907498995204,1,1,0.004541474668774702,1,0.004541474668774702,1,0.004541474668774702
BTC,2023-08-15,24,-0.008637253741139512,9.60101913565957e-8,1,0,0.0024572831341264216,1,1,-0.008637253741139512,1,-0.008637253741139512,1,-0.008637253741139512
BTC,2023-08-16,24,-0.016138218589622253,9.405726578892781e-8,1,0,0.0024114383145077056,1,1,-0.016138218589622253,1,-0.016138218589622253,1,-0.016138218589622253
BTC,2023-08-17,24,-0.07455864669189827,1.4810747799461213e-7,1,0,0.0031559010484137344,1,1,-0.07455864669189827,1,-0.07455864669189827,1,-0.07455864669189827
BTC,2023-08-18,24,-0.022398968452497187,1.492711177057279e-7,1,0,0.003211152963304034,1,1,-0.022398968452497187,1,-0.022398968452497187,1,-0.022398968452497187
BTC,2023-08-19,24,0.0014041874710363795,1.4895926337443545e-7,1,0,0.003167528984916457,1,1,0.0014041874710363795,1,0.0014041874710363795,1,0.0014041874710363795
BTC,2023-08-20,24,0.004028954192800605,1.5147387313368092e-7,1,0,0.0031708407472770773,1,1,0.004028954192800605,1,0.004028954192800605,1,0.004028954192800605
BTC,2023-08-21,24,-0.0024889187204565843,1.521528120333135e-7,1,0,0.003198109916858258,1,1,-0.0024889187204565843,1,-0.0024889187204565843,1,-0.0024889187204565843
BTC,2023-08-22,24,-0.0031822861848522926,1.5234823061087065e-7,1,0,0.003226938238972866,1,1,-0.0031822861848522926,1,-0.0031822861848522926,1,-0.0031822861848522926
BTC,2023-08-23,24,0.014373705750844835,1.5139933153085852e-7,1,0,0.0032115971477153266,1,1,0.014373705750844835,1,0.014373705750844835,1,0.014373705750844835
BTC,2023-08-24,24,-0.009791357367339696,1.535434573304075e-7,1,0,0.0032415404607261515,1,1,-0.009791357367339696,1,-0.009791357367339696,1,-0.009791357367339696
BTC,2023-08-25,24,-0.00422143596228088,1.5647973001107962e-7,1,0,0.003251906576371218,1,1,-0.00422143596228088,1,-0.00422143596228088,1,-0.00422143596228088
BTC,2023-08-26,24,-0.001821249173019764,1.5866337027743933e-7,1,0,0.003239510327599749,1,1,-0.001821249173019764,1,-0.001821249173019764,1,-0.001821249173019764
BTC,2023-08-27,24,0.0032635976888011385,1.592984623365598e-7,1,0,0.003222656219387953,1,1,0.0032635976888011385,1,0.0032635976888011385,1,0.0032635976888011385
BTC,2023-08-28,24,8.506236503470466e-4,1.5897845659297152e-7,1,0,0.0032440535128074226,1,1,8.506236503470466e-4,1,8.506236503470466e-4,1,8.506236503470466e-4
BTC,2023-08-29,24,0.06027310040110488,2.1418385438667709e-7,1,0,0.0039310647205278776,1,1,0.06027310040110488,1,0.06027310040110488,1,0.06027310040110488
BTC,2023-08-30,24,-0.015491678365509869,2.1457652139724465e-7,1,0,0.0039567931863971695,1,1,-0.015491678365509869,1,-0.015491678365509869,1,-0.015491678365509869
BTC,2023-08-31,24,-0.05144480857552452,2.237811297693084e-7,2,0,0.004022367067329368,1,1,-0.05144480857552452,1,-0.05144480857552452,1,-0.05144480857552452
BTC,2023-09-01,24,-0.004943530635082977,2.2891027952928117e-7,2,0,0.004054264571769242,1,1,-0.004943530635082977,1,-0.004943530635082977,1,-0.004943530635082977
BTC,2023-09-02,24,0.0023762540691079485,2.3249976065454392e-7,2,0,0.0040339433525190364,1,1,0.0023762540691079485,1,0.0023762540691079485,1,0.0023762540691079485
BTC,2023-09-03,24,0.003846522139768923,2.3474567733018998e-7,2,0,0.004030874038865338,1,1,0.003846522139768923,1,0.003846522139768923,1,0.003846522139768923
BTC,2023-09-04,24,-0.0063002736611870586,2.3424863569674823e-7,2,0,0.004044670819268751,1,1,-0.0063002736611870586,1,-0.0063002736611870586,1,-0.0063002736611870586
BTC,2023-09-05,24,-6.822366773004968e-4,2.3242867664422842e-7,2,0,0.004048990160453651,1,1,-6.822366773004968e-4,1,-6.822366773004968e-4,1,-6.822366773004968e-4
BTC,2023-09-06,24,-9.660056034653248e-4,2.3902431028729663e-7,2,0,0.0040686263988073835,1,1,-9.660056034653248e-4,1,-9.660056034653248e-4,1,-9.660056034653248e-4
BTC,2023-09-07,24,0.018177353657067984,2.431001328582062e-7,2,0,0.004051826621253632,1,1,0.018177353657067984,1,0.018177353657067984,1,0.018177353657067984
BTC,2023-09-08,24,-0.012704038787602305,2.437726188109856e-7,2,0,0.004047908428381016,1,1,-0.012704038787602305,1,-0.012704038787602305,1,-0.012704038787602305
BTC,2023-09-09,24,-5.367158141450334e-4,2.4816467862766973e-7,2,0,0.004035652153451567,1,1,-5.367158141450334e-4,1,-5.367158141450334e-4,1,-5.367158141450334e-4
BTC,2023-09-10,24,-0.002370397832329608,2.484933582843397e-7,2,0,0.004035342193965346,1,1,-0.002370397832329608,1,-0.002370397832329608,1,-0.002370397832329608
BTC,2023-09-11,24,-0.02614604927030434,2.441141599113249e-7,2,0,0.004120092524131687,1,1,-0.02614604927030434,1,-0.02614604927030434,1,-0.02614604927030434
BTC,2023-09-12,24,0.026238960168819502,2.4687270995075697e-7,2,0,0.0042715798474052165,1,1,0.026238960168819502,1,0.026238960168819502,1,0.026238960168819502
BTC,2023-09-13,24,0.015316211706885387,2.412676020589224e-7,2,0,0.004287795113389113,1,1,0.015316211706885387,1,0.015316211706885387,1,0.015316211706885387
BTC,2023-09-14,24,0.011537729426678906,2.424819564637292e-7,2,0,0.004352831754163288,1,1,0.011537729426678906,1,0.011537729426678906,1,0.011537729426678906
BTC,2023-09-15,24,0.002803625849769541,2.4048015993304135e-7,2,0,0.004383284466774157,1,1,0.002803625849769541,1,0.002803625849769541,1,0.002803625849769541
BTC,2023-09-16,24,-0.001560781459598402,2.0555425240303458e-7,1,0,0.003855936222322993,1,1,-0.001560781459598402,1,-0.001560781459598402,1,-0.001560781459598402
BTC,2023-09-17,24,-0.001080810449358192,2.0904619167758253e-7,1,0,0.0037853167822090505,1,1,-0.001080810449358192,1,-0.001080810449358192,1,-0.001080810449358192
BTC,2023-09-18,24,0.008199212508206632,2.101061163037268e-7,1,0,0.0038760428723613066,1,1,0.008199212508206632,1,0.008199212508206632,1,0.008199212508206632
BTC,2023-09-19,24,0.017423185893334404,2.0695810717093907e-7,1,0,0.003932230512247142,1,1,0.017423185893334404,1,0.017423185893334404,1,0.017423185893334404
BTC,2023-09-20,24,-0.0034397986962868415,2.0592043813963672e-7,1,0,0.003956446141891815,1,1,-0.0034397986962868415,1,-0.0034397986962868415,1,-0.0034397986962868415
BTC,2023-09-21,24,-0.021135664530900197,2.018516468511156e-7,1,0,0.003948608600644529,1,1,-0.021135664530900197,1,-0.021135664530900197,1,-0.021135664530900197
BTC,2023-09-22,24,6.095794466993416e-4,1.9903245821769808e-7,1,0,0.0038846727600334967,1,1,6.095794466993416e-4,1,6.095794466993416e-4,1,6.095794466993416e-4
BTC,2023-09-23,24,-1.128570516161758e-4,1.9860126069554432e-7,1,0,0.0038497270177799397,1,1,-1.128570516161758e-4,1,-1.128570516161758e-4,1,-1.128570516161758e-4
BTC,2023-09-24,24,-0.012435546403150071,1.999432019559496e-7,1,0,0.0038380011666635117,1,1,-0.012435546403150071,1,-0.012435546403150071,1,-0.012435546403150071
BTC,2023-09-25,24,0.0014274270106198674,1.9199557485249396e-7,1,0,0.00385170933295427,1,1,0.0014274270106198674,1,0.0014274270106198674,1,0.0014274270106198674
BTC,2023-09-26,24,-0.0028530798502825025,1.8977879830293948e-7,1,0,0.003858130353052047,1,1,-0.0028530798502825025,1,-0.0028530798502825025,1,-0.0028530798502825025
BTC,2023-09-27,24,0.0055159645931396935,1.941686467546651e-7,1,0,0.0039257695586185646,1,1,0.0055159645931396935,1,0.0055159645931396935,1,0.0055159645931396935
BTC,2023-09-28,24,0.024985050302228723,1.4183391662168122e-7,1,0,0.0032895851851673353,1,1,0.024985050302228723,1,0.024985050302228723,1,0.024985050302228723
BTC,2023-09-29,24,-0.003955746822752308,1.4032176275720274e-7,1,0,0.0032723459696788752,1,1,-0.003955746822752308,1,-0.003955746822752308,1,-0.003955746822752308
BTC,2023-09-30,24,0.001959438772878121,1.2813859560186606e-7,1,0,0.0030757726001771047,1,1,0.001959438772878121,1,0.001959438772878121,1,0.001959438772878121
BTC,2023-10-01,24,0.03669662400737774,1.385903223556252e-7,1,0,0.003176344958516563,1,1,0.03669662400737774,1,0.03669662400737774,1,0.03669662400737774
BTC,2023-10-02,24,-0.01731055085040917,1.3893187936740557e-7,1,0,0.003324567115371254,1,1,-0.01731055085040917,1,-0.01731055085040917,1,-0.01731055085040917
BTC,2023-10-03,24,-0.002647050195615167,1.3768596643926116e-7,1,0,0.003357167731922904,1,1,-0.002647050195615167,1,-0.002647050195615167,1,-0.002647050195615167
BTC,2023-10-04,24,0.01346433948247938,1.3641657741281572e-7,1,0,0.00336459441260188,1,1,0.01346433948247938,1,0.01346433948247938,1,0.01346433948247938
BTC,2023-10-05,24,-0.013989484456438018,1.3876908443735594e-7,1,0,0.003435240960639884,1,1,-0.013989484456438018,1,-0.013989484456438018,1,-0.013989484456438018
BTC,2023-10-06,24,0.019291948277315632,1.4234285148462033e-7,1,0,0.0035230102049089705,1,1,0.019291948277315632,1,0.019291948277315632,1,0.019291948277315632
BTC,2023-10-07,24,9.155741217396827e-4,1.4329653580211354e-7,1,0,0.0034960988454790388,1,1,9.155741217396827e-4,1,9.155741217396827e-4,1,9.155741217396827e-4
BTC,2023-10-08,24,-0.001384415001799337,1.4426017463571272e-7,1,0,0.0034645116349459,1,1,-0.001384415001799337,1,-0.001384415001799337,1,-0.001384415001799337
BTC,2023-10-09,24,-0.012557620963463944,1.4261504064802422e-7,1,0,0.003500783227059542,1,1,-0.012557620963463944,1,-0.012557620963463944,1,-0.012557620963463944
BTC,2023-10-10,24,-0.006867554281305439,1.4162749746288556e-7,1,0,0.0035061915055439176,1,1,-0.006867554281305439,1,-0.006867554281305439,1,-0.006867554281305439
BTC,2023-10-11,24,-0.019501037216411367,1.4063211717650516e-7,1,0,0.003486680263508153,1,1,-0.019501037216411367,1,-0.019501037216411367,1,-0.019501037216411367
BTC,2023-10-12,24,-0.004001564194758453,1.3157980144927616e-7,1,0,0.003316991085464033,1,1,-0.004001564194758453,1,-0.004001564194758453,1,-0.004001564194758453
BTC,2023-10-13,24,0.003990398516564039,1.3285098126776804e-7,1,0,0.003310662048093568,1,1,0.003990398516564039,1,0.003990398516564039,1,0.003990398516564039
BTC,2023-10-14,24,-3.94600676685957e-4,1.2936944844898364e-7,1,0,0.0032155374068338063,1,1,-3.94600676685957e-4,1,-3.94600676685957e-4,1,-3.94600676685957e-4
BTC,2023-10-15,24,0.011579439140131433,1.2908777698685504e-7,1,0,0.0031637436858625123,1,1,0.011579439140131433,1,0.011579439140131433,1,0.011579439140131433
BTC,2023-10-16,24,0.04837628332597041,1.2783603187423746e-7,1,0,0.0033471167023819107,1,1,0.04837628332597041,1,0.04837628332597041,1,0.04837628332597041
BTC,2023-10-17,24,-0.0035480587907475063,1.284756479470883e-7,1,0,0.003405122115250651,1,1,-0.0035480587907475063,1,-0.0035480587907475063,1,-0.0035480587907475063
BTC,2023-10-18,24,-0.002844009677182679,1.2442723337506813e-7,1,0,0.003324008807808216,1,1,-0.002844009677182679,1,-0.002844009677182679,1,-0.002844009677182679
BTC,2023-10-19,24,0.013732647201305946,1.2220256021369187e-7,1,0,0.003275344367420313,1,1,0.013732647201305946,1,0.013732647201305946,1,0.013732647201305946
BTC,2023-10-20,24,0.03266977526874255,1.252709862341588e-7,1,0,0.0033587293649030995,1,1,0.03266977526874255,1,0.03266977526874255,1,0.03266977526874255
BTC,2023-10-21,24,0.008030096286345944,1.254552868249548e-7,1,0,0.003354028945903983,1,1,0.008030096286345944,1,0.008030096286345944,1,0.008030096286345944
BTC,2023-10-22,24,0.002240121122055715,1.285457947302503e-7,1,0,0.003393807744935988,1,1,0.002240121122055715,1,0.002240121122055715,1,0.002240121122055715
BTC,2023-10-23,24,0.09828791349506637,1.6358762418812068e-7,1,0,0.0040197643291083355,1,1,0.09828791349506637,1,0.09828791349506637,1,0.09828791349506637
BTC,2023-10-24,24,0.025013690944651026,1.7596341357739514e-7,1,0,0.004373258986371031,1,1,0.025013690944651026,1,0.025013690944651026,1,0.025013690944651026
BTC,2023-10-25,24,0.01659096441573124,1.7991459513935317e-7,1,0,0.004449869271860407,1,1,0.01659096441573124,1,0.01659096441573124,1,0.01659096441573124
BTC,2023-10-26,24,-0.0097516837287206,1.7740684856133993e-7,1,0,0.004491154849860633,1,1,-0.0097516837287206,1,-0.0097516837287206,1,-0.0097516837287206
BTC,2023-10-27,24,-0.007054500883161327,1.7496929337742003e-7,1,0,0.0044780860184710685,1,1,-0.007054500883161327,1,-0.007054500883161327,1,-0.007054500883161327
BTC,2023-10-28,24,0.005205342953682543,1.7509622582311852e-7,1,0,0.004444365795183415,1,1,0.005205342953682543,1,0.005205342953682543,1,0.005205342953682543
BTC,2023-10-29,24,0.012748345239665858,1.770077700522407e-7,1,0,0.004454155230143105,1,1,0.012748345239665858,1,0.012748345239665858,1,0.012748345239665858
BTC,2023-10-30,24,-6.199520459981508e-4,1.7451375428662627e-7,1,0,0.004475938610455234,1,1,-6.199520459981508e-4,1,-6.199520459981508e-4,1,-6.199520459981508e-4
BTC,2023-10-31,24,0.004253707437399618,1.6673355239534284e-7,1,0,0.0043765300651011545,1,1,0.004253707437399618,1,0.004253707437399618,1,0.004253707437399618
BTC,2023-11-01,24,0.02244130645743892,1.7338252406537988e-7,1,0,0.004417761089736953,1,1,0.02244130645743892,1,0.02244130645743892,1,0.02244130645743892
BTC,2023-11-02,24,-0.014608882310595364,1.7206289777240783e-7,1,0,0.004447361865851049,1,1,-0.014608882310595364,1,-0.014608882310595364,1,-0.014608882310595364
BTC,2023-11-03,24,-0.0053539081424065875,1.7450506534733103e-7,1,0,0.004491212902946946,1,1,-0.0053539081424065875,1,-0.0053539081424065875,1,-0.0053539081424065875
BTC,2023-11-04,24,0.009998436472141742,1.730853197439225e-7,1,0,0.004451246445231441,1,1,0.009998436472141742,1,0.009998436472141742,1,0.009998436472141742
BTC,2023-11-05,24,-0.0011491255222643674,1.7181978236354555e-7,1,0,0.004411333239107289,1,1,-0.0011491255222643674,1,-0.0011491255222643674,1,-0.0011491255222643674
BTC,2023-11-06,24,-6.10742813503685e-4,1.7171445450224994e-7,1,0,0.004430740928636336,1,1,-6.10742813503685e-4,1,-6.10742813503685e-4,1,-6.10742813503685e-4
BTC,2023-11-07,24,0.011930173168456258,1.7216273548451362e-7,1,0,0.004487314494575364,1,1,0.011930173168456258,1,0.011930173168456258,1,0.011930173168456258
BTC,2023-11-08,24,0.004991892226720988,1.7179345384031077e-7,1,0,0.0044891597106878935,1,1,0.004991892226720988,1,0.004991892226720988,1,0.004991892226720988
BTC,2023-11-09,24,0.029526317894255093,1.7731854876739962e-7,1,0,0.004733325797500992,1,1,0.029526317894255093,1,0.029526317894255093,1,0.029526317894255093
BTC,2023-11-10,24,0.01669369643042802,1.7414344868801388e-7,1,0,0.004727956158016217,1,1,0.01669369643042802,1,0.01669369643042802,1,0.01669369643042802
BTC,2023-11-11,24,-0.004617779506513281,1.7500680203108116e-7,1,0,0.004742826486058366,1,1,-0.004617779506513281,1,-0.004617779506513281,1,-0.004617779506513281
BTC,2023-11-12,24,-0.002315561520229854,1.7564743312828763e-7,1,0,0.004727693061071412,1,1,-0.002315561520229854,1,-0.002315561520229854,1,-0.002315561520229854
BTC,2023-11-13,24,-0.015223005673157012,1.7299983903758214e-7,1,0,0.004756637874400382,1,1,-0.015223005673157012,1,-0.015223005673157012,1,-0.015223005673157012
BTC,2023-11-14,24,-0.026367984459332076,1.768083866998028e-7,1,0,0.004900628033231935,1,1,-0.026367984459332076,1,-0.026367984459332076,1,-0.026367984459332076
BTC,2023-11-15,24,0.06408141782963012,1.829554391037599e-7,1,0,0.004899452916277497,1,1,0.06408141782963012,1,0.06408141782963012,1,0.06408141782963012
BTC,2023-11-16,24,-0.04693539122365584,1.7779055558894723e-7,1,0,0.0049346570743229465,1,1,-0.04693539122365584,1,-0.04693539122365584,1,-0.04693539122365584
BTC,2023-11-17,24,0.012802421503532141,1.7531436772203514e-7,1,0,0.004963458191067724,1,1,0.012802421503532141,1,0.012802421503532141,1,0.012802421503532141
BTC,2023-11-18,24,-0.0010626804859042672,1.7663229357179993e-7,1,0,0.004957163616680022,1,1,-0.0010626804859042672,1,-0.0010626804859042672,1,-0.0010626804859042672
BTC,2023-11-19,24,0.02130421298828298,1.7560033466634537e-7,1,0,0.004891476760882117,1,1,0.02130421298828298,1,0.02130421298828298,1,0.02130421298828298
BTC,2023-11-20,24,0.002848197889867424,1.729090957858307e-7,1,0,0.00490113050395882,1,1,0.002848197889867424,1,0.002848197889867424,1,0.002848197889867424
BTC,2023-11-21,24,-0.0465127738001091,1.710348090459847e-7,1,0,0.004993470802298406,1,1,-0.0465127738001091,1,-0.0465127738001091,1,-0.0465127738001091
BTC,2023-11-22,24,0.045113735277245284,1.469112061470251e-7,1,0,0.004605025994862703,1,1,0.045113735277245284,1,0.045113735277245284,1,0.045113735277245284
BTC,2023-11-23,24,-0.0034043041616084262,1.328907120000931e-7,1,0,0.004270753168678745,1,1,-0.0034043041616084262,1,-0.0034043041616084262,1,-0.0034043041616084262
BTC,2023-11-24,24,0.01091846343498136,1.3115564846332467e-7,1,0,0.004249902224125162,1,1,0.01091846343498136,1,0.01091846343498136,1,0.01091846343498136
BTC,2023-11-25,24,0.0023784751368494113,1.3153939633785347e-7,1,0,0.004198414617510282,1,1,0.0023784751368494113,1,0.0023784751368494113,1,0.0023784751368494113
BTC,2023-11-26,24,-0.008776449616509063,1.3084567902346917e-7,1,0,0.0041580596864644985,1,1,-0.008776449616509063,1,-0.008776449616509063,1,-0.008776449616509063
BTC,2023-11-27,24,-0.005775938117604725,1.316554282120302e-7,1,0,0.004191155776295288,1,1,-0.005775938117604725,1,-0.005775938117604725,1,-0.005775938117604725
BTC,2023-11-28,24,0.015411802142402668,1.3098957803535101e-7,1,0,0.004223638733261741,1,1,0.015411802142402668,1,0.015411802142402668,1,0.015411802142402668
BTC,2023-11-29,24,9.854338885786431e-4,1.3263314605237985e-7,1,0,0.004246381413301837,1,1,9.854338885786431e-4,1,9.854338885786431e-4,1,9.854338885786431e-4
BTC,2023-11-30,24,-0.004029761617291297,1.3171033985653178e-7,1,0,0.004228814488322354,1,1,-0.004029761617291297,1,-0.004029761617291297,1,-0.004029761617291297
BTC,2023-12-01,24,0.025451688416009397,1.2510374453284667e-7,1,0,0.004119152257077849,1,1,0.025451688416009397,1,0.025451688416009397,1,0.025451688416009397
BTC,2023-12-02,24,0.020139588241034574,1.2641948276172732e-7,1,0,0.004097616066852067,1,1,0.020139588241034574,1,0.020139588241034574,1,0.020139588241034574
BTC,2023-12-03,24,0.012536003326910447,1.2432549283898042e-7,1,0,0.0040639064706540365,1,1,0.012536003326910447,1,0.012536003326910447,1,0.012536003326910447
BTC,2023-12-04,24,0.049048505920557275,1.2444970860541485e-7,1,0,0.004188283708811094,1,1,0.049048505920557275,1,0.049048505920557275,1,0.049048505920557275
BTC,2023-12-05,24,0.048719047299375005,1.2264530291213599e-7,1,0,0.004233756835440098,1,1,0.048719047299375005,1,0.048719047299375005,1,0.048719047299375005
BTC,2023-12-06,24,-0.0072653078778920615,1.209727336306284e-7,1,0,0.004244305784612272,1,1,-0.0072653078778920615,1,-0.0072653078778920615,1,-0.0072653078778920615
BTC,2023-12-07,24,-0.010798074900294483,1.1963073252357012e-7,1,0,0.004222186747588996,1,1,-0.010798074900294483,1,-0.010798074900294483,1,-0.010798074900294483
BTC,2023-12-08,24,0.02029994986765618,1.2002844825266197e-7,1,0,0.004249716722386251,1,1,0.02029994986765618,1,0.02029994986765618,1,0.02029994986765618
BTC,2023-12-09,24,-0.010693122980393625,1.121355162355798e-7,1,0,0.003984905388348896,1,1,-0.010693122980393625,1,-0.010693122980393625,1,-0.010693122980393625
BTC,2023-12-10,24,0.0017920496329362867,1.1256928201382197e-7,1,0,0.0039317311559766395,1,1,0.0017920496329362867,1,0.0017920496329362867,1,0.0017920496329362867
BTC,2023-12-11,24,-0.0600287456725461,1.1970593746696244e-7,1,0,0.004159680827918544,1,1,-0.0600287456725461,1,-0.0600287456725461,1,-0.0600287456725461
BTC,2023-12-12,24,0.005636801303896034,1.252388890409728e-7,1,0,0.004308695937333104,1,1,0.005636801303896034,1,0.005636801303896034,1,0.005636801303896034
BTC,2023-12-13,24,0.033649851522628636,1.289923376753104e-7,1,0,0.004380783997143844,1,1,0.033649851522628636,1,0.033649851522628636,1,0.033649851522628636
BTC,2023-12-14,24,0.0029567498247696357,1.265272930646588e-7,1,0,0.004313341664920486,1,1,0.0029567498247696357,1,0.0029567498247696357,1,0.0029567498247696357
BTC,2023-12-15,24,-0.02525575800864737,1.2336371596847293e-7,1,0,0.004217894739261556,1,1,-0.02525575800864737,1,-0.02525575800864737,1,-0.02525575800864737
BTC,2023-12-16,24,0.006847681875301425,1.2489931329034416e-7,1,0,0.004142085329011691,1,1,0.006847681875301425,1,0.006847681875301425,1,0.006847681875301425
BTC,2023-12-17,24,-0.021231823761952682,1.2500359734153522e-7,1,0,0.004107479395020021,1,1,-0.021231823761952682,1,-0.021231823761952682,1,-0.021231823761952682
BTC,2023-12-18,24,0.031001263461335957,1.294796193637863e-7,1,0,0.004228541682070469,1,1,0.031001263461335957,1,0.031001263461335957,1,0.031001263461335957
BTC,2023-12-19,24,-0.0089291880478475,1.3245657507000365e-7,1,0,0.004304775166485116,1,1,-0.0089291880478475,1,-0.0089291880478475,1,-0.0089291880478475
BTC,2023-12-20,24,0.031738347396269115,1.3741910121063575e-7,1,0,0.004381083892293811,1,1,0.031738347396269115,1,0.031738347396269115,1,0.031738347396269115
BTC,2023-12-21,24,0.0054697716809734166,1.3882150815875154e-7,1,0,0.0043225951313242686,1,1,0.0054697716809734166,1,0.0054697716809734166,1,0.0054697716809734166
BTC,2023-12-22,24,0.00290669095910233,1.4016716242829177e-7,1,0,0.004264547778060545,1,1,0.00290669095910233,1,0.00290669095910233,1,0.00290669095910233
BTC,2023-12-23,24,-0.0056275512602967275,1.4171755474048409e-7,1,0,0.004250956911987089,1,1,-0.0056275512602967275,1,-0.0056275512602967275,1,-0.0056275512602967275
BTC,2023-12-24,24,-0.016947331215116324,1.422473090007834e-7,1,0,0.004214282759832057,1,1,-0.016947331215116324,1,-0.016947331215116324,1,-0.016947331215116324
BTC,2023-12-25,24,0.013604615330883143,1.4332175724251444e-7,1,0,0.004242902215519421,1,1,0.013604615330883143,1,0.013604615330883143,1,0.013604615330883143
BTC,2023-12-26,24,-0.025197795891207773,1.4446952407535474e-7,1,0,0.004303028926048541,1,1,-0.025197795891207773,1,-0.025197795891207773,1,-0.025197795891207773
BTC,2023-12-27,24,0.02207394900103159,1.4489255474830363e-7,1,0,0.0043092096316677715,1,1,0.02207394900103159,1,0.02207394900103159,1,0.02207394900103159
BTC,2023-12-28,24,-0.019788180024189986,1.4399024696838778e-7,1,0,0.004278327356215143,1,1,-0.019788180024189986,1,-0.019788180024189986,1,-0.019788180024189986
BTC,2023-12-29,24,-0.012241297507625594,1.4803311402742738e-7,1,0,0.004343523165013086,1,1,-0.012241297507625594,1,-0.012241297507625594,1,-0.012241297507625594
BTC,2023-12-30,24,0.0012368262387931776,1.4961208843040294e-7,1,0,0.004356484896383091,1,1,0.0012368262387931776,1,0.0012368262387931776,1,0.0012368262387931776
BTC,2023-12-31,24,0.002158996277729999,1.5202663314373017e-7,1,0,0.00433835037033983,1,1,0.002158996277729999,1,0.002158996277729999,1,0.002158996277729999
BTC,2024-01-01,24,0.04489662484349246,1.5433959070330113e-7,1,0,0.004383280996428384,1,1,0.04489662484349246,1,0.04489662484349246,1,0.04489662484349246
BTC,2024-01-02,24,0.017749768318425854,1.553631321064891e-7,1,0,0.004502671864621399,1,1,0.017749768318425854,1,0.017749768318425854,1,0.017749768318425854
BTC,2024-01-03,24,-0.048346097523238235,1.724166720023079e-7,1,0,0.004731905293420862,1,1,-0.048346097523238235,1,-0.048346097523238235,1,-0.048346097523238235
BTC,2024-01-04,24,0.03130000725250902,1.7400332263299752e-7,1,0,0.004699786019330176,1,1,0.03130000725250902,1,0.03130000725250902,1,0.03130000725250902
BTC,2024-01-05,24,-7.24049095006422e-4,1.8288601460748688e-7,1,0,0.004813317019297252,1,1,-7.24049095006422e-4,1,-7.24049095006422e-4,1,-7.24049095006422e-4
BTC,2024-01-06,24,-0.004989804986356624,1.8441037484017892e-7,1,0,0.004789305777273679,1,1,-0.004989804986356624,1,-0.004989804986356624,1,-0.004989804986356624
BTC,2024-01-07,24,-0.0010036882399421156,1.8708531587085587e-7,1,0,0.004768372522773175,1,1,-0.0010036882399421156,1,-0.0010036882399421156,1,-0.0010036882399421156
BTC,2024-01-08,22,0.06764560306353937,1.9335820528200501e-7,1,0,0.004994135631128324,1,1,0.06764560306353937,1,0.06764560306353937,1,0.06764560306353937
BTC,2024-01-09,24,-0.018486728413354747,1.9525081472628527e-7,1,0,0.005203698830215851,1,1,-0.018486728413354747,1,-0.018486728413354747,1,-0.018486728413354747
BTC,2024-01-10,24,0.011554817195509388,1.9750672557853997e-7,1,0,0.005275458682139739,1,1,0.011554817195509388,1,0.011554817195509388,1,0.011554817195509388
BTC,2024-01-11,24,-0.00676021117733481,2.132343584580906e-7,2,0,0.005571423605883009,1,1,-0.00676021117733481,1,-0.00676021117733481,1,-0.00676021117733481
BTC,2024-01-12,24,-0.0796894829302188,2.101323059567548e-7,2,0,0.005692056505873918,1,1,-0.0796894829302188,1,-0.0796894829302188,1,-0.0796894829302188
BTC,2024-01-13,24,6.493203385981462e-4,2.1133289876897082e-7,2,0,0.00565267850910165,1,1,6.493203385981462e-4,1,6.493203385981462e-4,1,6.493203385981462e-4
BTC,2024-01-14,24,-0.026230701859677557,2.11229164114489e-7,2,0,0.005661355182970379,1,1,-0.026230701859677557,1,-0.026230701859677557,1,-0.026230701859677557
BTC,2024-01-15,24,0.01869559531585503,2.1424545338946305e-7,2,0,0.00572359577113492,1,1,0.01869559531585503,1,0.01869559531585503,1,0.01869559531585503
BTC,2024-01-16,24,0.01467312476695472,2.1681461393838717e-7,2,0,0.005751799518958935,1,1,0.01467312476695472,1,0.01467312476695472,1,0.01467312476695472
BTC,2024-01-17,24,-0.009010045525097932,2.1260400613458743e-7,2,0,0.005657940622181222,1,1,-0.009010045525097932,1,-0.009010045525097932,1,-0.009010045525097932
BTC,2024-01-18,24,-0.035310319135637015,2.130408653336665e-7,2,0,0.005668131057484985,1,1,-0.035310319135637015,1,-0.035310319135637015,1,-0.035310319135637015
BTC,2024-01-19,24,0.008378771118210712,2.1577207687802431e-7,2,0,0.0056945737728610665,1,1,0.008378771118210712,1,0.008378771118210712,1,0.008378771118210712
BTC,2024-01-20,20,9.151845600270827e-4,2.138292774089631e-7,2,0,0.005642012583554787,1,1,9.151845600270827e-4,1,9.151845600270827e-4,1,9.151845600270827e-4
BTC,2024-01-21,24,-0.0022907369817737914,2.1605595437522562e-7,2,0,0.00561703122387153,1,1,-0.0022907369817737914,1,-0.0022907369817737914,1,-0.0022907369817737914
BTC,2024-01-22,24,-0.05045682720777863,2.167559395444967e-7,2,0,0.005695590026390321,1,1,-0.05045682720777863,1,-0.05045682720777863,1,-0.05045682720777863
BTC,2024-01-23,24,0.008418024859620035,2.1947066513248363e-7,2,0,0.005774152298480057,1,1,0.008418024859620035,1,0.008418024859620035,1,0.008418024859620035
BTC,2024-01-24,24,0.005651104087392338,2.2131874079793347e-7,2,0,0.0058014966125208775,1,1,0.005651104087392338,1,0.005651104087392338,1,0.005651104087392338
BTC,2024-01-25,24,-0.003625248674393022,2.2160227585580103e-7,2,0,0.005766090528480501,1,1,-0.003625248674393022,1,-0.003625248674393022,1,-0.003625248674393022
BTC,2024-01-26,24,0.04623831006408415,2.2463603251121221e-7,2,0,0.005843996970731154,2,1,0.04623831006408415,1,0.04623831006408415,1,0.04623831006408415
BTC,2024-01-27,24,0.007436253970471928,2.2619453057998028e-7,2,0,0.005826557498949705,2,1,0.007436253970471928,1,0.007436253970471928,1,0.007436253970471928
BTC,2024-01-28,24,-0.0024099489746162526,2.2514724518444625e-7,2,0,0.005791302347701564,1,1,-0.0024099489746162526,1,-0.0024099489746162526,1,-0.0024099489746162526
BTC,2024-01-29,24,0.02918569906404513,2.2752385151085532e-7,2,0,0.005823856395487478,2,1,0.02918569906404513,1,0.02918569906404513,1,0.02918569906404513
BTC,2024-01-30,24,-0.007271662823932622,2.2563449468447717e-7,2,0,0.00583124836125581,2,1,-0.007271662823932622,1,-0.007271662823932622,1,-0.007271662823932622
BTC,2024-01-31,24,-0.009456528778212202,2.273156962772094e-7,2,0,0.005897187100925782,2,1,-0.009456528778212202,1,-0.009456528778212202,1,-0.009456528778212202
BTC,2024-02-01,24,0.012227618249878697,2.296448351781348e-7,2,0,0.005802323411454706,2,1,0.012227618249878697,1,0.012227618249878697,1,0.012227618249878697
BTC,2024-02-02,24,0.0025666276170925447,2.2295085461033806e-7,2,0,0.00558132351211368,1,1,0.0025666276170925447,1,0.0025666276170925447,1,0.0025666276170925447
BTC,2024-02-03,24,-0.004714017412506897,2.2125601474550406e-7,2,0,0.005489485141458629,1,1,-0.004714017412506897,1,-0.004714017412506897,1,-0.004714017412506897
BTC,2024-02-04,24,-0.009147680711263519,2.1968503106693993e-7,2,0,0.005380516280138304,1,1,-0.009147680711263519,1,-0.009147680711263519,1,-0.009147680711263519
BTC,2024-02-05,24,0.0013749189767288486,2.2196039280454567e-7,2,0,0.005413222911371937,1,1,0.0013749189767288486,1,0.0013749189767288486,1,0.0013749189767288486
BTC,2024-02-06,24,0.010147634754042434,2.2189060730035898e-7,2,0,0.005411195868145154,1,1,0.010147634754042434,1,0.010147634754042434,1,0.010147634754042434
BTC,2024-02-07,24,0.028567945881417683,2.1440156330944834e-7,2,0,0.005235774983694524,1,1,0.028567945881417683,1,0.028567945881417683,1,0.028567945881417683
BTC,2024-02-08,24,0.022217386162428337,2.1622287087219421e-7,2,0,0.00520051756234947,1,1,0.022217386162428337,1,0.022217386162428337,1,0.022217386162428337
BTC,2024-02-09,24,0.038885844450336174,2.0180291110397874e-7,1,0,0.004956001918922428,1,1,0.038885844450336174,1,0.038885844450336174,1,0.038885844450336174
BTC,2024-02-10,24,0.013618727621537997,1.7972426806476427e-7,1,0,0.004436296522225014,1,1,0.013618727621537997,1,0.013618727621537997,1,0.013618727621537997
BTC,2024-02-11,24,0.010863222823808897,1.8373475380287487e-7,1,0,0.004310533474150492,1,1,0.010863222823808897,1,0.010863222823808897,1,0.010863222823808897
BTC,2024-02-12,24,0.033568335382608165,1.8584724278487313e-7,1,0,0.004374440112391418,1,1,0.033568335382608165,1,0.033568335382608165,1,0.033568335382608165
BTC,2024-02-13,24,-0.0037773705860320757,1.8737378683681398e-7,1,0,0.004457134244625612,1,1,-0.0037773705860320757,1,-0.0037773705860320757,1,-0.0037773705860320757
BTC,2024-02-14,24,0.040948525543797035,1.8287169860300703e-7,1,0,0.0044470572967210955,1,1,0.040948525543797035,1,0.040948525543797035,1,0.040948525543797035
BTC,2024-02-15,24,0.0021583671088060696,1.8314661519603058e-7,1,0,0.004503440998932135,1,1,0.0021583671088060696,1,0.0021583671088060696,1,0.0021583671088060696
BTC,2024-02-16,24,0.004574952953436616,1.848170762651446e-7,1,0,0.004518752428283744,1,1,0.004574952953436616,1,0.004574952953436616,1,0.004574952953436616
BTC,2024-02-17,24,-0.009343064519491772,1.8097458749577016e-7,1,0,0.00445479747155294,1,1,-0.009343064519491772,1,-0.009343064519491772,1,-0.009343064519491772
BTC,2024-02-18,24,0.008787198005144502,1.7544636300079961e-7,1,0,0.004317568888517419,1,1,0.008787198005144502,1,0.008787198005144502,1,0.008787198005144502
BTC,2024-02-19,24,-0.007412901004523173,1.7646063482752112e-7,1,0,0.004338122584933449,1,1,-0.007412901004523173,1,-0.007412901004523173,1,-0.007412901004523173
BTC,2024-02-20,24,0.009592427351289913,1.7601835258691978e-7,1,0,0.0044364143380937185,1,1,0.009592427351289913,1,0.009592427351289913,1,0.009592427351289913
BTC,2024-02-21,24,-0.007743684085579387,1.7628540959777582e-7,1,0,0.004386603218595954,1,1,-0.007743684085579387,1,-0.007743684085579387,1,-0.007743684085579387
BTC,2024-02-22,24,-0.010988120288152714,1.764717170771699e-7,1,0,0.004348187866157154,1,1,-0.010988120288152714,1,-0.010988120288152714,1,-0.010988120288152714
BTC,2024-02-23,24,-0.010989972381488088,1.74054759528673e-7,1,0,0.004291794322323072,1,1,-0.010989972381488088,1,-0.010989972381488088,1,-0.010989972381488088
BTC,2024-02-24,24,0.015936771431432288,1.7414703739638596e-7,1,0,0.00427785954801783,1,1,0.015936771431432288,1,0.015936771431432288,1,0.015936771431432288
BTC,2024-02-25,24,0.003471839116373088,1.6803560703689272e-7,1,0,0.004140765095213528,1,1,0.003471839116373088,1,0.003471839116373088,1,0.003471839116373088
BTC,2024-02-26,24,0.052555308486268784,1.7222015810302926e-7,1,0,0.004303155772338797,1,1,0.052555308486268784,1,0.052555308486268784,1,0.052555308486268784
BTC,2024-02-27,24,0.045657493452290004,1.7402785547367764e-7,1,0,0.00442500011234882,1,1,0.045657493452290004,1,0.045657493452290004,1,0.045657493452290004
BTC,2024-02-28,24,0.09064719609091729,1.8145129119366794e-7,1,0,0.004761781943007446,1,1,0.09064719609091729,1,0.09064719609091729,1,0.09064719609091729
BTC,2024-02-29,24,-0.021136288384032108,1.866441886880855e-7,1,0,0.004945246415784595,1,1,-0.021136288384032108,1,-0.021136288384032108,1,-0.021136288384032108
BTC,2024-03-01,24,0.020279754539806513,1.850853535873454e-7,1,0,0.004942364818769714,1,1,0.020279754539806513,1,0.020279754539806513,1,0.020279754539806513
BTC,2024-03-02,24,-0.006437018080859465,1.8240413690547598e-7,1,0,0.004894600431938177,1,1,-0.006437018080859465,1,-0.006437018080859465,1,-0.006437018080859465
BTC,2024-03-03,24,0.01828151917632892,1.8273178210456034e-7,1,0,0.004883575474160281,1,1,0.01828151917632892,1,0.01828151917632892,1,0.01828151917632892
BTC,2024-03-04,24,0.07828861821857384,1.8178611096730333e-7,1,0,0.005013556234630268,1,1,0.07828861821857384,1,0.07828861821857384,1,0.07828861821857384
BTC,2024-03-05,24,-0.06845868330048074,2.1283180266865014e-7,2,0,0.0056912652143368365,1,1,-0.06845868330048074,1,-0.06845868330048074,1,-0.06845868330048074
BTC,2024-03-06,24,0.0353628654091324,2.2638486689211243e-7,2,0,0.005957890519649576,2,1,0.0353628654091324,1,0.0353628654091324,1,0.0353628654091324
BTC,2024-03-07,24,0.012592303520492572,2.2357273542292983e-7,2,0,0.005968029145211146,2,1,0.012592303520492572,1,0.012592303520492572,1,0.012592303520492572
BTC,2024-03-08,24,0.020648403622301754,2.2544282135663467e-7,2,0,0.0060105788925180655,2,1,0.020648403622301754,1,0.020648403622301754,1,0.020648403622301754
BTC,2024-03-09,24,0.001843674243165625,2.2847402533513692e-7,2,0,0.005982522602325852,2,1,0.001843674243165625,1,0.001843674243165625,1,0.001843674243165625
BTC,2024-03-10,24,0.0084510085570273525,2.318303897970332e-7,2,0,0.005936695610997966,2,1,0.0084510085570273525,1,0.0084510085570273525,1,0.0084510085570273525
BTC,2024-03-11,24,0.04336654908109047,2.3378807313503699e-7,2,0,0.006068206409231145,2,1,0.04336654908109047,1,0.04336654908109047,1,0.04336654908109047
BTC,2024-03-12,24,-0.008570603503201692,2.3207433063875787e-7,2,0,0.00610419851943072,2,1,-0.008570603503201692,1,-0.008570603503201692,1,-0.008570603503201692
BTC,2024-03-13,24,0.022104130905355162,2.2908030122508333e-7,2,0,0.006002698575854142,2,1,0.022104130905355162,1,0.022104130905355162,1,0.022104130905355162
BTC,2024-03-14,24,-0.023693145064125523,2.3247312707156547e-7,2,0,0.00607358835573581,2,1,-0.023693145064125523,1,-0.023693145064125523,1,-0.023693145064125523
BTC,2024-03-15,24,-0.02672883812355189,2.628761948870243e-7,2,0,0.00649197021814337,2,1,-0.02672883812355189,1,-0.02672883812355189,1,-0.02672883812355189
BTC,2024-03-16,24,-0.06294567258956604,2.686612093542289e-7,2,0,0.006516078732972067,2,1,-0.06294567258956604,1,-0.06294567258956604,1,-0.06294567258956604
BTC,2024-03-17,24,0.0465035751342483,2.7599340026861847e-7,2,0,0.006619455597664429,2,1,0.0465035751342483,1,0.0465035751342483,1,0.0465035751342483
BTC,2024-03-18,24,-0.0111155080011435,2.7961606826692283e-7,2,0,0.006685585390929014,2,1,-0.0111155080011435,1,-0.0111155080011435,1,-0.0111155080011435
BTC,2024-03-19,24,-0.0879521098187873,2.8845407780328575e-7,2,0,0.0069423566699188055,2,1,-0.0879521098187873,1,-0.0879521098187873,1,-0.0879521098187873
BTC,2024-03-20,24,0.09187929954716814,2.996548410334847e-7,2,0,0.0072187861015205945,2,1,0.09187929954716814,1,0.09187929954716814,1,0.09187929954716814
BTC,2024-03-21,24,-0.035486556854815415,3.053633126286662e-7,2,0,0.007231647879423076,2,1,-0.035486556854815415,1,-0.035486556854815415,1,-0.035486556854815415
BTC,2024-03-22,24,-0.02613713089097231,3.1175242164328506e-7,2,0,0.007326737502824394,2,1,-0.02613713089097231,1,-0.02613713089097231,1,-0.02613713089097231
BTC,2024-03-23,24,0.0035105155861650233,3.1296372226766365e-7,2,0,0.007341065487792106,2,1,0.0035105155861650233,1,0.0035105155861650233,1,0.0035105155861650233
BTC,2024-03-24,24,0.04816046898171232,3.152664495664799e-7,2,0,0.007376939700272896,2,1,0.04816046898171232,1,0.04816046898171232,1,0.04816046898171232
BTC,2024-03-25,24,0.040198231512101605,3.152584075867196e-7,2,0,0.007480150528833612,2,1,0.040198231512101605,1,0.040198231512101605,1,0.040198231512101605
BTC,2024-03-26,24,7.159695082768823e-4,3.148949578241435e-7,2,0,0.007516097697232508,2,1,7.159695082768823e-4,1,7.159695082768823e-4,1,7.159695082768823e-4
BTC,2024-03-27,24,-0.008072483512095356,3.15540385041421e-7,2,0,0.007484770628164003,2,1,-0.008072483512095356,1,-0.008072483512095356,1,-0.008072483512095356
BTC,2024-03-28,24,0.01861809598816621,3.153238244199315e-7,2,0,0.00741951464649531,2,1,0.01861809598816621,1,0.01861809598816621,1,0.01861809598816621
BTC,2024-03-29,24,-0.011732028581249698,3.193239154069423e-7,2,0,0.007193264891835079,2,1,-0.011732028581249698,1,-0.011732028581249698,1,-0.011732028581249698
BTC,2024-03-30,24,-0.0037988396974520202,3.236360764976924e-7,2,0,0.00704836347600766,2,1,-0.0037988396974520202,1,-0.0037988396974520202,1,-0.0037988396974520202
BTC,2024-03-31,23,0.018635926085780113,3.2470083361412736e-7,2,0,0.00698215615969237,2,1,0.018635926085780113,1,0.018635926085780113,1,0.018635926085780113
BTC,2024-04-01,24,-0.018218222030920106,3.325128347746371e-7,2,0,0.0070594531807249665,2,1,-0.018218222030920106,1,-0.018218222030920106,1,-0.018218222030920106
BTC,2024-04-02,24,-0.06252651408245456,3.3918893824439883e-7,2,0,0.0072060001556379615,2,1,-0.06252651408245456,1,-0.06252651408245456,1,-0.06252651408245456
BTC,2024-04-03,24,0.008123341064224387,3.4680780770893784e-7,2,0,0.007155122738213031,2,1,0.008123341064224387,1,0.008123341064224387,1,0.008123341064224387
BTC,2024-04-04,24,0.03770771943573998,3.2873386025756523e-7,2,0,0.006689732682053154,2,1,0.03770771943573998,1,0.03770771943573998,1,0.03770771943573998
BTC,2024-04-05,24,-0.009838484039264966,3.144996208530498e-7,2,0,0.0064827337392921345,2,1,-0.009838484039264966,1,-0.009838484039264966,1,-0.009838484039264966
BTC,2024-04-06,24,0.01538580755782935,3.1937330793077074e-7,2,0,0.006480158036633512,2,1,0.01538580755782935,1,0.01538580755782935,1,0.01538580755782935
BTC,2024-04-07,24,0.006905570459892874,3.2438813723587006e-7,2,0,0.006430388940099323,2,1,0.006905570459892874,1,0.006905570459892874,1,0.006905570459892874
BTC,2024-04-08,24,0.03210659500621745,3.2136241260554176e-7,2,0,0.006486970908587962,2,1,0.03210659500621745,1,0.03210659500621745,1,0.03210659500621745
BTC,2024-04-09,24,-0.035371939382635324,3.167367676065605e-7,2,0,0.006498631740867619,2,1,-0.035371939382635324,1,-0.035371939382635324,1,-0.035371939382635324
BTC,2024-04-10,24,0.02078171921124506,3.189513999348191e-7,2,0,0.006430321934431669,2,1,0.02078171921124506,1,0.02078171921124506,1,0.02078171921124506
BTC,2024-04-11,24,-0.008045054503336799,3.243991984402022e-7,2,0,0.006414445639356552,2,1,-0.008045054503336799,1,-0.008045054503336799,1,-0.008045054503336799
BTC,2024-04-12,24,-0.04140725411172094,3.2103317005198174e-07,2,0,0.006485569837626018,2,1,-0.04140725411172094,1,-0.04140725411172094,1,-0.04140725411172094
BTC,2024-04-13,24,-0.04820526148430933,3.563870032662674e-7,2,0,0.00686108754537319,2,1,-0.04820526148430933,1,-0.04820526148430933,1,-0.04820526148430933
BTC,2024-04-14,19,0.025553561487141174,3.492821566377988e-7,2,0,0.006716185227938881,2,1,0.025553561487141174,1,0.025553561487141174,1,0.025553561487141174
BTC,2024-04-15,24,-0.035502580710124916,3.403808289263409e-7,2,0,0.006643163661005602,2,1,-0.035502580710124916,1,-0.035502580710124916,1,-0.035502580710124916
BTC,2024-04-16,24,0.006667686855507796,3.3491327384394545e-7,2,0,0.006583953324183837,2,1,0.006667686855507796,1,0.006667686855507796,1,0.006667686855507796
BTC,2024-04-17,24,-0.04073870721464154,3.379590354976256e-7,2,0,0.006648005957581636,2,1,-0.04073870721464154,1,-0.04073870721464154,1,-0.04073870721464154
BTC,2024-04-18,24,0.035657878296474176,3.3858293856996013e-7,2,0,0.006531791104003065,2,1,0.035657878296474176,1,0.035657878296474176,1,0.035657878296474176
BTC,2024-04-19,24,0.005339284125011039,3.42861518964919e-7,2,0,0.0065512381377798206,2,1,0.005339284125011039,1,0.005339284125011039,1,0.005339284125011039
BTC,2024-04-20,24,0.017767855278577452,3.391692084942055e-7,2,0,0.006421688601149461,2,1,0.017767855278577452,1,0.017767855278577452,1,0.017767855278577452
BTC,2024-04-21,24,-6.171732890615695e-4,3.322513981331342e-7,2,0,0.0062973708098325405,2,1,-6.171732890615695e-4,1,-6.171732890615695e-4,1,-6.171732890615695e-4
BTC,2024-04-22,24,0.028499861146995355,3.277911108816061e-7,2,0,0.006274795140624449,2,1,0.028499861146995355,1,0.028499861146995355,1,0.028499861146995355
BTC,2024-04-23,24,-0.006177825176457842,3.225588559934248e-7,2,0,0.006233918492261515,2,1,-0.006177825176457842,1,-0.006177825176457842,1,-0.006177825176457842
BTC,2024-04-24,24,-0.032570885979524414,3.22040685239206e-7,2,0,0.0061776089218353895,2,1,-0.032570885979524414,1,-0.032570885979524414,1,-0.032570885979524414
BTC,2024-04-25,24,0.0030718984495460063,3.2262539597443284e-7,2,0,0.006151906509360755,2,1,0.0030718984495460063,1,0.0030718984495460063,1,0.0030718984495460063
BTC,2024-04-26,24,-0.011514484293460614,3.260902335692923e-7,2,0,0.006102864280020003,2,1,-0.011514484293460614,1,-0.011514484293460614,1,-0.011514484293460614
BTC,2024-04-27,24,-0.00512362749405946,3.3243308331517554e-7,2,0,0.00609262741512493,2,1,-0.00512362749405946,1,-0.00512362749405946,1,-0.00512362749405946
BTC,2024-04-28,24,-0.004901230691187392,3.349404621512385e-7,2,0,0.006062951239044831,2,1,-0.004901230691187392,1,-0.004901230691187392,1,-0.004901230691187392
BTC,2024-04-29,24,0.01114265056001963,3.394706612751913e-7,2,0,0.006132784076675146,2,1,0.01114265056001963,1,0.01114265056001963,1,0.01114265056001963
BTC,2024-04-30,24,-0.0516396293909848,3.4554559208835614e-7,2,0,0.006309367203552933,2,1,-0.0516396293909848,1,-0.0516396293909848,1,-0.0516396293909848
BTC,2024-05-01,24,-0.03933476024376498,3.6523907505270576e-7,2,0,0.0066352024932696905,2,1,-0.03933476024376498,1,-0.03933476024376498,1,-0.03933476024376498
BTC,2024-05-02,24,0.014513488989497872,3.588281969816603e-7,2,0,0.006528129346138587,2,1,0.014513488989497872,1,0.014513488989497872,1,0.014513488989497872
BTC,2024-05-03,24,0.06231762977951067,3.5727442798074746e-7,2,0,0.006593947247059597,2,1,0.06231762977951067,1,0.06231762977951067,1,0.06231762977951067
BTC,2024-05-04,24,0.015289551764274408,3.5897609287896616e-7,2,0,0.006619401052335085,2,1,0.015289551764274408,1,0.015289551764274408,1,0.015289551764274408
BTC,2024-05-05,24,0.0026914088148559936,3.6208762125164473e-7,2,0,0.006546871839033034,2,1,0.0026914088148559936,1,0.0026914088148559936,1,0.0026914088148559936
BTC,2024-05-06,24,-0.01423911027287457,3.624427555004713e-7,2,0,0.00662102672586008,2,1,-0.01423911027287457,1,-0.01423911027287457,1,-0.01423911027287457
BTC,2024-05-07,24,-0.013335475385070968,3.6528929323875274e-7,2,0,0.006658753974958149,2,1,-0.013335475385070968,1,-0.013335475385070968,1,-0.013335475385070968
BTC,2024-05-08,24,-0.018671426190234878,3.687150617818125e-7,2,0,0.006623483637773282,2,1,-0.018671426190234878,1,-0.018671426190234878,1,-0.018671426190234878
BTC,2024-05-09,24,0.030266993551137135,3.810236633475412e-7,2,0,0.006642866399485131,2,1,0.030266993551137135,1,0.030266993551137135,1,0.030266993551137135
BTC,2024-05-10,24,-0.036457227532232794,3.93113064016254e-7,3,0.3333333333333333,0.006715280442496881,2,1,-0.036457227532232794,0.6666666666666666,-0.05151240869832235,1,-0.036457227532232794
BTC,2024-05-11,24,1.7105319467102778e-4,3.928927876681869e-7,3,1,0.00665035280416397,2,1,1.7105319467102778e-4,0,0,1,1.7105319467102778e-4
BTC,2024-05-12,24,0.010463933395517483,4.0090861194868844e-7,3,1,0.006550068482281849,2,1,0.010463933395517483,0,0,1,0.010463933395517483
BTC,2024-05-13,24,0.023569177753457706,4.089284848005877e-7,3,1,0.00653131006106503,2,1,0.023569177753457706,0,0,1,0.023569177753457706
BTC,2024-05-14,24,-0.021553133263937374,3.575276819306668e-7,2,0.08333333333333333,0.005932454694690609,2,1,-0.021553133263937374,0.9166666666666667,-0.020198415383820924,1,-0.021553133263937374
BTC,2024-05-15,24,0.07302682784636434,3.4363708478344744e-7,2,0,0.005860113521973696,2,1,0.07302682784636434,1,0.07302682784636434,1,0.07302682784636434
BTC,2024-05-16,24,-0.015283871248330414,3.3658073909527685e-7,2,0,0.005777868684929079,1,1,-0.015283871248330414,1,-0.015283871248330414,1,-0.015283871248330414
BTC,2024-05-17,24,0.02744670553225355,3.2886212198659196e-7,2,0,0.00564474895170151,1,1,0.02744670553225355,1,0.02744670553225355,1,0.02744670553225355
BTC,2024-05-18,24,-0.001843786329664504,3.2591983731717613e-7,2,0,0.0055316857644136,1,1,-0.001843786329664504,1,-0.001843786329664504,1,-0.001843786329664504
BTC,2024-05-19,24,-0.009875258955054731,2.9825532812330303e-7,2,0,0.0051582819385249555,1,1,-0.009875258955054731,1,-0.009875258955054731,1,-0.009875258955054731
BTC,2024-05-20,24,0.07478869112568111,3.103150059761567e-7,2,0,0.0053072609457372934,1,1,0.07478869112568111,1,0.07478869112568111,1,0.07478869112568111
BTC,2024-05-21,24,-0.017845354501168424,3.0829989782103e-7,2,0,0.005331354040696185,1,1,-0.017845354501168424,1,-0.017845354501168424,1,-0.017845354501168424
BTC,2024-05-22,24,-0.0143746673377445,3.0498017785090243e-7,2,0,0.0053043158829830205,1,1,-0.0143746673377445,1,-0.0143746673377445,1,-0.0143746673377445
BTC,2024-05-23,24,-0.01755454869155224,3.044445340091825e-7,2,0,0.005365486142705567,1,1,-0.01755454869155224,1,-0.01755454869155224,1,-0.01755454869155224
BTC,2024-05-24,24,0.00876764758308249,3.0497011881705387e-7,2,0,0.005345680383931047,1,1,0.00876764758308249,1,0.00876764758308249,1,0.00876764758308249
BTC,2024-05-25,24,0.010733114302078725,3.0788750032007736e-7,2,0,0.005298975428750997,1,1,0.010733114302078725,1,0.010733114302078725,1,0.010733114302078725
BTC,2024-05-26,24,-0.01164833928577222,3.0989307516643024e-7,2,0,0.005269937678853568,1,1,-0.01164833928577222,1,-0.01164833928577222,1,-0.01164833928577222
BTC,2024-05-27,24,0.013077771254328513,3.1198571381664785e-7,2,0,0.0052872946781745206,1,1,0.013077771254328513,1,0.013077771254328513,1,0.013077771254328513
BTC,2024-05-28,24,-0.015292663392562423,3.140858736094518e-7,2,0,0.005344393465972675,1,1,-0.015292663392562423,1,-0.015292663392562423,1,-0.015292663392562423
BTC,2024-05-29,24,-0.011030256726075405,3.0497553163260937e-7,2,0,0.005276635411596722,1,1,-0.011030256726075405,1,-0.011030256726075405,1,-0.011030256726075405
BTC,2024-05-30,24,0.011616986267181448,2.943084058659953e-7,2,0,0.00510378796363137,1,1,0.011616986267181448,1,0.011616986267181448,1,0.011616986267181448
BTC,2024-05-31,24,-0.012761548426875793,2.5613677197930117e-7,2,0,0.004586006049627591,1,1,-0.012761548426875793,1,-0.012761548426875793,1,-0.012761548426875793
BTC,2024-06-01,24,0.0032407603541698034,2.532687403122843e-7,2,0,0.004471091069622591,1,1,0.0032407603541698034,1,0.0032407603541698034,1,0.0032407603541698034
BTC,2024-06-02,24,1.757153946711043e-4,2.499660047296267e-7,2,0,0.004318963219511924,1,1,1.757153946711043e-4,1,1.757153946711043e-4,1,1.757153946711043e-4
BTC,2024-06-03,24,0.015687819856287106,2.5304922175741145e-7,2,0,0.004311422950748841,1,1,0.015687819856287106,1,0.015687819856287106,1,0.015687819856287106
BTC,2024-06-04,24,0.025239825292555685,2.4936677245772496e-7,2,0,0.0043256179236727975,1,1,0.025239825292555685,1,0.025239825292555685,1,0.025239825292555685
BTC,2024-06-05,24,0.007694398206930809,2.425112240315453e-7,2,0,0.004235749947583306,1,1,0.007694398206930809,1,0.007694398206930809,1,0.007694398206930809
BTC,2024-06-06,24,-0.004955750377140659,2.360975649915623e-7,2,0,0.004145591969769174,1,1,-0.004955750377140659,1,-0.004955750377140659,1,-0.004955750377140659
BTC,2024-06-07,24,-0.02049203170411541,2.3539692017156134e-7,2,0,0.004175140341120868,1,1,-0.02049203170411541,1,-0.02049203170411541,1,-0.02049203170411541
BTC,2024-06-08,24,-3.679428070813062e-4,2.282404340781769e-7,2,0,0.004078750025771759,1,1,-3.679428070813062e-4,1,-3.679428070813062e-4,1,-3.679428070813062e-4
BTC,2024-06-09,24,0.005159020924156991,2.1068401274448722e-7,1,0,0.0038567257873314918,1,1,0.005159020924156991,1,0.005159020924156991,1,0.005159020924156991
BTC,2024-06-10,24,-0.0018365768390564334,2.0945209471528704e-7,1,0,0.0038618111134430134,1,1,-0.0018365768390564334,1,-0.0018365768390564334,1,-0.0018365768390564334
BTC,2024-06-11,24,-0.031762571929153376,2.0918252775052485e-7,1,0,0.003927658439102309,1,1,-0.031762571929153376,1,-0.031762571929153376,1,-0.031762571929153376
BTC,2024-06-12,24,0.013056461995936375,2.2362926361541946e-7,2,0,0.004067598457869995,1,1,0.013056461995936375,1,0.013056461995936375,1,0.013056461995936375
BTC,2024-06-13,24,-0.021886906885775614,2.2991431877416667e-7,2,0,0.0041012804652895965,1,1,-0.021886906885775614,1,-0.021886906885775614,1,-0.021886906885775614
BTC,2024-06-14,24,-0.011516632924081149,2.3593428595913045e-7,2,0,0.004052001392388741,1,1,-0.011516632924081149,1,-0.011516632924081149,1,-0.011516632924081149
BTC,2024-06-15,24,0.0031167237322641634,2.380798343144052e-7,2,0,0.003984020952301863,1,1,0.0031167237322641634,1,0.0031167237322641634,1,0.0031167237322641634
BTC,2024-06-16,24,0.006584206240288586,2.385524422754879e-7,2,0,0.0039193268824561376,1,1,0.006584206240288586,1,0.006584206240288586,1,0.006584206240288586
BTC,2024-06-17,24,-0.0022205037556091898,2.438941598559867e-7,2,0,0.003989127545614164,1,1,-0.0022205037556091898,1,-0.0022205037556091898,1,-0.0022205037556091898
BTC,2024-06-18,24,-0.020020827120822014,2.424239001309054e-7,2,0,0.004034106870937554,1,1,-0.020020827120822014,1,-0.020020827120822014,1,-0.020020827120822014
BTC,2024-06-19,24,-0.0033922904493287106,2.2500680755339573e-7,2,0,0.0037836118329782654,1,1,-0.0033922904493287106,1,-0.0033922904493287106,1,-0.0033922904493287106
BTC,2024-06-20,24,-0.0017829862878260593,2.284850343168532e-7,2,0,0.0037681770541119265,1,1,-0.0017829862878260593,1,-0.0017829862878260593,1,-0.0017829862878260593
BTC,2024-06-21,24,-0.01156378169435578,2.3995643578068186e-7,2,0,0.003796544120854092,1,1,-0.01156378169435578,1,-0.01156378169435578,1,-0.01156378169435578
BTC,2024-06-22,24,0.0025728367351815487,2.405022197483945e-7,2,0,0.00365825611141264,1,1,0.0025728367351815487,1,0.0025728367351815487,1,0.0025728367351815487
BTC,2024-06-23,24,-0.016902350218665374,2.4043382604869216e-7,2,0,0.00359849866854516,1,1,-0.016902350218665374,1,-0.016902350218665374,1,-0.016902350218665374
BTC,2024-06-24,24,-0.04664371382187722,2.520154532158365e-7,2,0,0.0038274104474238344,1,1,-0.04664371382187722,1,-0.04664371382187722,1,-0.04664371382187722
BTC,2024-06-25,24,0.02452392111999536,2.5875798773224884e-7,2,0,0.003926854114503753,1,1,0.02452392111999536,1,0.02452392111999536,1,0.02452392111999536
BTC,2024-06-26,24,-0.015968158971503582,2.533495099478002e-7,2,0,0.00386233260228523,1,1,-0.015968158971503582,1,-0.015968158971503582,1,-0.015968158971503582
BTC,2024-06-27,24,0.013101316018825575,2.5117747724514294e-7,2,0,0.0038070120878896524,1,1,0.013101316018825575,1,0.013101316018825575,1,0.013101316018825575
BTC,2024-06-28,24,-0.021282337041062492,2.6318744189026937e-7,2,0,0.003848060437848205,1,1,-0.021282337041062492,1,-0.021282337041062492,1,-0.021282337041062492
BTC,2024-06-29,24,0.008919052090846542,2.6591479176954864e-7,2,0,0.0037907016250870946,1,1,0.008919052090846542,1,0.008919052090846542,1,0.008919052090846542
BTC,2024-06-30,24,0.02947105922323985,2.7248334140861855e-7,2,0,0.0038176973611193234,1,1,0.02947105922323985,1,0.02947105922323985,1,0.02947105922323985
BTC,2024-07-01,24,0.0028389648409394013,2.7283496505534566e-7,2,0,0.0038766121920898794,1,1,0.0028389648409394013,1,0.0028389648409394013,1,0.0028389648409394013
BTC,2024-07-02,24,-0.013430867245103603,2.72369387275021e-7,2,0,0.0038849767093738284,1,1,-0.013430867245103603,1,-0.013430867245103603,1,-0.013430867245103603
BTC,2024-07-03,24,-0.03067038581811452,2.6865113610823324e-7,2,0,0.003856837243188528,1,1,-0.03067038581811452,1,-0.03067038581811452,1,-0.03067038581811452
BTC,2024-07-04,24,-0.05336354069466326,3.029308567396042e-7,2,0,0.004113363435923669,1,1,-0.05336354069466326,1,-0.05336354069466326,1,-0.05336354069466326
BTC,2024-07-05,24,-0.0065276220775989805,3.4064123195442257e-7,2,0,0.004465840777065401,1,1,-0.0065276220775989805,1,-0.0065276220775989805,1,-0.0065276220775989805
BTC,2024-07-06,24,0.027591078675227667,3.486310532911776e-7,2,0,0.004492973331040044,1,1,0.027591078675227667,1,0.027591078675227667,1,0.027591078675227667
BTC,2024-07-07,24,-0.041897672723188645,3.635971899051932e-7,2,0,0.004499907865698716,1,1,-0.041897672723188645,1,-0.041897672723188645,1,-0.041897672723188645
BTC,2024-07-08,24,0.015174706328923144,4.0087809618571806e-7,3,0.625,0.004823193635900124,1,1,0.015174706328923144,0.375,0.031282451143611514,1,0.015174706328923144
BTC,2024-07-09,24,0.022708731394337826,4.0126004177549236e-7,3,1,0.0048823754889424816,1,1,0.022708731394337826,0,0,1,0.022708731394337826
BTC,2024-07-10,24,-0.004466734628767139,4.1404898853983534e-7,3,1,0.004975962565813636,1,1,-0.004466734628767139,0,0,1,-0.004466734628767139
BTC,2024-07-11,24,-0.006831018168677082,4.2881428684219975e-7,3,1,0.005006761138378087,1,1,-0.006831018168677082,0,0,1,-0.006831018168677082
BTC,2024-07-12,24,0.009741412814752716,4.1664403812824247e-7,3,1,0.004890008412315297,1,1,0.009741412814752716,0,0,1,0.009741412814752716
BTC,2024-07-13,24,0.022392346489462797,4.2013049126110767e-7,3,1,0.004894765838861946,1,1,0.022392346489462797,0,0,1,0.022392346489462797
BTC,2024-07-14,24,0.026447646252422727,4.2991198685340583e-7,3,1,0.004942050660228554,1,1,0.026447646252422727,0,0,1,0.026447646252422727
BTC,2024-07-15,24,0.06299873242310332,4.231593439847172e-7,3,1,0.005053299262853583,1,1,0.06299873242310332,0,0,1,0.06299873242310332
BTC,2024-07-16,24,0.004997973483741725,4.1762233219226864e-7,3,1,0.005170741250944122,1,1,0.004997973483741725,0,0,1,0.004997973483741725
BTC,2024-07-17,24,-0.014994627297511134,4.079294584330369e-7,3,1,0.005153180292162468,1,1,-0.014994627297511134,0,0,1,-0.014994627297511134
BTC,2024-07-18,24,-0.002487495495274816,4.151066086683049e-7,3,1,0.005144932135392998,1,1,-0.002487495495274816,0,0,1,-0.002487495495274816
BTC,2024-07-19,24,0.04206954505743014,4.138505098403375e-7,3,1,0.005216270394226619,1,1,0.04206954505743014,0,0,1,0.04206954505743014
BTC,2024-07-20,24,0.00683027865496534,4.1399487057097157e-7,3,1,0.005193771394603275,1,1,0.00683027865496534,0,0,1,0.00683027865496534
BTC,2024-07-21,24,0.01435319593221505,4.127704847019211e-7,3,1,0.005204584089169517,1,1,0.01435319593221505,0,0,1,0.01435319593221505
BTC,2024-07-22,24,-0.007986356676049071,4.1282296892958185e-7,3,1,0.005261173124228005,1,1,-0.007986356676049071,0,0,1,-0.007986356676049071
BTC,2024-07-23,24,-0.025384914174398535,4.0929973646628215e-7,3,1,0.005347599747546155,1,1,-0.025384914174398535,0,0,1,-0.025384914174398535
BTC,2024-07-24,24,-0.008133037079989584,4.1062446247940926e-7,3,1,0.005241369005391496,1,1,-0.008133037079989584,0,0,1,-0.008133037079989584
BTC,2024-07-25,24,0.006532383112696152,4.0868043827007755e-7,3,1,0.00524234928107524,1,1,0.006532383112696152,0,0,1,0.006532383112696152
BTC,2024-07-26,24,0.031702578905437075,4.030433909548027e-7,3,1,0.005294585804178863,1,1,0.031702578905437075,0,0,1,0.031702578905437075
BTC,2024-07-27,24,-2.0468945074050837e-4,3.9332719887672314e-7,3,1,0.005343650321374217,1,1,-2.0468945074050837e-4,0,0,1,-2.0468945074050837e-4
BTC,2024-07-28,24,0.00512961753742575,3.884717276064136e-7,2,0.08333333333333333,0.005316366271455877,1,1,0.00512961753742575,0.9166666666666667,-6.317639272646228e-4,1,0.00512961753742575
BTC,2024-07-29,24,-0.0221437391877192,3.889316703783137e-7,2,0.20833333333333334,0.005432204362199916,1,1,-0.0221437391877192,0.7916666666666667,-0.03723819820147122,1,-0.0221437391877192
BTC,2024-07-30,24,-0.008729435620634407,3.811045425635104e-7,2,0,0.005421864292187662,1,1,-0.008729435620634407,1,-0.008729435620634407,1,-0.008729435620634407
BTC,2024-07-31,24,-0.02350023904023142,3.8650719997412007e-7,2,0,0.005467856790860262,1,1,-0.02350023904023142,1,-0.02350023904023142,1,-0.02350023904023142
BTC,2024-08-01,24,0.010188016065900998,3.927211500009605e-7,3,0.125,0.00558528092425417,1,1,0.010188016065900998,0.875,-0.002149902432595425,1,0.010188016065900998
BTC,2024-08-02,24,-0.06142097634168645,4.04127965310849e-7,3,1,0.005717223586098637,2,1,-0.06142097634168645,0,0,1,-0.06142097634168645
BTC,2024-08-03,24,-0.011816836167034606,3.837133925888264e-7,2,0.08333333333333333,0.005562913120770355,1,1,-0.011816836167034606,0.9166666666666667,-0.0123776275728407,1,-0.011816836167034606
BTC,2024-08-04,24,-0.04353692613696904,3.799861642303266e-7,2,0,0.00543430455891128,1,1,-0.04353692613696904,1,-0.04353692613696904,1,-0.04353692613696904
BTC,2024-08-05,24,-0.07311288794598186,4.73805110008764e-7,3,0.9583333333333334,0.006570039525264885,2,1,-0.07311288794598186,0.04166666666666668,-0.037180719246603225,1,-0.07311288794598186
BTC,2024-08-06,24,0.03767483303562148,4.86183923081339e-7,3,1,0.006766460621293605,2,1,0.03767483303562148,0,0,1,0.03767483303562148
BTC,2024-08-07,24,-0.017792879291735536,4.6550571059816873e-7,3,1,0.00664523382283524,2,1,-0.017792879291735536,0,0,1,-0.017792879291735536
BTC,2024-08-08,24,0.1133737396160912,4.927734017971694e-7,3,1,0.0069444308150244756,2,1,0.1133737396160912,0,0,1,0.1133737396160912
BTC,2024-08-09,24,-0.013785601698561342,4.7486469035533813e-7,3,1,0.006914668464670972,2,1,-0.013785601698561342,0,0,1,-0.013785601698561342
BTC,2024-08-10,24,0.0015072459007056274,4.7262988581295583e-7,3,1,0.006860756455415261,2,1,0.0015072459007056274,0,0,1,0.0015072459007056274
BTC,2024-08-11,24,-0.037340532651026444,4.7114665668656263e-7,3,1,0.0068746536084415945,2,1,-0.037340532651026444,0,0,1,-0.037340532651026444
BTC,2024-08-12,24,0.010877699619780034,4.979835889157124e-7,3,1,0.007106131025376941,2,1,0.010877699619780034,0,0,1,0.010877699619780034
BTC,2024-08-13,24,0.02067597885368125,4.965636954910819e-7,3,1,0.007139757275283955,2,1,0.02067597885368125,0,0,1,0.02067597885368125
BTC,2024-08-14,24,-0.03196420114612538,5.003286398441482e-7,3,1,0.007132992721203719,2,1,-0.03196420114612538,0,0,1,-0.03196420114612538
BTC,2024-08-15,24,-0.01959141703213646,5.109858617426342e-7,3,1,0.007178574212639981,2,1,-0.01959141703213646,0,0,1,-0.01959141703213646
BTC,2024-08-16,24,0.02307465070565821,5.196088301488337e-7,3,1,0.007224179078512977,2,1,0.02307465070565821,0,0,1,0.02307465070565821
BTC,2024-08-17,24,0.009713546739421736,5.233867257591779e-7,3,1,0.007198075710036906,2,1,0.009713546739421736,0,0,1,0.009713546739421736
BTC,2024-08-18,24,-0.017073531703315565,5.330342682962395e-7,3,1,0.007199813073650852,2,1,-0.017073531703315565,0,0,1,-0.017073531703315565
BTC,2024-08-19,24,0.017416483953939278,5.324779649093165e-7,3,1,0.007218318886015671,2,1,0.017416483953939278,0,0,1,0.017416483953939278
BTC,2024-08-20,24,-0.007938143391258833,5.370858817081023e-7,3,1,0.007279610633877899,2,1,-0.007938143391258833,0,0,1,-0.007938143391258833
BTC,2024-08-21,24,0.03588315394602701,5.34764763871741e-7,3,1,0.0073031626293307275,2,1,0.03588315394602701,0,0,1,0.03588315394602701
BTC,2024-08-22,24,-0.012973692057311536,5.379180289127401e-7,3,1,0.007275983327049153,2,1,-0.012973692057311536,0,0,1,-0.012973692057311536
BTC,2024-08-23,24,0.059406033651748145,5.321451389783661e-7,3,1,0.007317514716555183,2,1,0.059406033651748145,0,0,1,0.059406033651748145
BTC,2024-08-24,24,0.0013815322857817893,5.318245693468452e-7,3,1,0.007273238943987811,2,1,0.0013815322857817893,0,0,1,0.0013815322857817893
BTC,2024-08-25,24,0.001745235103866082,5.379463390533861e-7,3,1,0.00722339055392731,2,1,0.001745235103866082,0,0,1,0.001745235103866082
BTC,2024-08-26,24,-0.02254883066614386,5.458832941878949e-7,3,1,0.007175003146467704,2,1,-0.02254883066614386,0,0,1,-0.02254883066614386
BTC,2024-08-27,24,-0.055555532519026125,5.46407354223518e-7,3,1,0.007248040338469149,2,1,-0.055555532519026125,0,0,1,-0.055555532519026125
BTC,2024-08-28,24,-0.007298932842236951,5.577284845735008e-7,3,1,0.007281529040060983,2,1,-0.007298932842236951,0,0,1,-0.007298932842236951
BTC,2024-08-29,24,0.0060788407211909284,5.675062361690624e-7,3,1,0.007330875311472742,2,1,0.0060788407211909284,0,0,1,0.0060788407211909284
BTC,2024-08-30,24,-0.004734565623006614,5.707448506226514e-7,3,1,0.007349374760378422,2,1,-0.004734565623006614,0,0,1,-0.004734565623006614
BTC,2024-08-31,24,-0.0022476810676986827,5.70100888676341e-7,3,1,0.007244255495821825,2,1,-0.0022476810676986827,0,0,1,-0.0022476810676986827
BTC,2024-09-01,24,-0.02839730429262061,5.630604301554652e-7,3,1,0.007151138001021263,2,1,-0.02839730429262061,0,0,1,-0.02839730429262061
BTC,2024-09-02,24,0.03104419506573986,5.682399722208306e-7,3,1,0.007138466224424112,2,1,0.03104419506573986,0,0,1,0.03104419506573986
BTC,2024-09-03,24,-0.027971525105993062,5.586747238775835e-7,3,1,0.00704801065263845,2,1,-0.027971525105993062,0,0,1,-0.027971525105993062
BTC,2024-09-04,24,0.0081824275498733,4.761781363304845e-7,3,1,0.006066072290002723,2,1,0.0081824275498733,0,0,1,0.0081824275498733
BTC,2024-09-05,24,-0.031651433600794913,4.5095681900112455e-7,3,1,0.005848179856696742,2,1,-0.031651433600794913,0,0,1,-0.031651433600794913
BTC,2024-09-06,24,-0.04024802120119027,4.6069453728157596e-7,3,1,0.005966353310734752,2,1,-0.04024802120119027,0,0,1,-0.04024802120119027
BTC,2024-09-07,24,0.003665308692858139,4.2264020269247725e-7,3,1,0.005581661076496622,1,1,0.003665308692858139,0,0,1,0.003665308692858139
BTC,2024-09-08,24,0.013034664270368066,4.421440320417403e-7,3,1,0.005569437610932814,1,1,0.013034664270368066,0,0,1,0.013034664270368066
BTC,2024-09-09,24,0.03942450976496854,4.510179214994408e-7,3,1,0.005683892294520964,1,1,0.03942450976496854,0,0,1,0.03942450976496854
BTC,2024-09-10,24,0.009892602170724265,4.499370477848453e-7,3,1,0.005654117439362496,1,1,0.009892602170724265,0,0,1,0.009892602170724265
BTC,2024-09-11,24,-0.004859959852944293,4.158511657185943e-7,3,1,0.005453567582070324,1,1,-0.004859959852944293,0,0,1,-0.004859959852944293
BTC,2024-09-12,24,0.013551903441615819,4.09148092116718e-7,3,1,0.005353968671829844,1,1,0.013551903441615819,0,0,1,0.013551903441615819
BTC,2024-09-13,24,0.04124610352365576,4.034241283370432e-7,3,1,0.005351982276307995,1,1,0.04124610352365576,0,0,1,0.04124610352365576
BTC,2024-09-14,24,-0.009635083673524076,3.894372352554957e-7,2,0.7916666666666666,0.0051770792365790535,1,1,-0.009635083673524076,0.2083333333333333,2.8749332706850156e-4,1,-0.009635083673524076
BTC,2024-09-15,24,-0.014521572139816365,3.823591668710083e-7,2,0,0.00509117986298843,1,1,-0.014521572139816365,1,-0.014521572139816365,1,-0.014521572139816365
BTC,2024-09-16,24,-0.015987413133127383,3.84834226861192e-7,2,0,0.005156677479814204,1,1,-0.015987413133127383,1,-0.015987413133127383,1,-0.015987413133127383
BTC,2024-09-17,24,0.03578005990972287,3.818042388397097e-7,2,0,0.005216721794997293,1,1,0.03578005990972287,1,0.03578005990972287,1,0.03578005990972287
BTC,2024-09-18,24,0.02392515439660653,3.851724399970359e-7,2,0,0.005293670260612442,1,1,0.02392515439660653,1,0.02392515439660653,1,0.02392515439660653
BTC,2024-09-19,24,0.018354995427549342,3.644123953109119e-7,2,0,0.005177140626355987,1,1,0.018354995427549342,1,0.018354995427549342,1,0.018354995427549342
BTC,2024-09-20,24,0.004568227187207803,3.574633174987334e-7,2,0,0.005131491685976087,1,1,0.004568227187207803,1,0.004568227187207803,1,0.004568227187207803
BTC,2024-09-21,24,0.002621138227166546,3.479817060516957e-7,2,0,0.005071383157986837,1,1,0.002621138227166546,1,0.002621138227166546,1,0.002621138227166546
BTC,2024-09-22,24,0.0037656167396320018,3.45635367593718e-7,2,0,0.005008321619964911,1,1,0.0037656167396320018,1,0.0037656167396320018,1,0.0037656167396320018
BTC,2024-09-23,24,-0.004455388960637761,3.3624756128207733e-7,2,0,0.005009153478085268,1,1,-0.004455388960637761,1,-0.004455388960637761,1,-0.004455388960637761
BTC,2024-09-24,24,0.01472391929544542,3.37133201918223e-7,2,0,0.005063331730841053,1,1,0.01472391929544542,1,0.01472391929544542,1,0.01472391929544542
BTC,2024-09-25,24,-0.017779153044124085,3.3599036612967443e-7,2,0,0.00507023172975971,1,1,-0.017779153044124085,1,-0.017779153044124085,1,-0.017779153044124085
BTC,2024-09-26,24,0.03186455662796068,3.252212812819658e-7,2,0,0.0049909816071071825,1,1,0.03186455662796068,1,0.03186455662796068,1,0.03186455662796068
BTC,2024-09-27,24,0.009244761670921114,3.0916987938137584e-7,2,0,0.004849369346599851,1,1,0.009244761670921114,1,0.009244761670921114,1,0.009244761670921114
BTC,2024-09-28,24,0.0013594873409653655,3.0137147017483765e-7,2,0,0.004742596747891524,1,1,0.0013594873409653655,1,0.0013594873409653655,1,0.0013594873409653655
BTC,2024-09-29,24,-0.004082495076066174,2.909126860851632e-7,2,0,0.0046169168272552465,1,1,-0.004082495076066174,1,-0.004082495076066174,1,-0.004082495076066174
BTC,2024-09-30,24,-0.03523476424442285,2.9119705279861513e-7,2,0,0.004673643334341197,1,1,-0.03523476424442285,1,-0.03523476424442285,1,-0.03523476424442285
BTC,2024-10-01,24,-0.04058947473652653,2.854732940004507e-7,2,0,0.004664241538707095,1,1,-0.04058947473652653,1,-0.04058947473652653,1,-0.04058947473652653
BTC,2024-10-02,24,-0.0030266526418183124,2.953129916835138e-7,2,0,0.004739867758880905,1,1,-0.0030266526418183124,1,-0.0030266526418183124,1,-0.0030266526418183124
BTC,2024-10-03,24,0.0017186424157356384,2.9367194632256547e-7,2,0,0.004741631953200838,1,1,0.0017186424157356384,1,0.0017186424157356384,1,0.0017186424157356384
BTC,2024-10-04,24,0.021844109842894515,2.908188484686647e-7,2,0,0.004691109964822946,1,1,0.021844109842894515,1,0.021844109842894515,1,0.021844109842894515
BTC,2024-10-05,24,-5.155885073539188e-4,2.9015501030352425e-7,2,0,0.004617631484538956,1,1,-5.155885073539188e-4,1,-5.155885073539188e-4,1,-5.155885073539188e-4
BTC,2024-10-06,24,0.01217875619671223,2.7110146379514053e-7,2,0,0.004324099974319776,1,1,0.01217875619671223,1,0.01217875619671223,1,0.01217875619671223
BTC,2024-10-07,24,-0.009192036501268815,2.836319112341693e-7,2,0,0.004455760992843893,1,1,-0.009192036501268815,1,-0.009192036501268815,1,-0.009192036501268815
BTC,2024-10-08,24,-0.0018769230093417905,2.8000377017432164e-7,2,0,0.00444783168659512,1,1,-0.0018769230093417905,1,-0.0018769230093417905,1,-0.0018769230093417905
BTC,2024-10-09,24,-0.02543260868661956,2.703378761776558e-7,2,0,0.00435398208503191,1,1,-0.02543260868661956,1,-0.02543260868661956,1,-0.02543260868661956
BTC,2024-10-10,24,-0.004609504385966306,2.684701430632766e-7,2,0,0.004357065123089913,1,1,-0.004609504385966306,1,-0.004609504385966306,1,-0.004609504385966306
BTC,2024-10-11,24,0.0362144768435657,2.5400277482542437e-7,2,0,0.00423166940675518,1,1,0.0362144768435657,1,0.0362144768435657,1,0.0362144768435657
BTC,2024-10-12,24,0.010844548601916696,2.515300448097271e-7,2,0,0.004181626528000658,1,1,0.010844548601916696,1,0.010844548601916696,1,0.010844548601916696
BTC,2024-10-13,24,-0.005540452948174235,2.50743254593692e-7,2,0,0.0040837198348338604,1,1,-0.005540452948174235,1,-0.005540452948174235,1,-0.005540452948174235
BTC,2024-10-14,24,0.049530379447459374,2.649468646522994e-7,2,0,0.004259164813188201,1,1,0.049530379447459374,1,0.049530379447459374,1,0.049530379447459374
BTC,2024-10-15,24,0.015554165976251616,2.9348191309802327e-7,2,0,0.0046203988548716044,1,1,0.015554165976251616,1,0.015554165976251616,1,0.015554165976251616
BTC,2024-10-16,24,0.007863366582534672,2.831102670228758e-7,2,0,0.004563601745984463,1,1,0.007863366582534672,1,0.007863366582534672,1,0.007863366582534672
BTC,2024-10-17,24,-0.0026978253769893604,2.7124545094192103e-7,2,0,0.004433160392470305,1,1,-0.0026978253769893604,1,-0.0026978253769893604,1,-0.0026978253769893604
BTC,2024-10-18,24,0.015201094190529936,2.663612420864364e-7,2,0,0.004356869071419091,1,1,0.015201094190529936,1,0.015201094190529936,1,0.015201094190529936
BTC,2024-10-19,24,-9.560341976814871e-4,2.738364749112484e-7,2,0,0.004318624192371467,1,1,-9.560341976814871e-4,1,-9.560341976814871e-4,1,-9.560341976814871e-4
BTC,2024-10-20,24,0.009252868714803755,2.7759642874272747e-7,2,0,0.004279433827563587,1,1,0.009252868714803755,1,0.009252868714803755,1,0.009252868714803755
BTC,2024-10-21,24,-0.023834741703211784,2.809205040503902e-7,2,0,0.0043266705421205,1,1,-0.023834741703211784,1,-0.023834741703211784,1,-0.023834741703211784
BTC,2024-10-22,24,3.709950160969092e-5,2.828274898795155e-7,2,0,0.004302174321199813,1,1,3.709950160969092e-5,1,3.709950160969092e-5,1,3.709950160969092e-5
BTC,2024-10-23,24,-0.011255071393431116,2.890620875995628e-7,2,0,0.004312623377798723,1,1,-0.011255071393431116,1,-0.011255071393431116,1,-0.011255071393431116
BTC,2024-10-24,24,0.022800098956556474,2.867809742601569e-7,2,0,0.004294650539750316,1,1,0.022800098956556474,1,0.022800098956556474,1,0.022800098956556474
BTC,2024-10-25,24,-0.02319937785816988,2.884667179337194e-7,2,0,0.004330056652155101,1,1,-0.02319937785816988,1,-0.02319937785816988,1,-0.02319937785816988
BTC,2024-10-26,24,0.0062739293803853,2.9198328052846755e-7,2,0,0.004270630118567054,1,1,0.0062739293803853,1,0.0062739293803853,1,0.0062739293803853
BTC,2024-10-27,24,0.013562021403198121,2.927020277119653e-7,2,0,0.004232329347601947,1,1,0.013562021403198121,1,0.013562021403198121,1,0.013562021403198121
BTC,2024-10-28,24,0.028593252734648446,2.8140898421954294e-7,2,0,0.004253753814487147,1,1,0.028593252734648446,1,0.028593252734648446,1,0.028593252734648446
BTC,2024-10-29,24,0.03856891147426333,2.7734910209798875e-7,2,0,0.004338728048349549,1,1,0.03856891147426333,1,0.03856891147426333,1,0.03856891147426333
BTC,2024-10-30,24,-0.004550600609223659,2.771205100282259e-7,2,0,0.004334178665432522,1,1,-0.004550600609223659,1,-0.004550600609223659,1,-0.004550600609223659
BTC,2024-10-31,24,-0.029192457119266078,2.7826319842774715e-7,2,0,0.004308358406198312,1,1,-0.029192457119266078,1,-0.029192457119266078,1,-0.029192457119266078
BTC,2024-11-01,24,-0.010877435319206454,2.803164144587567e-7,2,0,0.0043594109872103675,1,1,-0.010877435319206454,1,-0.010877435319206454,1,-0.010877435319206454
BTC,2024-11-02,24,-0.0027393901853224817,2.7605174217423437e-7,2,0,0.004281850681869275,1,1,-0.0027393901853224817,1,-0.0027393901853224817,1,-0.0027393901853224817
BTC,2024-11-03,24,-0.007987078918864974,2.7221669846404533e-7,2,0,0.004274197703398679,1,1,-0.007987078918864974,1,-0.007987078918864974,1,-0.007987078918864974
BTC,2024-11-04,24,-0.014141975354959946,2.7798532061611364e-7,2,0,0.004363906461723161,1,1,-0.014141975354959946,1,-0.014141975354959946,1,-0.014141975354959946
BTC,2024-11-05,24,0.023321704976512495,2.8371496060765867e-7,2,0,0.004472986207813057,1,1,0.023321704976512495,1,0.023321704976512495,1,0.023321704976512495
BTC,2024-11-06,24,0.08637412757864238,2.691357929786786e-7,2,0,0.00465544974269602,1,1,0.08637412757864238,1,0.08637412757864238,1,0.08637412757864238
BTC,2024-11-07,24,0.004053011263563189,2.641642467755723e-7,2,0,0.004679532177047014,1,1,0.004053011263563189,1,0.004053011263563189,1,0.004053011263563189
BTC,2024-11-08,24,0.007884651692203131,2.5895088032573937e-7,2,0,0.004667848266718515,1,1,0.007884651692203131,1,0.007884651692203131,1,0.007884651692203131
BTC,2024-11-09,24,0.0023212629005985564,2.5510989122724035e-7,2,0,0.004608791499473647,1,1,0.0023212629005985564,1,0.0023212629005985564,1,0.0023212629005985564
BTC,2024-11-10,24,0.04703332486219581,2.5507402497787826e-7,2,0,0.004724030427496106,1,1,0.04703332486219581,1,0.04703332486219581,1,0.04703332486219581
BTC,2024-11-11,24,0.098379765088406,2.4566560965324283e-7,2,0,0.004866179249712157,1,1,0.098379765088406,1,0.098379765088406,1,0.098379765088406
BTC,2024-11-12,24,-0.007355332103294075,2.4794631970275685e-7,2,0,0.005096180815481611,1,1,-0.007355332103294075,1,-0.007355332103294075,1,-0.007355332103294075
BTC,2024-11-13,24,0.026920924983092665,2.506072159911721e-7,2,0,0.005297615280714906,1,1,0.026920924983092665,1,0.026920924983092665,1,0.026920924983092665
BTC,2024-11-14,24,-0.03574763899923858,2.3678812801866795e-7,2,0,0.005221249797789432,1,1,-0.03574763899923858,1,-0.03574763899923858,1,-0.03574763899923858
BTC,2024-11-15,24,0.04203893904125029,2.40733078030157e-7,2,0,0.005324246903757987,1,1,0.04203893904125029,1,0.04203893904125029,1,0.04203893904125029
BTC,2024-11-16,24,-0.005582087988820738,2.402374222527726e-7,2,0,0.005315131835564417,1,1,-0.005582087988820738,1,-0.005582087988820738,1,-0.005582087988820738
BTC,2024-11-17,24,-0.007816891987574933,2.3820487420630054e-7,2,0,0.005302090666486175,1,1,-0.007816891987574933,1,-0.007816891987574933,1,-0.007816891987574933
BTC,2024-11-18,24,0.007295526484195659,2.4931830356252765e-7,2,0,0.0055281405986561125,1,1,0.007295526484195659,1,0.007295526484195659,1,0.007295526484195659
BTC,2024-11-19,24,0.020431147467464557,2.4664314411508574e-7,2,0,0.005604049335420726,1,1,0.020431147467464557,1,0.020431147467464557,1,0.020431147467464557
BTC,2024-11-20,24,0.021296655920153194,2.417946389078347e-7,2,0,0.005585781283134773,1,1,0.021296655920153194,1,0.021296655920153194,1,0.021296655920153194
BTC,2024-11-21,24,0.04285099511503187,2.375611931366615e-7,2,0,0.0056445830707782235,2,1,0.04285099511503187,1,0.04285099511503187,1,0.04285099511503187
BTC,2024-11-22,24,0.005103911918175565,2.3566866247017304e-7,2,0,0.005671549874995582,2,1,0.005103911918175565,1,0.005103911918175565,1,0.005103911918175565
BTC,2024-11-23,24,-0.012613560972994682,2.337741271742287e-7,2,0,0.0056519143067963185,2,1,-0.012613560972994682,1,-0.012613560972994682,1,-0.012613560972994682
BTC,2024-11-24,24,0.002400983615005866,2.3450854977780926e-7,2,0,0.005653591752217767,2,1,0.002400983615005866,1,0.002400983615005866,1,0.002400983615005866
BTC,2024-11-25,24,-0.05230777962334483,2.379749986329932e-7,2,0,0.0058026212417501616,2,1,-0.05230777962334483,1,-0.05230777962334483,1,-0.05230777962334483
BTC,2024-11-26,24,-0.011740696041735558,2.419867759035308e-7,2,0,0.005945939660635697,2,1,-0.011740696041735558,1,-0.011740696041735558,1,-0.011740696041735558
BTC,2024-11-27,24,0.04299864896048916,2.420387435611162e-7,2,0,0.0059750211338723755,2,1,0.04299864896048916,1,0.04299864896048916,1,0.04299864896048916
BTC,2024-11-28,24,-0.0032893066741029355,2.440737000400627e-7,2,0,0.005944083726255106,2,1,-0.0032893066741029355,1,-0.0032893066741029355,1,-0.0032893066741029355
BTC,2024-11-29,24,0.019065753201234454,2.412751431466806e-7,2,0,0.005939856993342522,2,1,0.019065753201234454,1,0.019065753201234454,1,0.019065753201234454
BTC,2024-11-30,24,-0.0105448733019992,2.41204907044772e-7,2,0,0.0059069903390193464,2,1,-0.0105448733019992,1,-0.0105448733019992,1,-0.0105448733019992
BTC,2024-12-01,24,0.008140434667444178,2.3464723425411833e-7,2,0,0.005780204593231451,2,1,0.008140434667444178,1,0.008140434667444178,1,0.008140434667444178
BTC,2024-12-02,24,-0.014410556270598628,2.41611221183325e-7,2,0,0.005901779863744144,2,1,-0.014410556270598628,1,-0.014410556270598628,1,-0.014410556270598628
BTC,2024-12-03,24,6.695492994593013e-4,2.4465036152963403e-7,2,0,0.0059283345924638015,2,1,6.695492994593013e-4,1,6.695492994593013e-4,1,6.695492994593013e-4
BTC,2024-12-04,24,0.029174852937370557,2.4112725391938346e-7,2,0,0.005955110781964839,2,1,0.029174852937370557,1,0.029174852937370557,1,0.029174852937370557
BTC,2024-12-05,24,-0.017052726184599482,2.4409630275656724e-7,2,0,0.006169924773694532,2,1,-0.017052726184599482,1,-0.017052726184599482,1,-0.017052726184599482
BTC,2024-12-06,24,0.028287803836311076,2.4532737379415314e-7,2,0,0.006011309874429599,2,1,0.028287803836311076,1,0.028287803836311076,1,0.028287803836311076
BTC,2024-12-07,24,2.703070704763236e-4,2.481192048224728e-7,2,0,0.005978746375518964,2,1,2.703070704763236e-4,1,2.703070704763236e-4,1,2.703070704763236e-4
BTC,2024-12-08,24,0.012633585564793385,2.501920564518108e-7,2,0,0.005968192455764042,2,1,0.012633585564793385,1,0.012633585564793385,1,0.012633585564793385
BTC,2024-12-09,24,-0.037977086263881826,2.592895086135448e-7,2,0,0.0061303080281590976,2,1,-0.037977086263881826,1,-0.037977086263881826,1,-0.037977086263881826
BTC,2024-12-10,24,-0.00767621197317204,2.6835030909843915e-7,2,0,0.0061600988662361056,2,1,-0.00767621197317204,1,-0.00767621197317204,1,-0.00767621197317204
BTC,2024-12-11,24,0.04572248631498751,2.765192622912079e-7,2,0,0.006111439078043492,2,1,0.04572248631498751,1,0.04572248631498751,1,0.04572248631498751
BTC,2024-12-12,24,-0.011200397766239796,2.7909684783839814e-7,2,0,0.005983074117640792,2,1,-0.011200397766239796,1,-0.011200397766239796,1,-0.011200397766239796
BTC,2024-12-13,24,0.014221221626221262,2.7466589193993577e-7,2,0,0.005727383031930067,2,1,0.014221221626221262,1,0.014221221626221262,1,0.014221221626221262
BTC,2024-12-14,24,-8.182048058232912e-4,2.7290542592092514e-7,2,0,0.0055292900713560696,1,1,-8.182048058232912e-4,1,-8.182048058232912e-4,1,-8.182048058232912e-4
BTC,2024-12-15,24,0.028726387226892185,2.6993399772157713e-7,2,0,0.0054359077609917004,1,1,0.028726387226892185,1,0.028726387226892185,1,0.028726387226892185
BTC,2024-12-16,24,0.016272390930250406,2.657539466648663e-7,2,0,0.005497308149987902,1,1,0.016272390930250406,1,0.016272390930250406,1,0.016272390930250406
BTC,2024-12-17,24,7.98231681289858e-4,2.6090991744342867e-7,2,0,0.005541544801060898,1,1,7.98231681289858e-4,1,7.98231681289858e-4,1,7.98231681289858e-4
BTC,2024-12-18,24,-0.05804127913510915,2.560851797446673e-7,2,0,0.005468348221348892,1,1,-0.05804127913510915,1,-0.05804127913510915,1,-0.05804127913510915
BTC,2024-12-19,24,-0.027681267428427817,2.6787820412399677e-7,2,0,0.0055749692249809964,1,1,-0.027681267428427817,1,-0.027681267428427817,1,-0.027681267428427817
BTC,2024-12-20,24,0.0035899250288069793,2.923575290302083e-7,2,0,0.005812605458454098,2,1,0.0035899250288069793,1,0.0035899250288069793,1,0.0035899250288069793
BTC,2024-12-21,24,-0.005632419471667648,3.011036127494434e-7,2,0,0.005761492037205144,2,1,-0.005632419471667648,1,-0.005632419471667648,1,-0.005632419471667648
BTC,2024-12-22,24,-0.022157097860651117,3.1496589021367607e-7,2,0,0.005799010019207374,2,1,-0.022157097860651117,1,-0.022157097860651117,1,-0.022157097860651117
BTC,2024-12-23,24,-0.004241283946567068,3.3010024802940027e-7,2,0,0.0059284344405949665,2,1,-0.004241283946567068,1,-0.004241283946567068,1,-0.004241283946567068
BTC,2024-12-24,24,0.04084218451827454,3.386429781211269e-7,2,0,0.005997630772152006,2,1,0.04084218451827454,1,0.04084218451827454,1,0.04084218451827454
BTC,2024-12-25,24,0.006704477573366183,3.416995944178743e-7,2,0,0.005880818993460851,2,1,0.006704477573366183,1,0.006704477573366183,1,0.006704477573366183
BTC,2024-12-26,24,-0.03761090586173051,3.4665757589519037e-7,2,0,0.005812440293914507,2,1,-0.03761090586173051,1,-0.03761090586173051,1,-0.03761090586173051
BTC,2024-12-27,24,-0.015765849053510618,3.596461798768891e-7,2,0,0.00583979468328362,2,1,-0.015765849053510618,1,-0.015765849053510618,1,-0.015765849053510618
BTC,2024-12-28,24,0.011145436545737741,3.6020161866564667e-7,2,0,0.005814526166485614,2,1,0.011145436545737741,1,0.011145436545737741,1,0.011145436545737741
BTC,2024-12-29,24,-0.017516265963006414,3.6822436998510643e-7,2,0,0.005786335207651144,2,1,-0.017516265963006414,1,-0.017516265963006414,1,-0.017516265963006414
BTC,2024-12-30,24,-0.010095577689207012,3.7859049741704324e-7,2,0,0.0059315657903899295,2,1,-0.010095577689207012,1,-0.010095577689207012,1,-0.010095577689207012
BTC,2024-12-31,24,0.00816856907511303,3.7731582303312257e-7,2,0,0.005961608358586894,2,1,0.00816856907511303,1,0.00816856907511303,1,0.00816856907511303
BTC,2025-01-01,24,0.010757929114685667,3.7422102598090464e-7,2,0,0.005871023038465777,2,1,0.010757929114685667,1,0.010757929114685667,1,0.010757929114685667
BTC,2025-01-02,24,0.025363049213551453,3.7043664559422626e-7,2,0,0.005840249198491585,2,1,0.025363049213551453,1,0.025363049213551453,1,0.025363049213551453
BTC,2025-01-03,24,0.013399798169469311,3.7337610110144195e-7,2,0,0.005752216750036176,2,1,0.013399798169469311,1,0.013399798169469311,1,0.013399798169469311
BTC,2025-01-04,24,9.963326007569207e-4,3.7916303150480104e-7,2,0,0.005432087810256737,1,1,9.963326007569207e-4,1,9.963326007569207e-4,1,9.963326007569207e-4
BTC,2025-01-05,24,9.90254773817274e-4,3.814713166843729e-7,2,0,0.005336134617896802,1,1,9.90254773817274e-4,1,9.90254773817274e-4,1,9.90254773817274e-4
BTC,2025-01-06,24,0.03905982139943473,3.7733438384034035e-7,2,0,0.005378205421202477,1,1,0.03905982139943473,1,0.03905982139943473,1,0.03905982139943473
BTC,2025-01-07,24,-0.05313515375301291,3.7554871721673313e-7,2,0,0.005424517011489117,1,1,-0.05313515375301291,1,-0.05313515375301291,1,-0.05313515375301291
BTC,2025-01-08,24,-0.019499285992722337,3.625266619400353e-7,2,0,0.005320226742508383,1,1,-0.019499285992722337,1,-0.019499285992722337,1,-0.019499285992722337
BTC,2025-01-09,24,-0.0269611905338012,3.5847684790020456e-7,2,0,0.005295693876885074,1,1,-0.0269611905338012,1,-0.0269611905338012,1,-0.0269611905338012
BTC,2025-01-10,24,0.023150040005314614,3.651545747800832e-7,2,0,0.005339055930398841,1,1,0.023150040005314614,1,0.023150040005314614,1,0.023150040005314614
BTC,2025-01-11,24,-0.0014445669842192664,3.65201535626062e-7,2,0,0.005262592407090068,1,1,-0.0014445669842192664,1,-0.0014445669842192664,1,-0.0014445669842192664
BTC,2025-01-12,24,-0.0011872263473104994,3.6445805862250947e-7,2,0,0.005216152262371022,1,1,-0.0011872263473104994,1,-0.0011872263473104994,1,-0.0011872263473104994
BTC,2025-01-13,24,3.93782059423649e-4,3.63946952884624e-7,2,0,0.005326543069656578,1,1,3.93782059423649e-4,1,3.93782059423649e-4,1,3.93782059423649e-4
BTC,2025-01-14,24,0.021702295169124603,3.730673688423774e-7,2,0,0.005362542235981777,1,1,0.021702295169124603,1,0.021702295169124603,1,0.021702295169124603
BTC,2025-01-15,24,0.039956293547765954,3.908141791596749e-7,3,0.125,0.005370365072891765,1,1,0.039956293547765954,0.875,0.02576467050146089,1,0.039956293547765954
BTC,2025-01-16,24,-0.005184747122650595,4.1589891118567913e-7,3,1,0.0053855998834678445,1,1,-0.005184747122650595,0,0,1,-0.005184747122650595
BTC,2025-01-17,24,0.04031682927199623,4.072734043187512e-7,3,1,0.00535559581503852,1,1,0.04031682927199623,0,0,1,0.04031682927199623
BTC,2025-01-18,24,0.002803258679097957,4.0197118564584897e-7,3,1,0.005224942182187421,1,1,0.002803258679097957,0,0,1,0.002803258679097957
BTC,2025-01-19,24,-0.031046438468492775,3.7876279133919344e-7,2,0.375,0.005127774479947052,1,1,-0.031046438468492775,0.625,-0.0321057146948083,1,-0.031046438468492775
BTC,2025-01-20,24,0.009556811014187639,4.4408881972770353e-7,3,0.7083333333333334,0.005823225790237066,2,1,0.009556811014187639,0.29166666666666663,0.05579600869673056,1,0.009556811014187639
BTC,2025-01-21,24,0.03840614562256024,4.356292848064002e-7,3,1,0.0058676279791063145,2,1,0.03840614562256024,0,0,1,0.03840614562256024
BTC,2025-01-22,24,-0.023968397961680304,4.2225055903879874e-7,3,1,0.005765781142774984,2,1,-0.023968397961680304,0,0,1,-0.023968397961680304
BTC,2025-01-23,24,0.002617929920801569,4.040893415864368e-7,3,1,0.005795470599081796,2,1,0.002617929920801569,0,0,1,0.002617929920801569
BTC,2025-01-24,24,0.008815896867740274,4.006916636620362e-7,3,1,0.0058245386992243344,2,1,0.008815896867740274,0,0,1,0.008815896867740274
BTC,2025-01-25,21,-0.001290411430837538,3.951154514347725e-7,3,1,0.005759271085155057,2,1,-0.001290411430837538,0,0,1,-0.001290411430837538
BTC,2025-01-26,24,-0.02034496326037048,3.9472107494728613e-7,3,1,0.005716188881573548,2,1,-0.02034496326037048,0,0,1,-0.02034496326037048
BTC,2025-01-27,24,-0.004524996266859906,4.011488813982975e-7,3,1,0.005924520069391621,2,1,-0.004524996266859906,0,0,1,-0.004524996266859906
BTC,2025-01-28,24,-0.00819438590848999,3.9985552287726577e-7,3,1,0.005971921483495102,2,1,-0.00819438590848999,0,0,1,-0.00819438590848999
BTC,2025-01-29,24,0.023494820953228576,3.9037623404791684e-7,2,0.875,0.00590263979530927,2,1,0.023494820953228576,0.125,-0.00698252217400191,1,0.023494820953228576
BTC,2025-01-30,24,0.009998255583474117,3.770425375067643e-7,2,0.041666666666666664,0.0058114305802984215,2,1,0.009998255583474117,0.9583333333333334,0.0018145137398949112,1,0.009998255583474117
BTC,2025-01-31,24,-0.02263220881686864,3.7651305837468026e-7,2,0,0.0058518427936715,2,1,-0.02263220881686864,1,-0.02263220881686864,1,-0.02263220881686864
BTC,2025-02-01,24,-0.01755251924229617,3.751752446969906e-7,2,0,0.005818478626655991,2,1,-0.01755251924229617,1,-0.01755251924229617,1,-0.01755251924229617
BTC,2025-02-02,24,-0.029531145261260223,3.8191201694210733e-7,2,0,0.005930224865408033,2,1,-0.029531145261260223,1,-0.029531145261260223,1,-0.029531145261260223
BTC,2025-02-03,24,0.037458954906929735,4.052456904399641e-7,3,0.9166666666666666,0.006329391651625901,2,1,0.037458954906929735,0.08333333333333336,-0.04799436767603646,1,0.037458954906929735
BTC,2025-02-04,24,-0.035695854175416264,4.0575234209986033e-7,3,1,0.00645324845869267,2,1,-0.035695854175416264,0,0,1,-0.035695854175416264
BTC,2025-02-05,24,-0.012799653182534227,4.0854212817116913e-7,3,1,0.006437763501564276,2,1,-0.012799653182534227,0,0,1,-0.012799653182534227
BTC,2025-02-06,24,-6.687959334715356e-4,4.068658874541952e-7,3,1,0.0064160323172061315,2,1,-6.687959334715356e-4,0,0,1,-6.687959334715356e-4
BTC,2025-02-07,24,-1.2117653105076821e-4,4.149986212973211e-7,3,1,0.006447607298920851,2,1,-1.2117653105076821e-4,0,0,1,-1.2117653105076821e-4
BTC,2025-02-08,24,-5.283769626251929e-4,4.1115094617512503e-7,3,1,0.006313783270471493,2,1,-5.283769626251929e-4,0,0,1,-5.283769626251929e-4
BTC,2025-02-09,24,-2.435618076036027e-4,4.113344412194814e-7,3,1,0.0062331377114671635,2,1,-2.435618076036027e-4,0,0,1,-2.435618076036027e-4
BTC,2025-02-10,24,0.009985942707157398,4.114030095592719e-7,3,1,0.006274429465306128,2,1,0.009985942707157398,0,0,1,0.009985942707157398
BTC,2025-02-11,24,-0.017329916962915425,4.1284213381958494e-7,3,1,0.006322666687997874,2,1,-0.017329916962915425,0,0,1,-0.017329916962915425
BTC,2025-02-12,24,0.02176173495133206,4.13717464809314e-7,3,1,0.006254869093728378,2,1,0.02176173495133206,0,0,1,0.02176173495133206
BTC,2025-02-13,24,-0.012812382854036046,4.113330153632568e-7,3,1,0.0062196679337402664,2,1,-0.012812382854036046,0,0,1,-0.012812382854036046
BTC,2025-02-14,24,0.008614524761036095,4.092053825318236e-7,3,1,0.006181343525293392,2,1,0.008614524761036095,0,0,1,0.008614524761036095
BTC,2025-02-15,24,0.0012735054184037954,4.057653709221694e-7,3,1,0.006092352115723255,2,1,0.0012735054184037954,0,0,1,0.0012735054184037954
BTC,2025-02-16,24,-0.014908476772971725,4.1234923009879096e-7,3,1,0.005992565721383167,2,1,-0.014908476772971725,0,0,1,-0.014908476772971725
BTC,2025-02-17,24,-0.0038693878784365264,4.1411081172990785e-7,3,1,0.005963331422317393,2,1,-0.0038693878784365264,0,0,1,-0.0038693878784365264
BTC,2025-02-18,24,-0.0018058997617463627,4.2018920342257285e-7,3,1,0.005964027692077927,2,1,-0.0018058997617463627,0,0,1,-0.0018058997617463627
BTC,2025-02-19,24,0.010671931325929968,3.538168831579396e-7,2,0.4166666666666667,0.0051768343408090025,1,1,0.010671931325929968,0.5833333333333334,0.004960667543872346,1,0.010671931325929968
BTC,2025-02-20,24,0.017576958636725582,3.413991827920844e-7,2,0,0.004995244958747367,1,1,0.017576958636725582,1,0.017576958636725582,1,0.017576958636725582
BTC,2025-02-21,24,-0.023037596970930507,3.393859424879302e-7,2,0,0.00501254559830471,1,1,-0.023037596970930507,1,-0.023037596970930507,1,-0.023037596970930507
BTC,2025-02-22,24,0.005195663365544072,3.4095036163015e-7,2,0,0.004841467859717989,1,1,0.005195663365544072,1,0.005195663365544072,1,0.005195663365544072
BTC,2025-02-23,24,-0.0030761518994262913,3.4508878879745105e-7,2,0,0.004781099608490691,1,1,-0.0030761518994262913,1,-0.0030761518994262913,1,-0.0030761518994262913
BTC,2025-02-24,24,-0.05078876660342499,3.4319234443308246e-7,2,0,0.004841899641078715,1,1,-0.05078876660342499,1,-0.05078876660342499,1,-0.05078876660342499
BTC,2025-02-25,24,-0.032215122152274164,3.3594466141170793e-7,2,0,0.004993858514441683,1,1,-0.032215122152274164,1,-0.032215122152274164,1,-0.032215122152274164
BTC,2025-02-26,24,-0.052614460321611614,3.094414347011695e-7,2,0,0.004881477943390464,1,1,-0.052614460321611614,1,-0.052614460321611614,1,-0.052614460321611614
BTC,2025-02-27,24,0.00712878623630429,3.148316781565357e-7,2,0,0.004954364963612026,1,1,0.00712878623630429,1,0.00712878623630429,1,0.00712878623630429
BTC,2025-02-28,24,-0.004523068575991314,3.3950709730664584e-7,2,0,0.0052553097945094865,1,1,-0.004523068575991314,1,-0.004523068575991314,1,-0.004523068575991314
BTC,2025-03-01,24,0.020098134376896615,3.4939287399569297e-7,2,0,0.005290396734832435,1,1,0.020098134376896615,1,0.020098134376896615,1,0.020098134376896615
BTC,2025-03-02,24,0.09173298270378956,3.8697583470781855e-7,2,0.041666666666666664,0.0057295473667061565,2,1,0.09173298270378956,0.9583333333333334,0.10085065599311992,1,0.09173298270378956
BTC,2025-03-03,24,-0.09029366970101546,4.4057579295787205e-7,3,0.5416666666666666,0.006308096002891753,2,1,-0.09029366970101546,0.4583333333333334,-0.03067007382126525,1,-0.09029366970101546
BTC,2025-03-04,24,0.01274912060466573,4.5577006878374793e-7,3,1,0.006508156790397415,2,1,0.01274912060466573,0,0,1,0.01274912060466573
BTC,2025-03-05,24,0.037791435665472065,4.276781818885443e-7,3,1,0.006221576046329552,2,1,0.037791435665472065,0,0,1,0.037791435665472065
BTC,2025-03-06,24,-0.007684198424478353,4.3150809204063306e-7,3,1,0.006241392862913282,2,1,-0.007684198424478353,0,0,1,-0.007684198424478353
BTC,2025-03-07,24,-0.03571260280383535,4.812566127907828e-7,3,1,0.006751243975038631,2,1,-0.03571260280383535,0,0,1,-0.03571260280383535
BTC,2025-03-08,24,-0.006918577917011091,4.86205910211187e-7,3,1,0.006725594289880376,2,1,-0.006918577917011091,0,0,1,-0.006918577917011091
BTC,2025-03-09,24,-0.06571332716359703,4.875385114178215e-7,3,1,0.0067391915008206795,2,1,-0.06571332716359703,0,0,1,-0.06571332716359703
BTC,2025-03-10,24,-0.026692901458622083,5.005413697593831e-7,3,1,0.006981072447892477,2,1,-0.026692901458622083,0,0,1,-0.026692901458622083
BTC,2025-03-11,24,0.053787673160785685,4.997623125781236e-7,3,1,0.007134132602506043,2,1,0.053787673160785685,0,0,1,0.053787673160785685
BTC,2025-03-12,24,0.009286063171886419,5.010660602725554e-7,3,1,0.007208963577428267,2,1,0.009286063171886419,0,0,1,0.009286063171886419
BTC,2025-03-13,24,-0.03108651108009235,4.98974370272794e-7,3,1,0.007229264247046843,2,1,-0.03108651108009235,0,0,1,-0.03108651108009235
BTC,2025-03-14,24,0.03495361277352781,4.949927943411864e-7,3,1,0.007229593747944396,2,1,0.03495361277352781,0,0,1,0.03495361277352781
BTC,2025-03-15,24,0.003983834699717077,4.971066921640764e-7,3,1,0.007211384071500919,2,1,0.003983834699717077,0,0,1,0.003983834699717077
BTC,2025-03-16,24,-0.020763591833841844,5.046486792701882e-7,3,1,0.007232885244776567,2,1,-0.020763591833841844,0,0,1,-0.020763591833841844
BTC,2025-03-17,24,0.01698926498191261,5.030454784929179e-7,3,1,0.007264143086202124,2,1,0.01698926498191261,0,0,1,0.01698926498191261
BTC,2025-03-18,24,-0.015712838704908725,5.010947853246118e-7,3,1,0.007308157293919822,2,1,-0.015712838704908725,0,0,1,-0.015712838704908725
BTC,2025-03-19,24,0.049237204955158764,4.946858890752164e-7,3,1,0.00733945162635745,2,1,0.049237204955158764,0,0,1,0.049237204955158764
BTC,2025-03-20,24,-0.031581368929228415,4.944916226345838e-7,3,1,0.007369901844448767,2,1,-0.031581368929228415,0,0,1,-0.031581368929228415
BTC,2025-03-21,24,-0.0017156833441005573,4.9560945857723e-7,3,1,0.007373680771433763,2,1,-0.0017156833441005573,0,0,1,-0.0017156833441005573
BTC,2025-03-22,24,-0.0027920413432419794,4.989873883675481e-7,3,1,0.007359330321187729,2,1,-0.0027920413432419794,0,0,1,-0.0027920413432419794
BTC,2025-03-23,24,0.02680342824750119,5.039175861287367e-7,3,1,0.0073197215978143436,2,1,0.02680342824750119,0,0,1,0.02680342824750119
BTC,2025-03-24,24,0.016462927222226417,4.97756532168165e-7,3,1,0.007355432459309769,2,1,0.016462927222226417,0,0,1,0.016462927222226417
BTC,2025-03-25,24,-5.39541425749473e-4,4.938769966871631e-7,3,1,0.007368673050384988,2,1,-5.39541425749473e-4,0,0,1,-5.39541425749473e-4
BTC,2025-03-26,24,-0.006413296806742777,4.938865245837645e-7,3,1,0.007346962785886456,2,1,-0.006413296806742777,0,0,1,-0.006413296806742777
BTC,2025-03-27,24,0.003571331855470517,5.056981888121253e-7,3,1,0.007233443410990284,2,1,0.003571331855470517,0,0,1,0.003571331855470517
BTC,2025-03-28,24,-0.033059744510069246,5.223386455962821e-7,3,1,0.007160307748281027,2,1,-0.033059744510069246,0,0,1,-0.033059744510069246
BTC,2025-03-29,24,-0.02108137528049842,5.218254328656196e-7,3,1,0.007088028184292745,2,1,-0.02108137528049842,0,0,1,-0.02108137528049842
BTC,2025-03-30,24,-0.0034970497481754555,5.153197089205963e-7,3,1,0.006858974796684961,2,1,-0.0034970497481754555,0,0,1,-0.0034970497481754555
BTC,2025-03-31,24,0.0023973553233040835,5.131589313651062e-7,3,1,0.006874613386797645,2,1,0.0023973553233040835,0,0,1,0.0023973553233040835
BTC,2025-04-01,24,0.03193730218474448,4.814312111797707e-7,3,1,0.006485614960995759,2,1,0.03193730218474448,0,0,1,0.03193730218474448
BTC,2025-04-02,24,-0.03211787421075067,4.3134359774982313e-7,3,1,0.006062528377301871,2,1,-0.03211787421075067,0,0,1,-0.03211787421075067
BTC,2025-04-03,24,0.0075440617149190444,4.126345513018226e-7,3,1,0.005794794810142019,2,1,0.0075440617149190444,0,0,1,0.0075440617149190444
BTC,2025-04-04,24,0.008479230457723076,4.2922322460853973e-7,3,1,0.005818098136716921,2,1,0.008479230457723076,0,0,1,0.008479230457723076
BTC,2025-04-05,24,-0.003966549508755925,4.2526051974044826e-7,3,1,0.005670679078742123,2,1,-0.003966549508755925,0,0,1,-0.003966549508755925
BTC,2025-04-06,24,-0.06359623138371073,3.5692177165796954e-7,2,0.041666666666666664,0.005154733291496791,1,1,-0.06359623138371073,0.9583333333333334,-0.06585968367729267,1,-0.06359623138371073
BTC,2025-04-07,24,0.009736351744036613,3.776243959197131e-7,2,0,0.005514566503499631,1,1,0.009736351744036613,1,0.009736351744036613,1,0.009736351744036613
BTC,2025-04-08,24,-0.036728437270761576,3.809386492726125e-7,2,0,0.0055594602351413955,1,1,-0.036728437270761576,1,-0.036728437270761576,1,-0.036728437270761576
BTC,2025-04-09,24,0.07911558874476927,3.957369640705541e-7,3,0.25,0.005755746070764598,2,1,0.07911558874476927,0.75,0.07220013828212403,1,0.07911558874476927
BTC,2025-04-10,24,-0.03706833191064092,3.9866536398028e-7,3,0.5833333333333334,0.005697048806996238,2,1,-0.03706833191064092,0.41666666666666663,-0.02498599130788688,1,-0.03706833191064092
BTC,2025-04-11,24,0.04747713459450129,3.93738002166137e-7,2,0.9166666666666666,0.005686130423476778,2,1,0.04747713459450129,0.08333333333333333,-3.288462938468529e-4,1,0.04747713459450129
BTC,2025-04-12,24,0.022098748663575824,3.8598795842708733e-7,2,0.20833333333333334,0.00562670188098814,1,1,0.022098748663575824,0.7916666666666667,0.00650275626035127,1,0.022098748663575824
BTC,2025-04-13,24,-0.018522083255653146,3.8901516918839397e-7,2,0,0.005632686500158978,1,1,-0.018522083255653146,1,-0.018522083255653146,1,-0.018522083255653146
BTC,2025-04-14,24,0.009648829060886497,3.887975066281329e-7,2,0,0.005716517595962016,2,1,0.009648829060886497,1,0.009648829060886497,1,0.009648829060886497
BTC,2025-04-15,24,-0.010670624462079142,3.782732714443774e-7,2,0,0.005666039772157073,2,1,-0.010670624462079142,1,-0.010670624462079142,1,-0.010670624462079142
BTC,2025-04-16,24,0.0046559345172300795,3.82312314739887e-7,2,0,0.00572403210289509,2,1,0.0046559345172300795,1,0.0046559345172300795,1,0.0046559345172300795
BTC,2025-04-17,24,0.010492957682823757,3.798195684970932e-7,2,0,0.005677730058297975,2,1,0.010492957682823757,1,0.010492957682823757,1,0.010492957682823757
BTC,2025-04-18,24,-0.0051670121203381755,3.8420470004956383e-7,2,0,0.005605553143863563,1,1,-0.0051670121203381755,1,-0.0051670121203381755,1,-0.0051670121203381755
BTC,2025-04-19,24,0.007651260425276373,3.8402050615147157e-7,2,0,0.005520181662181633,1,1,0.007651260425276373,1,0.007651260425276373,1,0.007651260425276373
BTC,2025-04-20,24,3.382834730283131e-4,3.8422481507586263e-7,2,0,0.0054973461401565315,1,1,3.382834730283131e-4,1,3.382834730283131e-4,1,3.382834730283131e-4
BTC,2025-04-21,24,0.027230068976787248,3.86681765555071e-7,2,0,0.0055855715248735085,1,1,0.027230068976787248,1,0.027230068976787248,1,0.027230068976787248
BTC,2025-04-22,24,0.06601627572241461,3.840606436527883e-7,2,0,0.005679774209006461,2,1,0.06601627572241461,1,0.06601627572241461,1,0.06601627572241461
BTC,2025-04-23,24,0.0021907686601678814,3.8277318252700916e-7,2,0,0.005661786693071202,2,1,0.0021907686601678814,1,0.0021907686601678814,1,0.0021907686601678814
BTC,2025-04-24,24,0.003441023574152129,3.830527184101806e-7,2,0,0.005655419448842604,2,1,0.003441023574152129,1,0.003441023574152129,1,0.003441023574152129
BTC,2025-04-25,24,0.007600835673294877,3.8189826818006456e-7,2,0,0.0056676956081833235,2,1,0.007600835673294877,1,0.007600835673294877,1,0.007600835673294877
BTC,2025-04-26,24,-5.660558835617732e-4,3.8273043933505854e-7,2,0,0.005649169581861716,2,1,-5.660558835617732e-4,1,-5.660558835617732e-4,1,-5.660558835617732e-4
BTC,2025-04-27,24,-0.00898242196481262,3.9017810807061447e-7,2,0,0.005630992776563228,1,1,-0.00898242196481262,1,-0.00898242196481262,1,-0.00898242196481262
BTC,2025-04-28,24,0.012510815135967239,3.931123088965431e-7,3,0.4166666666666667,0.005656968366505594,2,1,0.012510815135967239,0.5833333333333334,-6.502301653458081e-4,1,0.012510815135967239
BTC,2025-04-29,24,-0.007698129132912118,3.888737540723433e-7,2,0.08333333333333333,0.005657447351286845,2,1,-0.007698129132912118,0.9166666666666666,-0.01717987210486933,1,-0.007698129132912118
BTC,2025-04-30,24,-6.812574875503227e-4,3.881314346066075e-7,2,0,0.005622762289649396,1,1,-6.812574875503227e-4,1,-6.812574875503227e-4,1,-6.812574875503227e-4
BTC,2025-05-01,24,0.023753537810163056,3.870284714523429e-7,2,0,0.005609418146099317,1,1,0.023753537810163056,1,0.023753537810163056,1,0.023753537810163056
BTC,2025-05-02,24,0.004662075783511529,3.8380029114537397e-7,2,0,0.005470660083613915,1,1,0.004662075783511529,1,0.004662075783511529,1,0.004662075783511529
BTC,2025-05-03,24,-0.010901054364557983,3.8235827478969965e-7,2,0,0.005396309175893652,1,1,-0.010901054364557983,1,-0.010901054364557983,1,-0.010901054364557983
BTC,2025-05-04,24,-0.016478001103112663,3.721591776407359e-7,2,0,0.005263658042850518,1,1,-0.016478001103112663,1,-0.016478001103112663,1,-0.016478001103112663
BTC,2025-05-05,24,0.004485007526023046,3.718859843990907e-7,2,0,0.005281278222035415,1,1,0.004485007526023046,1,0.004485007526023046,1,0.004485007526023046
BTC,2025-05-06,24,0.021820429631608483,3.760452097554886e-7,2,0,0.005188283857468932,1,1,0.021820429631608483,1,0.021820429631608483,1,0.021820429631608483
BTC,2025-05-07,24,0.002215137396667163,3.4883400696105397e-7,2,0,0.0048074974960312855,1,1,0.002215137396667163,1,0.002215137396667163,1,0.002215137396667163
BTC,2025-05-08,24,0.061905496616516224,3.2834286783916423e-7,2,0,0.004690321112493838,1,1,0.061905496616516224,1,0.061905496616516224,1,0.061905496616516224
BTC,2025-05-09,24,-0.002435442844608727,2.7455041914307913e-7,2,0,0.004109968725971928,1,1,-0.002435442844608727,1,-0.002435442844608727,1,-0.002435442844608727
BTC,2025-05-10,24,0.01754908065465695,2.573315304766353e-7,2,0,0.0039076673220187425,1,1,0.01754908065465695,1,0.01754908065465695,1,0.01754908065465695
BTC,2025-05-11,24,-0.006519296109426483,2.4969577451101793e-7,2,0,0.0037467673070026505,1,1,-0.006519296109426483,1,-0.006519296109426483,1,-0.006519296109426483
BTC,2025-05-12,24,-0.012505961661027418,2.5840751133964377e-7,2,0,0.0038085512138424983,1,1,-0.012505961661027418,1,-0.012505961661027418,1,-0.012505961661027418
BTC,2025-05-13,24,0.012867981814235473,2.5701275220708804e-7,2,0,0.003768162283550926,1,1,0.012867981814235473,1,0.012867981814235473,1,0.012867981814235473
BTC,2025-05-14,24,-0.005458591897341524,2.494424158910146e-7,2,0,0.003648304654995922,1,1,-0.005458591897341524,1,-0.005458591897341524,1,-0.005458591897341524
BTC,2025-05-15,24,0.0016590198035824812,2.633530379486423e-7,2,0,0.003726592129868087,1,1,0.0016590198035824812,1,0.0016590198035824812,1,0.0016590198035824812
BTC,2025-05-16,24,-0.0025243449484326757,2.5145903610026355e-7,2,0,0.0035966910509260394,1,1,-0.0025243449484326757,1,-0.0025243449484326757,1,-0.0025243449484326757
BTC,2025-05-17,24,-0.0032031892804211945,2.5346700612132164e-7,2,0,0.0035853928121098765,1,1,-0.0032031892804211945,1,-0.0032031892804211945,1,-0.0032031892804211945
BTC,2025-05-18,24,0.032015942242641426,2.5713081743066075e-7,2,0,0.003684554754364422,1,1,0.032015942242641426,1,0.032015942242641426,1,0.032015942242641426
BTC,2025-05-19,24,-0.008370016714874194,2.64522402794728e-7,2,0,0.003817392552410389,1,1,-0.008370016714874194,1,-0.008370016714874194,1,-0.008370016714874194
BTC,2025-05-20,24,0.011463075176376332,2.709943163765619e-7,2,0,0.003921629182345096,1,1,0.011463075176376332,1,0.011463075176376332,1,0.011463075176376332
BTC,2025-05-21,24,0.026043968524427023,2.7804171931049375e-7,2,0,0.0040413266487728545,1,1,0.026043968524427023,1,0.026043968524427023,1,0.026043968524427023
BTC,2025-05-22,24,0.018393715622669633,2.7299844307744866e-7,2,0,0.003964872579566288,1,1,0.018393715622669633,1,0.018393715622669633,1,0.018393715622669633
BTC,2025-05-23,24,-0.0399752647892261,2.797698308841268e-7,2,0,0.004040998531244463,1,1,-0.0399752647892261,1,-0.0399752647892261,1,-0.0399752647892261
BTC,2025-05-24,24,0.0045613134066275025,2.8516920769079993e-7,2,0,0.004052215217624699,1,1,0.0045613134066275025,1,0.0045613134066275025,1,0.0045613134066275025
BTC,2025-05-25,24,0.0112163326833735,2.9425919186059963e-7,2,0,0.004034680268843082,1,1,0.0112163326833735,1,0.0112163326833735,1,0.0112163326833735
BTC,2025-05-26,24,0.0039192943826280606,2.9226082137388994e-7,2,0,0.004045898118167024,1,1,0.0039192943826280606,1,0.0039192943826280606,1,0.0039192943826280606
BTC,2025-05-27,24,-0.00424491479557594,2.9185395954418306e-7,2,0,0.0040676236681898145,1,1,-0.00424491479557594,1,-0.00424491479557594,1,-0.00424491479557594
BTC,2025-05-28,24,-0.01100664843888416,2.8695276465195875e-7,2,0,0.00401854150921828,1,1,-0.01100664843888416,1,-0.01100664843888416,1,-0.01100664843888416
BTC,2025-05-29,24,-0.020421044513387325,2.928571395798564e-7,2,0,0.004042250313677449,1,1,-0.020421044513387325,1,-0.020421044513387325,1,-0.020421044513387325
BTC,2025-05-30,24,-0.015384838114896472,2.9390133209575916e-7,2,0,0.004063814793311189,1,1,-0.015384838114896472,1,-0.015384838114896472,1,-0.015384838114896472
BTC,2025-05-31,24,0.0061558059788879346,2.9941346932207056e-7,2,0,0.004043949623671053,1,1,0.0061558059788879346,1,0.0061558059788879346,1,0.0061558059788879346
BTC,2025-06-01,24,0.009986088887070388,3.0048966391092963e-7,2,0,0.004019468416780506,1,1,0.009986088887070388,1,0.009986088887070388,1,0.009986088887070388
BTC,2025-06-02,24,0.0019647253650029173,3.017049142037119e-7,2,0,0.004044003550891323,1,1,0.0019647253650029173,1,0.0019647253650029173,1,0.0019647253650029173
BTC,2025-06-03,24,-0.004487950975160724,3.05470042112163e-7,2,0,0.004070226411518654,1,1,-0.004487950975160724,1,-0.004487950975160724,1,-0.004487950975160724
BTC,2025-06-04,24,-0.006666329778960075,3.0426626634865514e-7,2,0,0.004038926221975578,1,1,-0.006666329778960075,1,-0.006666329778960075,1,-0.006666329778960075
BTC,2025-06-05,24,-0.03068893172538335,3.098815175524088e-7,2,0,0.004103011053800119,1,1,-0.03068893172538335,1,-0.03068893172538335,1,-0.03068893172538335
BTC,2025-06-06,24,0.027156051931980417,3.127946328286166e-7,2,0,0.004096597028713969,1,1,0.027156051931980417,1,0.027156051931980417,1,0.027156051931980417
BTC,2025-06-07,24,0.012174572660544438,3.1892908226352404e-7,2,0,0.0040004712210031865,1,1,0.012174572660544438,1,0.012174572660544438,1,0.012174572660544438
BTC,2025-06-08,24,9.431968257815496e-4,3.182177614034651e-7,2,0,0.003953687461640337,1,1,9.431968257815496e-4,1,9.431968257815496e-4,1,9.431968257815496e-4
BTC,2025-06-09,24,0.04190505270582346,3.1601590220241346e-7,2,0,0.003971538097104508,1,1,0.04190505270582346,1,0.04190505270582346,1,0.04190505270582346
BTC,2025-06-10,24,-5.8035779073909236e-5,3.1176923399930063e-7,2,0,0.0039666860711127985,1,1,-5.8035779073909236e-5,1,-5.8035779073909236e-5,1,-5.8035779073909236e-5
BTC,2025-06-11,24,-0.0143543571545934,3.0806296011117134e-7,2,0,0.003882750090266205,1,1,-0.0143543571545934,1,-0.0143543571545934,1,-0.0143543571545934
BTC,2025-06-12,24,-0.027436871581934145,3.0520183082732564e-7,2,0,0.0038869751566362057,1,1,-0.027436871581934145,1,-0.027436871581934145,1,-0.027436871581934145
BTC,2025-06-13,24,0.003418880971758356,3.064765555008573e-7,2,0,0.00395394553103983,1,1,0.003418880971758356,1,0.003418880971758356,1,0.003418880971758356
BTC,2025-06-14,24,-0.0060765294249839315,2.971863023477852e-7,2,0,0.003862181847943585,1,1,-0.0060765294249839315,1,-0.0060765294249839315,1,-0.0060765294249839315
BTC,2025-06-15,24,9.665462079252464e-4,3.0268631818050394e-7,2,0,0.0038653149796468744,1,1,9.665462079252464e-4,1,9.665462079252464e-4,1,9.665462079252464e-4
BTC,2025-06-16,24,0.011476643460550459,3.0029334318486055e-7,2,0,0.0038932303942982483,1,1,0.011476643460550459,1,0.011476643460550459,1,0.011476643460550459
BTC,2025-06-17,24,-0.020601185011496173,2.9641094657406846e-7,2,0,0.0038358797685708566,1,1,-0.020601185011496173,1,-0.020601185011496173,1,-0.020601185011496173
BTC,2025-06-18,24,0.0025735715426032633,2.9211910667149017e-7,2,0,0.003739736923118755,1,1,0.0025735715426032633,1,0.0025735715426032633,1,0.0025735715426032633
BTC,2025-06-19,24,-0.002069026807068067,2.79728939990139e-7,2,0,0.003628177001458509,1,1,-0.002069026807068067,1,-0.002069026807068067,1,-0.002069026807068067
BTC,2025-06-20,24,-0.013302293789540998,2.7038614827817793e-7,2,0,0.0034448586476191157,1,1,-0.013302293789540998,1,-0.013302293789540998,1,-0.013302293789540998
BTC,2025-06-21,24,-0.011176346402453635,2.7669327331654155e-7,2,0,0.0034179931462617608,1,1,-0.011176346402453635,1,-0.011176346402453635,1,-0.011176346402453635
BTC,2025-06-22,24,-0.011382874703057882,2.9384954284556825e-7,2,0,0.0035082424830090637,1,1,-0.011382874703057882,1,-0.011382874703057882,1,-0.011382874703057882
BTC,2025-06-23,24,0.04259113585019497,2.9493811803658237e-7,2,0,0.0036363017178990776,1,1,0.04259113585019497,1,0.04259113585019497,1,0.04259113585019497
BTC,2025-06-24,24,0.00679020208551154,2.851379402951003e-7,2,0,0.00362733593266435,1,1,0.00679020208551154,1,0.00679020208551154,1,0.00679020208551154
BTC,2025-06-25,24,0.0118056276034337,2.7920932786052726e-7,2,0,0.003630543710413187,1,1,0.0118056276034337,1,0.0118056276034337,1,0.0118056276034337
BTC,2025-06-26,24,-0.003872989605950641,2.7692054375304964e-7,2,0,0.003606613218254459,1,1,-0.003872989605950641,1,-0.003872989605950641,1,-0.003872989605950641
BTC,2025-06-27,24,0.0015920743490413674,2.785578849898753e-7,2,0,0.003600253940089004,1,1,0.0015920743490413674,1,0.0015920743490413674,1,0.0015920743490413674
BTC,2025-06-28,24,0.00195578789308682,2.769905105275611e-7,2,0,0.003547373037098075,1,1,0.00195578789308682,1,0.00195578789308682,1,0.00195578789308682
BTC,2025-06-29,24,0.009847454993053346,2.6906196093159375e-7,2,0,0.0034495320508221025,1,1,0.009847454993053346,1,0.009847454993053346,1,0.009847454993053346
BTC,2025-06-30,24,-0.011757498876146298,2.650695547351261e-7,2,0,0.003465047049450584,1,1,-0.011757498876146298,1,-0.011757498876146298,1,-0.011757498876146298
BTC,2025-07-01,24,-0.013346663026918174,2.5975226522502965e-7,2,0,0.003481142093409951,1,1,-0.013346663026918174,1,-0.013346663026918174,1,-0.013346663026918174
BTC,2025-07-02,24,0.029336468766441037,2.5631233837468016e-7,2,0,0.0034881401867608926,1,1,0.029336468766441037,1,0.029336468766441037,1,0.029336468766441037
BTC,2025-07-03,24,0.007177873519672979,2.509920037137109e-7,2,0,0.003474166637957939,1,1,0.007177873519672979,1,0.007177873519672979,1,0.007177873519672979
BTC,2025-07-04,24,-0.014813969422146576,2.4997475552512157e-7,2,0,0.003474833304890377,1,1,-0.014813969422146576,1,-0.014813969422146576,1,-0.014813969422146576
BTC,2025-07-05,24,0.002132536120782165,2.374960405343116e-7,2,0,0.0033090720202750626,1,1,0.002132536120782165,1,0.002132536120782165,1,0.002132536120782165
BTC,2025-07-06,24,0.008954747023771052,2.3777139440691396e-7,2,0,0.0032886707468354186,1,1,0.008954747023771052,1,0.008954747023771052,1,0.008954747023771052
BTC,2025-07-07,24,-0.0086536362367415,2.3650305087678337e-7,2,0,0.0032904177205444842,1,1,-0.0086536362367415,1,-0.0086536362367415,1,-0.0086536362367415
BTC,2025-07-08,24,0.0059830576151186626,2.378315375304838e-7,2,0,0.003303468518903801,1,1,0.0059830576151186626,1,0.0059830576151186626,1,0.0059830576151186626
BTC,2025-07-09,24,0.02171925728237554,2.4222139849257427e-7,2,0,0.0033454938929403707,1,1,0.02171925728237554,1,0.02171925728237554,1,0.02171925728237554
BTC,2025-07-10,24,0.04106353116006422,2.5619404676067315e-7,2,0,0.0034898454580943174,1,1,0.04106353116006422,1,0.04106353116006422,1,0.04106353116006422
BTC,2025-07-11,24,0.013210037132601058,2.540945254038271e-7,2,0,0.003528342163982142,1,1,0.013210037132601058,1,0.013210037132601058,1,0.013210037132601058
BTC,2025-07-12,24,-6.093783168196038e-4,2.5311109338210695e-7,2,0,0.0034712035709121535,1,1,-6.093783168196038e-4,1,-6.093783168196038e-4,1,-6.093783168196038e-4
BTC,2025-07-13,24,0.013874744852964995,2.493476801169761e-7,2,0,0.0033830283934137575,1,1,0.013874744852964995,1,0.013874744852964995,1,0.013874744852964995
BTC,2025-07-14,24,0.006301570377751501,2.4699251828135527e-7,2,0,0.0034632850312305255,1,1,0.006301570377751501,1,0.006301570377751501,1,0.006301570377751501
BTC,2025-07-15,24,-0.017795381971025148,2.5102601289247884e-7,2,0,0.003581853324952071,1,1,-0.017795381971025148,1,-0.017795381971025148,1,-0.017795381971025148
BTC,2025-07-16,24,0.008218149085642864,2.4923461666423363e-7,2,0,0.003566650522555894,1,1,0.008218149085642864,1,0.008218149085642864,1,0.008218149085642864
BTC,2025-07-17,24,0.005111894496110436,2.526965457853064e-7,2,0,0.00358100720359758,1,1,0.005111894496110436,1,0.005111894496110436,1,0.005111894496110436
BTC,2025-07-18,24,-0.01103187359757267,2.4964033576622436e-7,2,0,0.0035796630391001587,1,1,-0.01103187359757267,1,-0.01103187359757267,1,-0.01103187359757267
BTC,2025-07-19,24,-8.714782194562425e-4,2.5378651268841147e-7,2,0,0.003569294397298767,1,1,-8.714782194562425e-4,1,-8.714782194562425e-4,1,-8.714782194562425e-4
BTC,2025-07-20,24,-0.0050164158655340765,2.451263296552668e-7,2,0,0.003485058961701298,1,1,-0.0050164158655340765,1,-0.0050164158655340765,1,-0.0050164158655340765
BTC,2025-07-21,24,0.0012087908411180853,2.4274767950757494e-7,2,0,0.0034742915582722115,1,1,0.0012087908411180853,1,0.0012087908411180853,1,0.0012087908411180853
BTC,2025-07-22,24,0.021197861607066684,2.292833354885603e-7,1,0,0.003325584614882954,1,1,0.021197861607066684,1,0.021197861607066684,1,0.021197861607066684
BTC,2025-07-23,24,-0.010407579423206345,2.2168008150119817e-7,1,0,0.003196391627792976,1,1,-0.010407579423206345,1,-0.010407579423206345,1,-0.010407579423206345
BTC,2025-07-24,24,-0.002938571341769702,2.245309989006799e-7,1,0,0.003186534708731692,1,1,-0.002938571341769702,1,-0.002938571341769702,1,-0.002938571341769702
BTC,2025-07-25,24,-0.006430121936937972,2.3738654410208965e-7,2,0,0.0032693543416787577,1,1,-0.006430121936937972,1,-0.006430121936937972,1,-0.006430121936937972
BTC,2025-07-26,24,0.002626870628958936,2.3782400581339607e-7,2,0,0.003249484478826096,1,1,0.002626870628958936,1,0.002626870628958936,1,0.002626870628958936
BTC,2025-07-27,24,0.012784908285214945,2.350772533422808e-7,2,0,0.003225718994766477,1,1,0.012784908285214945,1,0.012784908285214945,1,0.012784908285214945
BTC,2025-07-28,24,-0.012427155646152797,2.3444852684042094e-7,2,0,0.0032425205232082437,1,1,-0.012427155646152797,1,-0.012427155646152797,1,-0.012427155646152797
BTC,2025-07-29,24,-4.8070667348771353e-4,2.3384464723956615e-7,2,0,0.0032579967600925982,1,1,-4.8070667348771353e-4,1,-4.8070667348771353e-4,1,-4.8070667348771353e-4
BTC,2025-07-30,24,-8.678917521135103e-4,2.383796044293976e-7,2,0,0.0032760062317736933,1,1,-8.678917521135103e-4,1,-8.678917521135103e-4,1,-8.678917521135103e-4
BTC,2025-07-31,24,-0.017625026522532197,2.4254008103158954e-7,2,0,0.0032806086142536657,1,1,-0.017625026522532197,1,-0.017625026522532197,1,-0.017625026522532197
BTC,2025-08-01,24,-0.02158628255497808,2.495675046365512e-7,2,0,0.0033499015329095383,1,1,-0.02158628255497808,1,-0.02158628255497808,1,-0.02158628255497808
BTC,2025-08-02,24,-0.006775471704499062,2.4830762975173804e-7,2,0,0.003324809647157722,1,1,-0.006775471704499062,1,-0.006775471704499062,1,-0.006775471704499062
BTC,2025-08-03,24,0.014985111672255897,2.4756991997419044e-7,2,0,0.0033104615478003994,1,1,0.014985111672255897,1,0.014985111672255897,1,0.014985111672255897
BTC,2025-08-04,24,0.007570369171081652,2.4486217862310697e-7,2,0,0.0033310753389229814,1,1,0.007570369171081652,1,0.007570369171081652,1,0.007570369171081652
BTC,2025-08-05,24,-0.008525965547717522,2.4848343131489653e-7,2,0,0.0033767971462471823,1,1,-0.008525965547717522,1,-0.008525965547717522,1,-0.008525965547717522
BTC,2025-08-06,24,0.007812369248649608,2.506167259505943e-7,2,0,0.003393483586087327,1,1,0.007812369248649608,1,0.007812369248649608,1,0.007812369248649608
BTC,2025-08-07,24,0.021403082136217805,2.5237678252024183e-7,2,0,0.003422132108811194,1,1,0.021403082136217805,1,0.021403082136217805,1,0.021403082136217805
BTC,2025-08-08,24,-0.007021300625188229,2.459496278986274e-7,2,0,0.003334645011084455,1,1,-0.007021300625188229,1,-0.007021300625188229,1,-0.007021300625188229
BTC,2025-08-09,24,-0.0017894570951968952,2.2986634496844115e-7,2,0,0.003151234640491068,1,1,-0.0017894570951968952,1,-0.0017894570951968952,1,-0.0017894570951968952
BTC,2025-08-10,24,0.02393268499182075,2.3228722629203406e-7,2,0,0.00313341748877813,1,1,0.02393268499182075,1,0.02393268499182075,1,0.02393268499182075
BTC,2025-08-11,24,-0.004738407498755291,2.351451618367611e-7,2,0,0.0032330837012989684,1,1,-0.004738407498755291,1,-0.004738407498755291,1,-0.004738407498755291
BTC,2025-08-12,24,0.012118366860282868,2.3697160479620955e-7,2,0,0.0032574944428285777,1,1,0.012118366860282868,1,0.012118366860282868,1,0.012118366860282868
BTC,2025-08-13,24,0.026136652648126535,2.3223738174072205e-7,2,0,0.003242576838672524,1,1,0.026136652648126535,1,0.026136652648126535,1,0.026136652648126535
BTC,2025-08-14,24,-0.04113472674620106,2.1558965801394856e-7,1,0,0.0031853692868977932,1,1,-0.04113472674620106,1,-0.04113472674620106,1,-0.04113472674620106
BTC,2025-08-15,24,-0.008111666641381476,2.141599482902289e-7,1,0,0.0031805745560444104,1,1,-0.008111666641381476,1,-0.008111666641381476,1,-0.008111666641381476
BTC,2025-08-16,24,5.176358122035427e-4,2.1106330401339393e-7,1,0,0.0031195980405827337,1,1,5.176358122035427e-4,1,5.176358122035427e-4,1,5.176358122035427e-4
BTC,2025-08-17,24,-3.9331065919196925e-4,2.1129025147674325e-7,1,0,0.0030851601982538755,1,1,-3.9331065919196925e-4,1,-3.9331065919196925e-4,1,-3.9331065919196925e-4
BTC,2025-08-18,24,-0.010109572014023694,2.1214484811724284e-7,1,0,0.0031368363319129486,1,1,-0.010109572014023694,1,-0.010109572014023694,1,-0.010109572014023694
BTC,2025-08-19,24,-0.029944142259062,2.137102678648979e-7,1,0,0.0031947753838982205,1,1,-0.029944142259062,1,-0.029944142259062,1,-0.029944142259062
BTC,2025-08-20,24,0.012615263319803696,2.1501577882059203e-7,1,0,0.003213178607307196,1,1,0.012615263319803696,1,0.012615263319803696,1,0.012615263319803696
BTC,2025-08-21,24,-0.015880350590709157,2.0982607979822848e-7,1,0,0.0031515492814454442,1,1,-0.015880350590709157,1,-0.015880350590709157,1,-0.015880350590709157
BTC,2025-08-22,24,0.03799647933344069,2.282883172509826e-7,1,0,0.003316718482677473,1,1,0.03799647933344069,1,0.03799647933344069,1,0.03799647933344069
BTC,2025-08-23,24,-0.012696477442990222,2.252410894201145e-7,1,0,0.0032821194105270095,1,1,-0.012696477442990222,1,-0.012696477442990222,1,-0.012696477442990222
BTC,2025-08-24,24,-0.016503856673479537,2.219755884997688e-7,1,0,0.0032408469919093523,1,1,-0.016503856673479537,1,-0.016503856673479537,1,-0.016503856673479537
BTC,2025-08-25,24,-0.02961920628307693,2.2486584231888118e-7,1,0,0.0033619764614123237,1,1,-0.02961920628307693,1,-0.02961920628307693,1,-0.02961920628307693
BTC,2025-08-26,24,0.015176829842345987,2.2706589922767976e-7,1,0,0.003415387154416953,1,1,0.015176829842345987,1,0.015176829842345987,1,0.015176829842345987
BTC,2025-08-27,24,-0.005026503436751676,2.2727928464175703e-7,1,0,0.0034290825547163076,1,1,-0.005026503436751676,1,-0.005026503436751676,1,-0.005026503436751676
BTC,2025-08-28,23,0.011572185540654473,2.2679409014581976e-7,1,0,0.0034457260585300615,1,1,0.011572185540654473,1,0.011572185540654473,1,0.011572185540654473
BTC,2025-08-29,24,-0.03769027210903522,2.3101750665423572e-7,2,0,0.0035107943535774592,1,1,-0.03769027210903522,1,-0.03769027210903522,1,-0.03769027210903522
BTC,2025-08-30,24,0.0032226584544481018,2.3000152053502093e-7,2,0,0.0034934837594165153,1,1,0.0032226584544481018,1,0.0032226584544481018,1,0.0032226584544481018
BTC,2025-08-31,24,-0.004608303086194044,2.266381226187828e-7,1,0,0.0034054242362335876,1,1,-0.004608303086194044,1,-0.004608303086194044,1,-0.004608303086194044
BTC,2025-09-01,24,0.009319029253032803,2.346777420900372e-7,2,0,0.003484969612944024,1,1,0.009319029253032803,1,0.009319029253032803,1,0.009319029253032803
BTC,2025-09-02,24,0.017540107594418368,2.4449858036459504e-7,2,0,0.00361432235065071,1,1,0.017540107594418368,1,0.017540107594418368,1,0.017540107594418368
BTC,2025-09-03,24,0.005150526258122191,2.422605555661914e-7,2,0,0.003623011826712162,1,1,0.005150526258122191,1,0.005150526258122191,1,0.005150526258122191
BTC,2025-09-04,24,-0.00922908965603525,2.4063564132687534e-7,2,0,0.0036212118406822777,1,1,-0.00922908965603525,1,-0.00922908965603525,1,-0.00922908965603525
BTC,2025-09-05,24,-8.71756545164524e-4,2.53058945542302e-7,2,0,0.0037499209197663693,1,1,-8.71756545164524e-4,1,-8.71756545164524e-4,1,-8.71756545164524e-4
BTC,2025-09-06,24,-0.0035572260031974797,2.511045301580856e-7,2,0,0.0037035714332620683,1,1,-0.0035572260031974797,1,-0.0035572260031974797,1,-0.0035572260031974797
BTC,2025-09-07,24,0.008110873492224615,2.5136488315368653e-7,2,0,0.003691016535204139,1,1,0.008110873492224615,1,0.008110873492224615,1,0.008110873492224615
BTC,2025-09-08,24,0.008040261429262415,2.5131490185998814e-7,2,0,0.0037053201878472068,1,1,0.008040261429262415,1,0.008040261429262415,1,0.008040261429262415
BTC,2025-09-09,24,-0.004553856390462171,2.5025061879114823e-7,2,0,0.00371096590904768,1,1,-0.004553856390462171,1,-0.004553856390462171,1,-0.004553856390462171
BTC,2025-09-10,24,0.021392091255783615,2.41462530499804e-7,2,0,0.003654257935373372,1,1,0.021392091255783615,1,0.021392091255783615,1,0.021392091255783615
BTC,2025-09-11,24,0.013486202391264922,2.374790270057302e-7,2,0,0.003647483447367641,1,1,0.013486202391264922,1,0.013486202391264922,1,0.013486202391264922
BTC,2025-09-12,24,0.0052821288583167645,2.347827149391095e-7,2,0,0.0035942086522867053,1,1,0.0052821288583167645,1,0.0052821288583167645,1,0.0052821288583167645
BTC,2025-09-13,24,-0.0014013571151140969,2.411303001353837e-7,2,0,0.0035065719141533906,1,1,-0.0014013571151140969,1,-0.0014013571151140969,1,-0.0014013571151140969
BTC,2025-09-14,24,-0.004828406754649435,2.4355097041315737e-7,2,0,0.003487496202173936,1,1,-0.004828406754649435,1,-0.004828406754649435,1,-0.004828406754649435
BTC,2025-09-15,24,-1.3606886665659755e-4,2.404197808616657e-7,2,0,0.0035131062154983485,1,1,-1.3606886665659755e-4,1,-1.3606886665659755e-4,1,-1.3606886665659755e-4
BTC,2025-09-16,24,0.011969690478240843,2.3725357004444603e-7,2,0,0.003518187204663191,1,1,0.011969690478240843,1,0.011969690478240843,1,0.011969690478240843
BTC,2025-09-17,24,-0.002531373386234237,2.3088233523725362e-7,2,0,0.0034889193652546547,1,1,-0.002531373386234237,1,-0.002531373386234237,1,-0.002531373386234237
BTC,2025-09-18,24,0.005707948599724897,2.2449237787181786e-7,1,0,0.003440561884956317,1,1,0.005707948599724897,1,0.005707948599724897,1,0.005707948599724897
BTC,2025-09-19,24,-0.01252953836058959,2.210713609143727e-7,1,0,0.003388863430939315,1,1,-0.01252953836058959,1,-0.01252953836058959,1,-0.01252953836058959
BTC,2025-09-20,24,5.349666508043086e-4,2.206821588457752e-7,1,0,0.003359473457082693,1,1,5.349666508043086e-4,1,5.349666508043086e-4,1,5.349666508043086e-4
BTC,2025-09-21,24,-0.0038106331657633335,2.0058743031762165e-7,1,0,0.0031434888589273167,1,1,-0.0038106331657633335,1,-0.0038106331657633335,1,-0.0038106331657633335
BTC,2025-09-22,24,-0.02237442090262828,1.9907812780757753e-7,1,0,0.003182061291072923,1,1,-0.02237442090262828,1,-0.02237442090262828,1,-0.02237442090262828
BTC,2025-09-23,24,-0.006641201934746759,1.9342386321864827e-7,1,0,0.003135282211855875,1,1,-0.006641201934746759,1,-0.006641201934746759,1,-0.006641201934746759
BTC,2025-09-24,24,0.011526903971406561,1.8715841844994207e-7,1,0,0.0030293556381309505,1,1,0.011526903971406561,1,0.011526903971406561,1,0.011526903971406561
BTC,2025-09-25,24,-0.03823450940909555,1.9308313480206385e-7,1,0,0.0031080625569674127,1,1,-0.03823450940909555,1,-0.03823450940909555,1,-0.03823450940909555
BTC,2025-09-26,24,0.006002136360098091,1.9258640660066864e-7,1,0,0.003119271872872856,1,1,0.006002136360098091,1,0.006002136360098091,1,0.006002136360098091
BTC,2025-09-27,24,1.294281283762042e-4,1.92588901981424e-7,1,0,0.003069893948354748,1,1,1.294281283762042e-4,1,1.294281283762042e-4,1,1.294281283762042e-4
BTC,2025-09-28,24,0.021703069083142002,1.8558402889531708e-7,1,0,0.0029661649577262914,1,1,0.021703069083142002,1,0.021703069083142002,1,0.021703069083142002
BTC,2025-09-29,24,0.019757544668091483,1.87303214376346e-7,1,0,0.0029875647316983285,1,1,0.019757544668091483,1,0.019757544668091483,1,0.019757544668091483
BTC,2025-09-30,24,-0.0032422490810630135,1.8644716623027604e-7,1,0,0.0030010376448349045,1,1,-0.0032422490810630135,1,-0.0032422490810630135,1,-0.0032422490810630135
BTC,2025-10-01,24,0.03960105560943919,1.8199440837872228e-7,1,0,0.0029737303105196403,1,1,0.03960105560943919,1,0.03960105560943919,1,0.03960105560943919
BTC,2025-10-02,24,0.017137319833985434,1.6752984448383092e-7,1,0,0.002860410105632971,1,1,0.017137319833985434,1,0.017137319833985434,1,0.017137319833985434
BTC,2025-10-03,24,0.013252871720263956,1.667964120146924e-7,1,0,0.002876194875863603,1,1,0.013252871720263956,1,0.013252871720263956,1,0.013252871720263956
BTC,2025-10-04,24,0.0013641981485971076,1.6238480163917903e-7,1,0,0.0028212672661899535,1,1,0.0013641981485971076,1,0.0013641981485971076,1,0.0013641981485971076
BTC,2025-10-05,24,0.009071955570466493,1.534540665414864e-7,1,0,0.0027429964329939833,1,1,0.009071955570466493,1,0.009071955570466493,1,0.009071955570466493
BTC,2025-10-06,24,0.009862001748243312,1.4958004640955473e-7,1,0,0.002786144802785171,1,1,0.009862001748243312,1,0.009862001748243312,1,0.009862001748243312
BTC,2025-10-07,24,-0.02719002788866807,1.5146527961201393e-7,1,0,0.002867688281456411,1,1,-0.02719002788866807,1,-0.02719002788866807,1,-0.02719002788866807
BTC,2025-10-08,24,0.015607294550925774,1.5740982258554085e-7,1,0,0.0029279968761923222,1,1,0.015607294550925774,1,0.015607294550925774,1,0.015607294550925774
BTC,2025-10-09,24,-0.013310474043909235,1.6504734427636434e-7,1,0,0.0030142490860979657,1,1,-0.013310474043909235,1,-0.013310474043909235,1,-0.013310474043909235
BTC,2025-10-10,24,-0.07416207936515207,1.6886386271430894e-7,1,0,0.003178980590525049,1,1,-0.07416207936515207,1,-0.07416207936515207,1,-0.07416207936515207
BTC,2025-10-11,24,-0.019886683851794717,1.902586410498358e-7,1,0,0.003396488855889382,1,1,-0.019886683851794717,1,-0.019886683851794717,1,-0.019886683851794717
BTC,2025-10-12,24,0.038519080619361684,1.9841348988883192e-7,1,0,0.0034739422924513013,1,1,0.038519080619361684,1,0.038519080619361684,1,0.038519080619361684
BTC,2025-10-13,24,3.491238070154499e-4,2.0261327118484738e-7,1,0,0.0035430133597569007,1,1,3.491238070154499e-4,1,3.491238070154499e-4,1,3.491238070154499e-4
BTC,2025-10-14,24,-0.018043023878226885,2.0142704178382598e-7,1,0,0.0036207741085445334,1,1,-0.018043023878226885,1,-0.018043023878226885,1,-0.018043023878226885
BTC,2025-10-15,24,-0.02076379679586849,2.0032407741080635e-7,1,0,0.0036190150018563802,1,1,-0.02076379679586849,1,-0.02076379679586849,1,-0.02076379679586849
BTC,2025-10-16,24,-0.023745636489388707,2.0711781944447603e-7,1,0,0.0037549207943061965,1,1,-0.023745636489388707,1,-0.023745636489388707,1,-0.023745636489388707
BTC,2025-10-17,24,-0.016132981701706163,2.1579659756259058e-7,1,0,0.003903945746393993,1,1,-0.016132981701706163,1,-0.016132981701706163,1,-0.016132981701706163
BTC,2025-10-18,24,0.007002134857890511,2.2060026742501317e-7,1,0,0.0039136074300233905,1,1,0.007002134857890511,1,0.007002134857890511,1,0.007002134857890511
BTC,2025-10-19,24,0.013627006403740519,2.2241228591625697e-7,1,0,0.0039438915221558435,1,1,0.013627006403740519,1,0.013627006403740519,1,0.013627006403740519
BTC,2025-10-20,24,0.01737467091961954,2.2002048706537443e-7,1,0,0.004009161714494658,1,1,0.01737467091961954,1,0.01737467091961954,1,0.01737467091961954
BTC,2025-10-21,24,-0.01980423707333662,2.4760718610750874e-7,2,0,0.00434249297203084,1,1,-0.01980423707333662,1,-0.01980423707333662,1,-0.01980423707333662
BTC,2025-10-22,24,-0.007053945422310551,2.451797664977424e-7,2,0,0.004338547218134335,1,1,-0.007053945422310551,1,-0.007053945422310551,1,-0.007053945422310551
BTC,2025-10-23,24,0.022376959122336774,2.4930393090927447e-7,2,0,0.004389144338546142,1,1,0.022376959122336774,1,0.022376959122336774,1,0.022376959122336774
BTC,2025-10-24,24,0.0083228271273006,2.474254907276897e-7,2,0,0.004391570152548542,1,1,0.0083228271273006,1,0.0083228271273006,1,0.0083228271273006
BTC,2025-10-25,24,0.005795784558404813,2.429962798305346e-7,2,0,0.004292987547364367,1,1,0.005795784558404813,1,0.005795784558404813,1,0.005795784558404813
BTC,2025-10-26,24,0.025335296267951887,2.4515586483350333e-7,2,0,0.004298784887748011,1,1,0.025335296267951887,1,0.025335296267951887,1,0.025335296267951887
BTC,2025-10-27,24,-0.0031216282992955896,2.44156540105164e-7,2,0,0.004330518903955696,1,1,-0.0031216282992955896,1,-0.0031216282992955896,1,-0.0031216282992955896
BTC,2025-10-28,24,-0.010877762265228194,2.452130184877519e-7,2,0,0.004371865012910532,1,1,-0.010877762265228194,1,-0.010877762265228194,1,-0.010877762265228194
BTC,2025-10-29,24,-0.025234701434151387,2.429039652330343e-7,2,0,0.004401086404301348,1,1,-0.025234701434151387,1,-0.025234701434151387,1,-0.025234701434151387
BTC,2025-10-30,24,-0.016497105695914074,2.546266703520802e-7,2,0,0.0045687151951630525,1,1,-0.016497105695914074,1,-0.016497105695914074,1,-0.016497105695914074
BTC,2025-10-31,24,0.011475627573896864,2.5908819215347896e-7,2,0,0.004603279849060348,1,1,0.011475627573896864,1,0.011475627573896864,1,0.011475627573896864
BTC,2025-11-01,19,0.004238276751084937,2.6027018882846824e-7,2,0,0.004573659964611218,1,1,0.004238276751084937,1,0.004238276751084937,1,0.004238276751084937
BTC,2025-11-02,24,0.005182063348085056,2.614517428597956e-7,2,0,0.004561687064499785,1,1,0.005182063348085056,1,0.005182063348085056,1,0.005182063348085056
BTC,2025-11-03,24,-0.03732150720390264,2.660346809443224e-7,2,0,0.0046910738047471505,1,1,-0.03732150720390264,1,-0.03732150720390264,1,-0.03732150720390264
BTC,2025-11-04,24,-0.04807832625375512,2.7001109497108364e-7,2,0,0.004821615493785702,1,1,-0.04807832625375512,1,-0.04807832625375512,1,-0.04807832625375512
BTC,2025-11-05,24,0.023002679445671474,2.709239574992906e-7,2,0,0.004851287940071643,1,1,0.023002679445671474,1,0.023002679445671474,1,0.023002679445671474
BTC,2025-11-06,24,-0.025440221142672522,2.792360927348091e-7,2,0,0.004892759566078892,1,1,-0.025440221142672522,1,-0.025440221142672522,1,-0.025440221142672522
BTC,2025-11-07,24,0.01945410133373639,2.660631556179495e-7,2,0,0.00490435198676354,1,1,0.01945410133373639,1,0.01945410133373639,1,0.01945410133373639
BTC,2025-11-08,24,-0.009708096210746052,2.6345268015357875e-7,2,0,0.004835435622626161,1,1,-0.009708096210746052,1,-0.009708096210746052,1,-0.009708096210746052
BTC,2025-11-09,24,0.023649018025240866,2.6660616566249606e-7,2,0,0.004821099068804166,1,1,0.023649018025240866,1,0.023649018025240866,1,0.023649018025240866
BTC,2025-11-10,24,0.011803475480068258,2.70169180248296e-7,2,0,0.004695263063156444,1,1,0.011803475480068258,1,0.011803475480068258,1,0.011803475480068258
BTC,2025-11-11,24,-0.028346543108187044,2.681644745300125e-7,2,0,0.004656395593289539,1,1,-0.028346543108187044,1,-0.028346543108187044,1,-0.028346543108187044
BTC,2025-11-12,24,-0.01314180028123931,2.731609836769397e-7,2,0,0.004688784599974469,1,1,-0.01314180028123931,1,-0.01314180028123931,1,-0.01314180028123931
BTC,2025-11-13,24,-0.019732773952469206,2.8269614691928846e-7,2,0,0.004757407547204212,1,1,-0.019732773952469206,1,-0.019732773952469206,1,-0.019732773952469206
BTC,2025-11-14,24,-0.0531831717211914,2.903381112512772e-7,2,0,0.004913090550796769,1,1,-0.0531831717211914,1,-0.0531831717211914,1,-0.0531831717211914
BTC,2025-11-15,24,0.0107401408701463,2.9016623211718113e-7,2,0,0.0048496148328076106,1,1,0.0107401408701463,1,0.0107401408701463,1,0.0107401408701463
BTC,2025-11-16,24,-0.014207946879874112,2.91541619482442e-7,2,0,0.004764841654303271,1,1,-0.014207946879874112,1,-0.014207946879874112,1,-0.014207946879874112
BTC,2025-11-17,24,-0.022426022264057474,2.9315574236259016e-7,2,0,0.004877958992405875,1,1,-0.022426022264057474,1,-0.022426022264057474,1,-0.022426022264057474
BTC,2025-11-18,24,0.009345852318135298,2.942820326207087e-7,2,0,0.004963393854796604,1,1,0.009345852318135298,1,0.009345852318135298,1,0.009345852318135298
BTC,2025-11-19,24,-0.01668641456908919,3.010972014649423e-7,2,0,0.005081727399732558,1,1,-0.01668641456908919,1,-0.01668641456908919,1,-0.01668641456908919
BTC,2025-11-20,24,-0.05536940058563178,2.8608954828560224e-7,2,0,0.005062437695734363,1,1,-0.05536940058563178,1,-0.05536940058563178,1,-0.05536940058563178
BTC,2025-11-21,24,-0.01671170146959285,3.0204353805225875e-7,2,0,0.00537486440293858,1,1,-0.01671170146959285,1,-0.01671170146959285,1,-0.01671170146959285
BTC,2025-11-22,24,-0.004589128598180576,3.021075314601196e-7,2,0,0.005362212880087217,1,1,-0.004589128598180576,1,-0.004589128598180576,1,-0.004589128598180576
BTC,2025-11-23,24,0.024467953751329014,3.0491638180783825e-7,2,0,0.005406979924574376,1,1,0.024467953751329014,1,0.024467953751329014,1,0.024467953751329014
BTC,2025-11-24,24,0.017110722713545072,3.0895342783106147e-7,2,0,0.005501326104034638,2,1,0.017110722713545072,1,0.017110722713545072,1,0.017110722713545072
BTC,2025-11-25,24,-0.010805264315673014,3.0924179000321657e-7,2,0,0.00553339636994714,2,1,-0.010805264315673014,1,-0.010805264315673014,1,-0.010805264315673014
BTC,2025-11-26,24,0.03609257056036294,3.150130041833957e-7,2,0,0.0056114304686875225,2,1,0.03609257056036294,1,0.03609257056036294,1,0.03609257056036294
BTC,2025-11-27,24,0.008202794800375874,3.120608871267844e-7,2,0,0.00560371618197364,2,1,0.008202794800375874,1,0.008202794800375874,1,0.008202794800375874
BTC,2025-11-28,24,-0.004047337463773122,3.159085233613676e-7,2,0,0.005614968740437215,2,1,-0.004047337463773122,1,-0.004047337463773122,1,-0.004047337463773122
BTC,2025-11-29,24,-8.704441850458783e-4,3.1000319033547516e-7,2,0,0.005465662338867768,2,1,-8.704441850458783e-4,1,-8.704441850458783e-4,1,-8.704441850458783e-4
BTC,2025-11-30,24,-0.005073752313448482,3.07199308869735e-7,2,0,0.005392320292623574,1,1,-0.005073752313448482,1,-0.005073752313448482,1,-0.005073752313448482
BTC,2025-12-01,24,-0.046125910807865614,3.234156890164255e-7,2,0,0.0056573041723084255,2,1,-0.046125910807865614,1,-0.046125910807865614,1,-0.046125910807865614
BTC,2025-12-02,24,0.05646904276471888,3.3307067442306677e-7,2,0,0.005772553794551944,2,1,0.05646904276471888,1,0.05646904276471888,1,0.05646904276471888
BTC,2025-12-03,24,0.023212426660065205,3.312196108390202e-7,2,0,0.005721296097693245,2,1,0.023212426660065205,1,0.023212426660065205,1,0.023212426660065205
BTC,2025-12-04,24,-0.014173690475275532,3.301488760299816e-7,2,0,0.005608222267469591,2,1,-0.014173690475275532,1,-0.014173690475275532,1,-0.014173690475275532
BTC,2025-12-05,24,-0.030973133011916502,3.3733151063302244e-7,2,0,0.005639253279373515,2,1,-0.030973133011916502,1,-0.030973133011916502,1,-0.030973133011916502
BTC,2025-12-06,24,-0.0010337538895369537,3.3510363072039577e-7,2,0,0.005575517456261212,2,1,-0.0010337538895369537,1,-0.0010337538895369537,1,-0.0010337538895369537
BTC,2025-12-07,24,0.013301976238001993,3.5999363962060267e-7,2,0,0.005619638607475492,2,1,0.013301976238001993,1,0.013301976238001993,1,0.013301976238001993
BTC,2025-12-08,24,0.00237457396877195,3.5831546330338645e-7,2,0,0.005652356565773636,2,1,0.00237457396877195,1,0.00237457396877195,1,0.00237457396877195
BTC,2025-12-09,24,0.022385164416321046,3.65657483542117e-7,2,0,0.005752507630769315,2,1,0.022385164416321046,1,0.022385164416321046,1,0.022385164416321046
BTC,2025-12-10,24,-0.007388433476129375,3.5472412101685745e-7,2,0,0.005695243154706496,2,1,-0.007388433476129375,1,-0.007388433476129375,1,-0.007388433476129375
BTC,2025-12-11,24,0.005648018273949841,3.530856920724347e-7,2,0,0.005726759869114985,2,1,0.005648018273949841,1,0.005648018273949841,1,0.005648018273949841
BTC,2025-12-12,24,-0.024766852711161483,3.5778971763908314e-7,2,0,0.00576960256587085,2,1,-0.024766852711161483,1,-0.024766852711161483,1,-0.024766852711161483
BTC,2025-12-13,24,-2.5591130320427283e-4,3.54247251559951e-7,2,0,0.005653799455378275,2,1,-2.5591130320427283e-4,1,-2.5591130320427283e-4,1,-2.5591130320427283e-4
BTC,2025-12-14,24,-0.023441651680246436,3.4955187472476424e-7,2,0,0.005506931976626427,2,1,-0.023441651680246436,1,-0.023441651680246436,1,-0.023441651680246436
BTC,2025-12-15,24,-0.019802786092966814,3.49466946005177e-7,2,0,0.00555696096177774,2,1,-0.019802786092966814,1,-0.019802786092966814,1,-0.019802786092966814
BTC,2025-12-16,24,0.016140358993300498,3.4555086758112177e-7,2,0,0.005571397786181126,2,1,0.016140358993300498,1,0.016140358993300498,1,0.016140358993300498
BTC,2025-12-17,24,-0.018764285949173343,3.5500294075973425e-7,2,0,0.005646333463937404,2,1,-0.018764285949173343,1,-0.018764285949173343,1,-0.018764285949173343
BTC,2025-12-18,24,-0.008682977574991355,3.618518578771532e-7,2,0,0.00570414803233046,2,1,-0.008682977574991355,1,-0.008682977574991355,1,-0.008682977574991355
BTC,2025-12-19,24,0.0304538717969329,3.571565664212668e-7,2,0,0.005614086400920441,2,1,0.0304538717969329,1,0.0304538717969329,1,0.0304538717969329
BTC,2025-12-20,24,0.002639943089507891,3.5854223957614715e-7,2,0,0.005419260255048518,2,1,0.002639943089507891,1,0.002639943089507891,1,0.002639943089507891
BTC,2025-12-21,24,0.0032108924327679997,3.4684586504486463e-7,2,0,0.005060025108930555,1,1,0.0032108924327679997,1,0.0032108924327679997,1,0.0032108924327679997
BTC,2025-12-22,24,-8.805281931522383e-4,3.4191783754998074e-7,2,0,0.005053685121171346,1,1,-8.805281931522383e-4,1,-8.805281931522383e-4,1,-8.805281931522383e-4
BTC,2025-12-23,24,-0.012818954286633426,3.421791002274431e-7,2,0,0.005033520725055122,1,1,-0.012818954286633426,1,-0.012818954286633426,1,-0.012818954286633426
BTC,2025-12-24,24,0.002254470329012053,3.347123072122216e-7,2,0,0.004940933256907167,1,1,0.002254470329012053,1,0.002254470329012053,1,0.002254470329012053
BTC,2025-12-25,24,-0.0047559835362591465,3.360847566081212e-7,2,0,0.0049002515052394375,1,1,-0.0047559835362591465,1,-0.0047559835362591465,1,-0.0047559835362591465
BTC,2025-12-26,24,0.0012103042366437482,3.3829326045872897e-7,2,0,0.004898062833772294,1,1,0.0012103042366437482,1,0.0012103042366437482,1,0.0012103042366437482
BTC,2025-12-27,24,0.0056994138501540725,3.426926655405964e-7,2,0,0.004874713062114924,1,1,0.0056994138501540725,1,0.0056994138501540725,1,0.0056994138501540725
BTC,2025-12-28,24,5.772649983054646e-4,3.388210238076545e-7,2,0,0.004800395009411097,1,1,5.772649983054646e-4,1,5.772649983054646e-4,1,5.772649983054646e-4
BTC,2025-12-29,24,-0.008208590200784422,3.313862394327454e-7,2,0,0.004863430321409606,1,1,-0.008208590200784422,1,-0.008208590200784422,1,-0.008208590200784422
BTC,2025-12-30,24,0.014433674868884168,3.271690754384843e-7,2,0,0.00486205893932364,1,1,0.014433674868884168,1,0.014433674868884168,1,0.014433674868884168
BTC,2025-12-31,24,-0.010253526405233249,3.0112732463071733e-7,2,0,0.004561879108977942,1,1,-0.010253526405233249,1,-0.010253526405233249,1,-0.010253526405233249
SOL,2021-07-29,12,0.10305207105638929,5.8811472024743766e-8,1,0,0.012739501516558374,1,1,0.10045207105638929,1,0.10045207105638929,1,0.10045207105638929
SOL,2021-07-30,24,0.036756140125119643,5.794195453139847e-8,1,0,0.012715452139448021,1,1,0.036756140125119643,1,0.036756140125119643,1,0.036756140125119643
SOL,2021-07-31,24,0.12400123875299456,5.5591186545499334e-8,1,0,0.01256787803011066,1,1,0.12400123875299456,1,0.12400123875299456,1,0.12400123875299456
SOL,2021-08-01,24,-0.0670484804407629,5.406677715694025e-8,1,0,0.012506321132836092,1,1,-0.0670484804407629,1,-0.0670484804407629,1,-0.0670484804407629
SOL,2021-08-02,24,-0.032877239231106026,5.388913260516733e-8,1,0,0.012515934706726774,1,1,-0.032877239231106026,1,-0.032877239231106026,1,-0.032877239231106026
SOL,2021-08-03,24,0.025566196284220015,5.330458022206229e-8,1,0,0.012593047551738635,1,1,0.025566196284220015,1,0.025566196284220015,1,0.025566196284220015
SOL,2021-08-04,24,0.04869232159805165,5.178583319501949e-8,1,0,0.012569712009787402,1,1,0.04869232159805165,1,0.04869232159805165,1,0.04869232159805165
SOL,2021-08-05,24,0.04349106008971543,5.078560767045984e-8,1,0,0.012537663632504541,1,1,0.04349106008971543,1,0.04349106008971543,1,0.04349106008971543
SOL,2021-08-06,24,0.055446861937915926,5.1476033188316604e-8,1,0,0.01253046413831234,1,1,0.055446861937915926,1,0.055446861937915926,1,0.055446861937915926
SOL,2021-08-07,24,-0.001774173573983559,5.090266475791543e-8,1,0,0.012330851771822115,1,1,-0.001774173573983559,1,-0.001774173573983559,1,-0.001774173573983559
SOL,2021-08-08,24,-0.04620598700739558,5.1210753162808115e-8,1,0,0.012309675338488568,1,1,-0.04620598700739558,1,-0.04620598700739558,1,-0.04620598700739558
SOL,2021-08-09,24,0.03035293191204887,5.0510166318565446e-8,1,0,0.012343373090981,1,1,0.03035293191204887,1,0.03035293191204887,1,0.03035293191204887
SOL,2021-08-10,24,0.04707047328990531,5.050001899202568e-8,1,0,0.012526120317174013,1,1,0.04707047328990531,1,0.04707047328990531,1,0.04707047328990531
SOL,2021-08-11,24,0.025250188289720886,5.01608084694052e-8,1,0,0.012539666775796973,1,1,0.025250188289720886,1,0.025250188289720886,1,0.025250188289720886
SOL,2021-08-12,24,-0.016924968804886212,5.1614554673365484e-8,1,0,0.012732259332728518,2,1,-0.016924968804886212,1,-0.016924968804886212,1,-0.016924968804886212
SOL,2021-08-13,24,0.09062185534424064,4.81789666145287e-8,1,0,0.012502294183289806,1,1,0.09062185534424064,1,0.09062185534424064,1,0.09062185534424064
SOL,2021-08-14,24,-0.016391969139772946,4.787625912179547e-8,1,0,0.012410563739239438,1,1,-0.016391969139772946,1,-0.016391969139772946,1,-0.016391969139772946
SOL,2021-08-15,24,0.19088788510233812,4.967063885821723e-8,1,0,0.012657337939142052,2,1,0.19088788510233812,1,0.19088788510233812,1,0.19088788510233812
SOL,2021-08-16,24,0.1506171072459472,4.963437506574792e-8,1,0,0.013452020500419744,3,1,0.1506171072459472,1,0.1506171072459472,0.5416666666666666,0.18218142943599888
SOL,2021-08-17,24,0.0321408177249905,5.329841610827034e-8,2,0,0.014794749681874107,3,1,0.0321408177249905,1,0.0321408177249905,0,0
SOL,2021-08-18,24,0.12602431952092938,5.171317124114103e-8,2,0,0.015402783889262514,3,1,0.12602431952092938,1,0.12602431952092938,0,0
SOL,2021-08-19,24,-1.3737207247390033e-4,4.995105397771799e-8,1,0,0.01562599948912,3,1,-1.3737207247390033e-4,1,-1.3737207247390033e-4,0,0
SOL,2021-08-20,24,0.07996873027888067,4.693843064228499e-8,1,0,0.015511158393565018,3,1,0.07996873027888067,1,0.07996873027888067,0,0
SOL,2021-08-21,24,-0.06618858180262077,4.473873742156184e-8,1,0,0.015436843236872123,3,1,-0.06618858180262077,1,-0.06618858180262077,0,0
SOL,2021-08-22,24,-0.015567704813370964,4.35864763278617e-8,1,0,0.015347051262134872,3,1,-0.015567704813370964,1,-0.015567704813370964,0,0
SOL,2021-08-23,24,0.04006200307488257,4.253406715093604e-8,1,0,0.015301677863119667,3,1,0.04006200307488257,1,0.04006200307488257,0,0
SOL,2021-08-24,24,-0.06557039010240724,4.068058323475254e-8,1,0,0.015341702064333185,3,1,-0.06557039010240724,1,-0.06557039010240724,0,0
SOL,2021-08-25,24,0.01568879356784538,3.978242348093591e-8,1,0,0.015281422863704578,3,1,0.01568879356784538,1,0.01568879356784538,0,0
SOL,2021-08-26,24,0.03804399072396124,3.955261656728741e-8,1,0,0.015680189736427607,3,1,0.03804399072396124,1,0.03804399072396124,0,0
SOL,2021-08-27,24,0.1632077476001318,3.7912343582601665e-8,1,0,0.015865403190665952,3,1,0.1632077476001318,1,0.1632077476001318,0,0
SOL,2021-08-28,24,0.08962190000895462,3.6655178381961954e-8,1,0,0.015840897151913315,3,1,0.08962190000895462,1,0.08962190000895462,0,0
SOL,2021-08-29,24,-0.02057599359849286,3.546517414791393e-8,1,0,0.015660703955827235,3,1,-0.02057599359849286,1,-0.02057599359849286,0,0
SOL,2021-08-30,24,0.15756927971686274,3.483575808761389e-8,1,0,0.0160782469752333,3,1,0.15756927971686274,1,0.15756927971686274,0,0
SOL,2021-08-31,24,-0.018010268779247145,3.3472782134219797e-8,1,0,0.01658513565422702,3,1,-0.018010268779247145,1,-0.018010268779247145,0,0
SOL,2021-09-01,24,0.02198893394268833,3.19404167199993e-8,1,0,0.01664695740538232,3,1,0.02198893394268833,1,0.02198893394268833,0,0
SOL,2021-09-02,24,0.14655424867335679,3.064389909015817e-8,1,0,0.016756429828330893,3,1,0.14655424867335679,1,0.14655424867335679,0,0
SOL,2021-09-03,24,0.1325858951200879,3.0027878021320405e-8,1,0,0.017026778612902336,3,1,0.1325858951200879,1,0.1325858951200879,0,0
SOL,2021-09-04,24,-0.052843010553165905,2.933176985994932e-8,1,0,0.0170784582521667,3,1,-0.052843010553165905,1,-0.052843010553165905,0,0
SOL,2021-09-05,24,0.0231203611806278,2.889081180345299e-8,1,0,0.01705143032106769,3,1,0.0231203611806278,1,0.0231203611806278,0,0
SOL,2021-09-06,24,0.14567605283628654,2.8400431885434918e-8,1,0,0.017184321987958537,3,1,0.14567605283628654,1,0.14567605283628654,0,0
SOL,2021-09-07,24,0.052171328255857644,2.951530426729475e-8,1,0,0.01888349167657414,3,1,0.052171328255857644,1,0.052171328255857644,0,0
SOL,2021-09-08,24,0.09708681206077281,2.9478843021797634e-8,1,0,0.019770829803726707,3,1,0.09708681206077281,1,0.09708681206077281,0,0
SOL,2021-09-09,24,-0.017856673949932112,2.8960703290729112e-8,1,0,0.020318805728519063,3,1,-0.017856673949932112,1,-0.017856673949932112,0,0
SOL,2021-09-10,24,-0.043691245479461495,2.8430502450468653e-8,1,0,0.0206426117070491,3,1,-0.043691245479461495,1,-0.043691245479461495,0,0
SOL,2021-09-11,24,-0.002899845886652079,2.780763898579968e-8,1,0,0.020637619782350538,3,1,-0.002899845886652079,1,-0.002899845886652079,0,0
SOL,2021-09-12,24,-0.026082777573226943,2.773364052516964e-8,1,0,0.02068439648652692,3,1,-0.026082777573226943,1,-0.026082777573226943,0,0
SOL,2021-09-13,24,-0.027016893755535856,2.7876435459908967e-8,1,0,0.02110691352050535,3,1,-0.027016893755535856,1,-0.027016893755535856,0,0
SOL,2021-09-14,24,-0.06729063610444601,2.7143577486240764e-8,1,0,0.021162540745049318,3,1,-0.06729063610444601,1,-0.06729063610444601,0,0
SOL,2021-09-15,24,5.038100742629035e-4,2.6180806679525196e-8,1,0,0.020761458769688178,3,1,5.038100742629035e-4,1,5.038100742629035e-4,0,0
SOL,2021-09-16,24,-0.04211351633276756,2.4429809622590815e-8,1,0,0.019920117393709438,3,1,-0.04211351633276756,1,-0.04211351633276756,0,0
SOL,2021-09-17,24,-0.03229961815272829,2.3855640706318953e-8,1,0,0.019578156325132642,3,1,-0.03229961815272829,1,-0.03229961815272829,0,0
SOL,2021-09-18,24,0.13913658469149207,2.3774657128665085e-8,1,0,0.01947707907616706,3,1,0.13913658469149207,1,0.13913658469149207,0,0
SOL,2021-09-19,24,-0.10460672619157273,2.4011823094449818e-8,1,0,0.019480356919944763,3,1,-0.10460672619157273,1,-0.10460672619157273,0,0
SOL,2021-09-20,24,-0.1388810567170753,2.420237438115982e-8,1,0,0.019713274247117683,3,1,-0.1388810567170753,1,-0.1388810567170753,0,0
SOL,2021-09-21,24,-0.06870790762973075,2.4409341575716032e-8,1,0,0.020092732767339555,3,1,-0.06870790762973075,1,-0.06870790762973075,0,0
SOL,2021-09-22,24,0.17820050534730536,2.436131911468104e-8,1,0,0.020252797778553513,3,1,0.17820050534730536,1,0.17820050534730536,0,0
SOL,2021-09-23,24,0.010538071142317815,2.437523453031998e-8,1,0,0.020216677026774963,3,1,0.010538071142317815,1,0.010538071142317815,0,0
SOL,2021-09-24,24,-0.07290172106106589,2.4302367965618515e-8,1,0,0.020257093513608226,3,1,-0.07290172106106589,1,-0.07290172106106589,0,0
SOL,2021-09-25,24,-0.02302960374047113,2.3888340423806263e-8,1,0,0.019931604394405462,3,1,-0.02302960374047113,1,-0.02302960374047113,0,0
SOL,2021-09-26,24,-0.0026492031094875468,2.411519189048346e-8,1,0,0.019856450881085053,3,1,-0.0026492031094875468,1,-0.0026492031094875468,0,0
SOL,2021-09-27,24,0.00433808260920775,2.4466131517703617e-8,1,0,0.019992600358702782,3,1,0.00433808260920775,1,0.00433808260920775,0,0
SOL,2021-09-28,24,-0.030466771180481744,2.4449224106653212e-8,1,0,0.020012985751231286,3,1,-0.030466771180481744,1,-0.030466771180481744,0,0
SOL,2021-09-29,24,0.022733350204585584,2.400657504978605e-8,1,0,0.019559104336917668,3,1,0.022733350204585584,1,0.022733350204585584,0,0
SOL,2021-09-30,24,0.0437603719638912,2.412627982468659e-8,1,0,0.019140220532468184,3,1,0.0437603719638912,1,0.0437603719638912,0,0
SOL,2021-10-01,24,0.1359082542553864,2.4405359393738184e-8,1,0,0.019196858260955966,3,1,0.1359082542553864,1,0.1359082542553864,0,0
SOL,2021-10-02,24,0.043105170977204454,2.4838827234918463e-8,1,0,0.019103866463630426,3,1,0.043105170977204454,1,0.043105170977204454,0,0
SOL,2021-10-03,24,0.022930344876357492,2.5039927962216108e-8,1,0,0.018894471347554585,2,1,0.022930344876357492,1,0.022930344876357492,0.08333333333333336,0.018615839150272658
SOL,2021-10-04,24,-0.033757983528420916,2.5498379006150554e-8,1,0,0.01891409823297648,3,1,-0.033757983528420916,1,-0.033757983528420916,0.7916666666666667,-0.05625980824883626
SOL,2021-10-05,24,-0.015006157384893117,2.5577497842387105e-8,1,0,0.01892142624434445,3,1,-0.015006157384893117,1,-0.015006157384893117,0.7083333333333333,-0.01685507409052417
SOL,2021-10-06,24,-0.0665280715923553,2.5635942493852472e-8,1,0,0.018822645438113173,2,1,-0.0665280715923553,1,-0.0665280715923553,0.375,-0.061069453237582075
SOL,2021-10-07,24,0.0016211137356950279,2.3910704208044765e-8,1,0,0.017095448408770336,2,1,0.0016211137356950279,1,0.0016211137356950279,1,0.0016211137356950279
SOL,2021-10-08,24,0.02817267674334377,2.3470435395262135e-8,1,0,0.01614594947928459,2,1,0.02817267674334377,1,0.02817267674334377,1,0.02817267674334377
SOL,2021-10-09,24,-0.012104460348669573,2.3325860434095298e-8,1,0,0.01532784503575602,2,1,-0.012104460348669573,1,-0.012104460348669573,1,-0.012104460348669573
SOL,2021-10-10,24,-0.05963684153314676,2.382926989581408e-8,1,0,0.01490594651090906,1,1,-0.05963684153314676,1,-0.05963684153314676,1,-0.05963684153314676
SOL,2021-10-11,24,-0.01926947220984902,2.3889324147768505e-8,1,0,0.014710718043203437,1,1,-0.01926947220984902,1,-0.01926947220984902,1,-0.01926947220984902
SOL,2021-10-12,24,0.050451212324524326,2.477567908850918e-8,1,0,0.014893374335934424,1,1,0.050451212324524326,1,0.050451212324524326,1,0.050451212324524326
SOL,2021-10-13,24,-0.028545801986085757,2.41075633651908e-8,1,0,0.014293282104785733,1,1,-0.028545801986085757,1,-0.028545801986085757,1,-0.028545801986085757
SOL,2021-10-14,24,0.011142550509716251,2.455321447893569e-8,1,0,0.013936350298134493,1,1,0.011142550509716251,1,0.011142550509716251,1,0.011142550509716251
SOL,2021-10-15,24,0.08579242463665261,2.5413023610725576e-8,1,0,0.013921466482371438,1,1,0.08579242463665261,1,0.08579242463665261,1,0.08579242463665261
SOL,2021-10-16,24,-0.03605230161891012,2.5451905888961427e-8,1,0,0.013758185537113528,1,1,-0.03605230161891012,1,-0.03605230161891012,1,-0.03605230161891012
SOL,2021-10-17,24,0.013813332633499736,2.640388783498133e-8,2,0,0.013581313100330342,1,1,0.013813332633499736,1,0.013813332633499736,1,0.013813332633499736
SOL,2021-10-18,24,-0.014893623781676631,2.5822771434970578e-8,2,0,0.013262552997947308,1,1,-0.014893623781676631,1,-0.014893623781676631,1,-0.014893623781676631
SOL,2021-10-19,24,-0.008171649149319355,2.5622556545287533e-8,1,0,0.013120330553826337,1,1,-0.008171649149319355,1,-0.008171649149319355,1,-0.008171649149319355
SOL,2021-10-20,24,0.12442757837505168,2.5237644961771405e-8,1,0,0.012751551130097497,1,1,0.12442757837505168,1,0.12442757837505168,1,0.12442757837505168
SOL,2021-10-21,24,0.07484353673267587,2.419026690578903e-8,1,0,0.012399364097237816,1,1,0.07484353673267587,1,0.07484353673267587,1,0.07484353673267587
SOL,2021-10-22,24,0.029752550298296737,2.3893909715802986e-8,1,0,0.012339210735719109,1,1,0.029752550298296737,1,0.029752550298296737,1,0.029752550298296737
SOL,2021-10-23,24,0.008022791077176567,2.384633759767236e-8,1,0,0.012254654939428256,1,1,0.008022791077176567,1,0.008022791077176567,1,0.008022791077176567
SOL,2021-10-24,24,0.022849280440961208,2.3411617866932446e-8,1,0,0.011947941373500895,1,1,0.022849280440961208,1,0.022849280440961208,1,0.022849280440961208
SOL,2021-10-25,24,0.03859311597398484,2.3203491906505712e-8,1,0,0.01196491156451552,1,1,0.03859311597398484,1,0.03859311597398484,1,0.03859311597398484
SOL,2021-10-26,24,-0.05137840567060434,2.2394956813865366e-8,1,0,0.01173294649381808,1,1,-0.05137840567060434,1,-0.05137840567060434,1,-0.05137840567060434
SOL,2021-10-27,24,-0.07969646678236557,2.1632291074033676e-08,1,0,0.011572497413334356,1,1,-0.07969646678236557,1,-0.07969646678236557,1,-0.07969646678236557
SOL,2021-10-28,24,0.056088480812126584,2.248196601767478e-8,1,0,0.01176719180044745,1,1,0.056088480812126584,1,0.056088480812126584,1,0.056088480812126584
SOL,2021-10-29,24,0.02600834717676698,2.2518843616858184e-8,1,0,0.011737721291227762,1,1,0.02600834717676698,1,0.02600834717676698,1,0.02600834717676698
SOL,2021-10-30,24,-0.022835041207493908,2.2418260579659082e-8,1,0,0.011662194119855364,1,1,-0.022835041207493908,1,-0.022835041207493908,1,-0.022835041207493908
SOL,2021-10-31,24,0.035836415294582,2.2683099465800018e-8,1,0,0.011434342937450197,1,1,0.035836415294582,1,0.035836415294582,1,0.035836415294582
SOL,2021-11-01,24,0.0037399777858893573,2.273539514240888e-8,1,0,0.011401541536361543,1,1,0.0037399777858893573,1,0.0037399777858893573,1,0.0037399777858893573
SOL,2021-11-02,24,0.08304951391752238,2.23951732901642e-8,1,0,0.011374383239479978,1,1,0.08304951391752238,1,0.08304951391752238,1,0.08304951391752238
SOL,2021-11-03,24,0.09460310574585969,2.2265915179164543e-8,1,0,0.011534805555367938,1,1,0.09460310574585969,1,0.09460310574585969,1,0.09460310574585969
SOL,2021-11-04,24,0.016760510603893237,2.269083871006097e-8,1,0,0.01169696656913318,1,1,0.016760510603893237,1,0.016760510603893237,1,0.016760510603893237
SOL,2021-11-05,24,-0.045080618239766446,2.2729377221582306e-8,1,0,0.011609183941721845,1,1,-0.045080618239766446,1,-0.045080618239766446,1,-0.045080618239766446
SOL,2021-11-06,24,0.09011243844592065,2.2419772127862222e-8,1,0,0.011582056611477884,1,1,0.09011243844592065,1,0.09011243844592065,1,0.09011243844592065
SOL,2021-11-07,24,-0.03545312580711078,2.1748541926258385e-8,1,0,0.01135687189426196,1,1,-0.03545312580711078,1,-0.03545312580711078,1,-0.03545312580711078
SOL,2021-11-08,24,-0.004496193845056069,2.1401861268957092e-8,1,0,0.011424640236297735,1,1,-0.004496193845056069,1,-0.004496193845056069,1,-0.004496193845056069
SOL,2021-11-09,24,-0.039014731311139444,2.0790366405651874e-8,1,0,0.011364640862494498,1,1,-0.039014731311139444,1,-0.039014731311139444,1,-0.039014731311139444
SOL,2021-11-10,24,-0.023406989957757078,2.0636570289413427e-8,1,0,0.011442208475914078,1,1,-0.023406989957757078,1,-0.023406989957757078,1,-0.023406989957757078
SOL,2021-11-11,24,0.001027309396058591,1.9626999539373608e-8,1,0,0.011090331485672997,1,1,0.001027309396058591,1,0.001027309396058591,1,0.001027309396058591
SOL,2021-11-12,24,-0.021448543407483846,1.950215895915669e-8,1,0,0.011145250455576215,1,1,-0.021448543407483846,1,-0.021448543407483846,1,-0.021448543407483846
SOL,2021-11-13,24,0.05468817217301301,1.9466765689917298e-8,1,0,0.011179480819895813,1,1,0.05468817217301301,1,0.05468817217301301,1,0.05468817217301301
SOL,2021-11-14,24,-0.012702417633387053,1.910445325576235e-8,1,0,0.010947379062145912,1,1,-0.012702417633387053,1,-0.012702417633387053,1,-0.012702417633387053
SOL,2021-11-15,24,-0.0030643323380543665,1.8872946704916005e-8,1,0,0.010917153385071553,1,1,-0.0030643323380543665,1,-0.0030643323380543665,1,-0.0030643323380543665
SOL,2021-11-16,24,-0.08169771022523857,1.8855263111501128e-8,1,0,0.011024513641822964,1,1,-0.08169771022523857,1,-0.08169771022523857,1,-0.08169771022523857
SOL,2021-11-17,24,-5.932416264523184e-4,1.9012546052490387e-8,1,0,0.011173867483835715,1,1,-5.932416264523184e-4,1,-5.932416264523184e-4,1,-5.932416264523184e-4
SOL,2021-11-18,24,-0.11377978443500912,1.9029088420919265e-8,1,0,0.011388181155062408,1,1,-0.11377978443500912,1,-0.11377978443500912,1,-0.11377978443500912
SOL,2021-11-19,24,0.09651376468035769,2.022743578299837e-8,1,0,0.01165693355028281,1,1,0.09651376468035769,1,0.09651376468035769,1,0.09651376468035769
SOL,2021-11-20,24,0.012461508007455695,2.0797062753760803e-8,1,0,0.01142447663574116,1,1,0.012461508007455695,1,0.012461508007455695,1,0.012461508007455695
SOL,2021-11-21,24,0.055403723163969944,2.149011124747505e-8,1,0,0.011280970481697159,1,1,0.055403723163969944,1,0.055403723163969944,1,0.055403723163969944
SOL,2021-11-22,24,-0.06577749931288872,2.2345182023845166e-8,1,0,0.011452590294662212,1,1,-0.06577749931288872,1,-0.06577749931288872,1,-0.06577749931288872
SOL,2021-11-23,24,0.028103931015227963,2.235045082885928e-8,1,0,0.011420077398008965,1,1,0.028103931015227963,1,0.028103931015227963,1,0.028103931015227963
SOL,2021-11-24,24,-0.07444078777694033,2.2541911695182716e-8,1,0,0.011414398668132104,1,1,-0.07444078777694033,1,-0.07444078777694033,1,-0.07444078777694033
SOL,2021-11-25,24,0.01827852717261553,2.3053611580291827e-8,1,0,0.011431017230018011,1,1,0.01827852717261553,1,0.01827852717261553,1,0.01827852717261553
SOL,2021-11-26,24,-0.08907607743075757,2.3618156375397277e-8,1,0,0.011599487269104767,1,1,-0.08907607743075757,1,-0.08907607743075757,1,-0.08907607743075757
SOL,2021-11-27,24,0.005663382502677306,2.3217408709909493e-8,1,0,0.011365320991164852,1,1,0.005663382502677306,1,0.005663382502677306,1,0.005663382502677306
SOL,2021-11-28,24,0.038869932463349875,2.3559423307193894e-8,1,0,0.011453266446916311,1,1,0.038869932463349875,1,0.038869932463349875,1,0.038869932463349875
SOL,2021-11-29,24,0.017292066658958157,2.3562491854205424e-8,1,0,0.011514258761719201,1,1,0.017292066658958157,1,0.017292066658958157,1,0.017292066658958157
SOL,2021-11-30,24,0.02242496198485926,2.3508065582554743e-8,1,0,0.011531057120631405,1,1,0.02242496198485926,1,0.02242496198485926,1,0.02242496198485926
SOL,2021-12-01,24,0.09670686757583472,2.33801848617413e-8,1,0,0.01155115178287429,1,1,0.09670686757583472,1,0.09670686757583472,1,0.09670686757583472
SOL,2021-12-02,24,0.016986095588557147,2.3896629472263004e-8,2,0,0.01166218997226555,1,1,0.016986095588557147,1,0.016986095588557147,1,0.016986095588557147
SOL,2021-12-03,24,-0.10032422532153201,2.3480988377161805e-8,1,0,0.011502580789303097,1,1,-0.10032422532153201,1,-0.10032422532153201,1,-0.10032422532153201
SOL,2021-12-04,24,-0.05079595514220678,2.3943974660638868e-8,2,0,0.011878010498820988,1,1,-0.05079595514220678,1,-0.05079595514220678,1,-0.05079595514220678
SOL,2021-12-05,24,-0.022628812903159667,2.4406040259638594e-8,2,0,0.012042821189305388,1,1,-0.022628812903159667,1,-0.022628812903159667,1,-0.022628812903159667
SOL,2021-12-06,24,-0.012538867932415852,2.488854302708214e-8,2,0,0.012272184549136391,1,1,-0.012538867932415852,1,-0.012538867932415852,1,-0.012538867932415852
SOL,2021-12-07,24,-0.019396879680044686,2.451696744211573e-8,2,0,0.012323655321476518,1,1,-0.019396879680044686,1,-0.019396879680044686,1,-0.019396879680044686
SOL,2021-12-08,24,0.021094978732182964,2.468155910926721e-8,2,0,0.012362648753612898,2,1,0.021094978732182964,1,0.021094978732182964,1,0.021094978732182964
SOL,2021-12-09,24,-0.07033420401692406,2.4778700637149853e-8,2,0,0.012393327835939457,2,1,-0.07033420401692406,1,-0.07033420401692406,1,-0.07033420401692406
SOL,2021-12-10,24,-0.08024957997200496,2.508155475476449e-8,2,0,0.012396118969813182,2,1,-0.08024957997200496,1,-0.08024957997200496,1,-0.08024957997200496
SOL,2021-12-11,24,0.02706453331923168,2.4767199589108285e-8,2,0,0.012433303437119817,2,1,0.02706453331923168,1,0.02706453331923168,1,0.02706453331923168
SOL,2021-12-12,24,0.00793815913395179,2.4967580560780476e-8,2,0,0.012353175400018599,2,1,0.00793815913395179,1,0.00793815913395179,1,0.00793815913395179
SOL,2021-12-13,24,-0.11097444364669831,2.4443425576480912e-8,2,0,0.012445338250655172,2,1,-0.11097444364669831,1,-0.11097444364669831,1,-0.11097444364669831
SOL,2021-12-14,24,0.039513342129109716,2.4547359868413336e-8,2,0,0.012631648451503042,2,1,0.039513342129109716,1,0.039513342129109716,1,0.039513342129109716
SOL,2021-12-15,24,0.10058219475800867,2.4907648190786694e-8,2,0,0.01292333105963107,2,1,0.10058219475800867,1,0.10058219475800867,1,0.10058219475800867
SOL,2021-12-16,24,-0.00827451176305029,2.4608610310093038e-8,2,0,0.012812105708677022,2,1,-0.00827451176305029,1,-0.00827451176305029,1,-0.00827451176305029
SOL,2021-12-17,24,-0.006407552188326356,2.468703296840299e-8,2,0,0.012823791907641331,2,1,-0.006407552188326356,1,-0.006407552188326356,1,-0.006407552188326356
SOL,2021-12-18,24,0.03811739037639471,2.4836906534294955e-8,2,0,0.012678187350302168,2,1,0.03811739037639471,1,0.03811739037639471,1,0.03811739037639471
SOL,2021-12-19,24,-0.013451139964900183,2.3936492549771815e-8,1,0,0.012390931979440753,2,1,-0.013451139964900183,1,-0.013451139964900183,1,-0.013451139964900183
SOL,2021-12-20,24,-0.03530343180323215,2.3715377438213943e-8,1,0,0.012383368393614019,2,1,-0.03530343180323215,1,-0.03530343180323215,1,-0.03530343180323215
SOL,2021-12-21,24,0.033136583718142015,2.3018360682501628e-8,1,0,0.012302515932418084,1,1,0.033136583718142015,1,0.033136583718142015,1,0.033136583718142015
SOL,2021-12-22,24,-0.012368291534023173,2.226665502404891e-8,1,0,0.012157062500516139,1,1,-0.012368291534023173,1,-0.012368291534023173,1,-0.012368291534023173
SOL,2021-12-23,24,0.06849719736000406,2.187625265280262e-8,1,0,0.012099568427163147,1,1,0.06849719736000406,1,0.06849719736000406,1,0.06849719736000406
SOL,2021-12-24,24,9.46073864321577e-4,2.18041707773216e-8,1,0,0.012040841066589572,1,1,9.46073864321577e-4,1,9.46073864321577e-4,1,9.46073864321577e-4
SOL,2021-12-25,24,0.014032938488269996,2.17082747633961e-8,1,0,0.011977916393823857,1,1,0.014032938488269996,1,0.014032938488269996,1,0.014032938488269996
SOL,2021-12-26,24,0.025218082746664018,2.134260449576896e-8,1,0,0.011651425903405125,1,1,0.025218082746664018,1,0.025218082746664018,1,0.025218082746664018
SOL,2021-12-27,24,-0.011685937273432897,2.0939397240913217e-8,1,0,0.01160582958203598,1,1,-0.011685937273432897,1,-0.011685937273432897,1,-0.011685937273432897
SOL,2021-12-28,24,-0.09875557276431443,2.036807504320176e-8,1,0,0.011534081966511985,1,1,-0.09875557276431443,1,-0.09875557276431443,1,-0.09875557276431443
SOL,2021-12-29,24,-0.03870412071178934,2.0370432161132426e-8,1,0,0.011511562626980564,1,1,-0.03870412071178934,1,-0.03870412071178934,1,-0.03870412071178934
SOL,2021-12-30,24,0.01142736315751081,2.0006360451016778e-8,1,0,0.011360386030070084,1,1,0.01142736315751081,1,0.01142736315751081,1,0.01142736315751081
SOL,2021-12-31,24,-0.015304931026344427,1.999082344944033e-8,1,0,0.011247255755176206,1,1,-0.015304931026344427,1,-0.015304931026344427,1,-0.015304931026344427
SOL,2022-01-01,24,0.052293500395684686,1.9599892991143644e-8,1,0,0.01101049623485826,1,1,0.052293500395684686,1,0.052293500395684686,1,0.052293500395684686
SOL,2022-01-02,24,-0.014631662268063766,1.9585158350836395e-8,1,0,0.010791789675956454,1,1,-0.014631662268063766,1,-0.014631662268063766,1,-0.014631662268063766
SOL,2022-01-03,24,-0.03660282761504449,1.82790119263977e-8,1,0,0.010079188057468774,1,1,-0.03660282761504449,1,-0.03660282761504449,1,-0.03660282761504449
SOL,2022-01-04,24,-0.013378521924540632,1.7570428878624165e-8,1,0,0.009801711551271094,1,1,-0.013378521924540632,1,-0.013378521924540632,1,-0.013378521924540632
SOL,2022-01-05,24,-0.08335569851139851,1.686184086915085e-8,1,0,0.00952262674212688,1,1,-0.08335569851139851,1,-0.08335569851139851,1,-0.08335569851139851
SOL,2022-01-06,24,-0.02704996858069309,1.7051003311377755e-8,1,0,0.009545923159350229,1,1,-0.02704996858069309,1,-0.02704996858069309,1,-0.02704996858069309
SOL,2022-01-07,24,-0.09728870974297567,1.7678631840993834e-8,1,0,0.00977262961747083,1,1,-0.09728870974297567,1,-0.09728870974297567,1,-0.09728870974297567
SOL,2022-01-08,24,0.041452617905016836,1.918880493734082e-8,1,0,0.010177268253277824,1,1,0.041452617905016836,1,0.041452617905016836,1,0.041452617905016836
SOL,2022-01-09,24,-0.008835540780673428,1.93863392726118e-8,1,0,0.010153813353986522,1,1,-0.008835540780673428,1,-0.008835540780673428,1,-0.008835540780673428
SOL,2022-01-10,24,-0.035114140701514175,2.000859068358507e-8,1,0,0.010269232598661766,1,1,-0.035114140701514175,1,-0.035114140701514175,1,-0.035114140701514175
SOL,2022-01-11,24,0.030345957451310787,2.0068224122594076e-8,1,0,0.01029716655746537,1,1,0.030345957451310787,1,0.030345957451310787,1,0.030345957451310787
SOL,2022-01-12,24,0.07805427507822146,2.0622113414367913e-8,1,0,0.010245848615237719,1,1,0.07805427507822146,1,0.07805427507822146,1,0.07805427507822146
SOL,2022-01-13,24,-0.03764897458215339,2.0202102797708664e-8,1,0,0.010101529039383467,1,1,-0.03764897458215339,1,-0.03764897458215339,1,-0.03764897458215339
SOL,2022-01-14,24,0.0017797252969228954,1.9898654545185375e-8,1,0,0.009804101136817105,1,1,0.0017797252969228954,1,0.0017797252969228954,1,0.0017797252969228954
SOL,2022-01-15,24,0.010070852672163812,1.9888380733915685e-8,1,0,0.009628675982615544,1,1,0.010070852672163812,1,0.010070852672163812,1,0.010070852672163812
SOL,2022-01-16,24,0.0012855646413437874,1.944380143339033e-8,1,0,0.009394473245689178,1,1,0.0012855646413437874,1,0.0012855646413437874,1,0.0012855646413437874
SOL,2022-01-17,24,-0.05561235469033862,1.9372406300162364e-8,1,0,0.009346634843224046,1,1,-0.05561235469033862,1,-0.05561235469033862,1,-0.05561235469033862
SOL,2022-01-18,24,0.010736353974133122,1.925257637264009e-8,1,0,0.009304824119035632,1,1,0.010736353974133122,1,0.010736353974133122,1,0.010736353974133122
SOL,2022-01-19,24,-0.04372873740216243,1.9222474304472796e-8,1,0,0.00926908086780038,1,1,-0.04372873740216243,1,-0.04372873740216243,1,-0.04372873740216243
SOL,2022-01-20,24,-0.059669223164859383,2.0054128141083e-8,1,0,0.009452627523412246,1,1,-0.059669223164859383,1,-0.059669223164859383,1,-0.059669223164859383
SOL,2022-01-21,24,-0.12630880721139853,2.1715321883843963e-8,1,0,0.01020767806396914,1,1,-0.12630880721139853,1,-0.12630880721139853,1,-0.12630880721139853
SOL,2022-01-22,24,-0.1719114351639106,2.3524906852139372e-8,2,0,0.011159094511031812,1,1,-0.1719114351639106,1,-0.1719114351639106,1,-0.1719114351639106
SOL,2022-01-23,24,0.05339401352132194,2.5258054046473625e-8,2,0,0.011806156853104478,2,1,0.05339401352132194,1,0.05339401352132194,1,0.05339401352132194
SOL,2022-01-24,24,-0.08288518622056582,2.6279607417325998e-8,3,0.9583333333333334,0.012799930568007184,2,1,-0.08288518622056582,0.04166666666666668,-0.07627651922932839,1,-0.08288518622056582
SOL,2022-01-25,24,0.030230622371135392,2.7121150623144044e-8,3,1,0.013164540823765654,2,1,0.030230622371135392,0,0,1,0.030230622371135392
SOL,2022-01-26,24,-0.028164842892277817,2.7112910500451626e-8,3,1,0.013515967040307865,2,1,-0.028164842892277817,0,0,1,-0.028164842892277817
SOL,2022-01-27,24,-0.0277520287930338,2.759567006787296e-8,3,1,0.013709728928536764,2,1,-0.0277520287930338,0,0,1,-0.0277520287930338
SOL,2022-01-28,24,0.020448349953383856,2.7631502243491362e-8,3,1,0.013837365960394697,2,1,0.020448349953383856,0,0,1,0.020448349953383856
SOL,2022-01-29,24,0.05066399357468434,2.7845941575674783e-8,3,1,0.013976561504209435,2,1,0.05066399357468434,0,0,1,0.05066399357468434
SOL,2022-01-30,24,-0.02955360204705689,2.7874872432268543e-8,3,1,0.01399180329162959,2,1,-0.02955360204705689,0,0,1,-0.02955360204705689
SOL,2022-01-31,24,0.06580980698006127,2.7498811497685775e-8,3,1,0.014096670350902783,3,1,0.06580980698006127,0,0,0.7083333333333334,0.04570543936881955
SOL,2022-02-01,24,0.09895085006750778,2.670658521832926e-8,3,1,0.014439307372732784,3,1,0.09895085006750778,0,0,0,0
SOL,2022-02-02,24,-0.07663403001483576,2.673362623841861e-8,3,0.3333333333333333,0.014801550702873159,3,1,-0.07663403001483576,0.6666666666666667,-0.0961465304084689,0,0
SOL,2022-02-03,24,-4.905567917849341e-4,2.6975649197548237e-8,3,0.75,0.015057559056641343,3,1,-4.905567917849341e-4,0.25,-0.029941386754449663,0,0
SOL,2022-02-04,24,0.0988723885760554,2.6617680955077953e-8,2,0.7083333333333334,0.015101053816284321,3,1,0.0988723885760554,0.29166666666666663,0.02342695429081955,0,0
SOL,2022-02-05,24,0.013421835040894255,2.6713032135756213e-8,3,0.2916666666666667,0.015111871849231896,3,1,0.013421835040894255,0.7083333333333334,-0.00029135042194650303,0,0
SOL,2022-02-06,24,0.012031531360947808,2.6498378471605242e-8,2,0,0.014911329174180709,3,1,0.012031531360947808,1,0.009431531360947808,0,0
SOL,2022-02-07,24,0.018716205673073315,2.5374750348783144e-8,2,0,0.014717961067767007,3,1,0.018716205673073315,1,0.018716205673073315,0,0
SOL,2022-02-08,24,-0.03575983809583225,2.5045228726849256e-8,2,0,0.014696547210956654,3,1,-0.03575983809583225,1,-0.03575983809583225,0,0
SOL,2022-02-09,24,0.00580119408421265,2.480183045157735e-8,2,0,0.014626168768205196,2,1,0.00580119408421265,1,0.00580119408421265,0.25,-0.005837523062354959
SOL,2022-02-10,24,-0.07109223148342592,2.491738008924697e-8,2,0,0.014753710735789898,3,1,-0.07109223148342592,1,-0.07109223148342592,0.45833333333333337,-0.06444768404513523
SOL,2022-02-11,24,-0.09737309470831476,2.4860217059667034e-8,2,0,0.014830741598361922,3,1,-0.09737309470831476,1,-0.09737309470831476,0,0
SOL,2022-02-12,24,-0.0039492880264075415,2.506069811917704e-8,2,0,0.014868656061738454,3,1,-0.0039492880264075415,1,-0.0039492880264075415,0,0
SOL,2022-02-13,24,-0.033783061243644934,2.495163001342371e-8,2,0,0.014827821945782367,3,1,-0.033783061243644934,1,-0.033783061243644934,0,0
SOL,2022-02-14,24,0.03783606757123978,2.5171108517409132e-8,2,0,0.014944486920791625,3,1,0.03783606757123978,1,0.03783606757123978,0,0
SOL,2022-02-15,24,0.09028162370552273,2.544513437912069e-8,2,0,0.015127001585956324,3,1,0.09028162370552273,1,0.09028162370552273,0,0
SOL,2022-02-16,24,-0.03500333245431937,2.563632938215902e-8,2,0,0.015212284290770903,3,1,-0.03500333245431937,1,-0.03500333245431937,0,0
SOL,2022-02-17,24,-0.08453429760596905,2.552799813805441e-8,2,0,0.015224876640421995,3,1,-0.08453429760596905,1,-0.08453429760596905,0,0
SOL,2022-02-18,24,-0.039870219209683734,2.5396608157714057e-8,2,0,0.015195958366080108,3,1,-0.039870219209683734,1,-0.039870219209683734,0,0
SOL,2022-02-19,24,0.013905974003160688,2.5194432440632014e-8,2,0,0.01503917574481702,3,1,0.013905974003160688,1,0.013905974003160688,0,0
SOL,2022-02-20,24,-0.006708113349496985,2.465608834554245e-8,2,0,0.01456368108180232,2,1,-0.006708113349496985,1,-0.006708113349496985,0.5,0.013304244480726587
SOL,2022-02-21,24,-0.08794467627009175,2.4175372418714157e-8,2,0,0.014088238683612241,2,1,-0.08794467627009175,1,-0.08794467627009175,1,-0.08794467627009175
SOL,2022-02-22,24,0.04049422996794877,2.2970511924298314e-8,1,0,0.013604348633724722,2,1,0.04049422996794877,1,0.04049422996794877,1,0.04049422996794877
SOL,2022-02-23,24,-0.021637005720204577,2.1642810877799255e-8,1,0,0.012735328060536262,2,1,-0.021637005720204577,1,-0.021637005720204577,1,-0.021637005720204577
SOL,2022-02-24,24,0.0556465387614921,2.16840727656904e-8,1,0,0.013027666620452788,2,1,0.0556465387614921,1,0.0556465387614921,1,0.0556465387614921
SOL,2022-02-25,24,0.03753321060040224,2.1704669506620238e-8,1,0,0.012827091155941217,2,1,0.03753321060040224,1,0.03753321060040224,1,0.03753321060040224
SOL,2022-02-26,24,-0.028072402096172393,2.1410655466151313e-8,1,0,0.012564692343777634,2,1,-0.028072402096172393,1,-0.028072402096172393,1,-0.028072402096172393
SOL,2022-02-27,24,-0.05335356832139298,2.1655862753082066e-8,1,0,0.012548209298764936,2,1,-0.05335356832139298,1,-0.05335356832139298,1,-0.05335356832139298
SOL,2022-02-28,24,0.1531151891293054,2.1954407135635287e-8,1,0,0.012765713726511672,2,1,0.1531151891293054,1,0.1531151891293054,1,0.1531151891293054
SOL,2022-03-01,24,-0.010785851248900767,2.0919978745796844e-8,1,0,0.012830537317685567,2,1,-0.010785851248900767,1,-0.010785851248900767,1,-0.010785851248900767
SOL,2022-03-02,24,0.021059743423235414,2.0558621527915912e-8,1,0,0.013020217428290657,2,1,0.021059743423235414,1,0.021059743423235414,1,0.021059743423235414
SOL,2022-03-03,24,-0.05256327519495647,1.9864082783475438e-8,1,0,0.012721622138231829,2,1,-0.05256327519495647,1,-0.05256327519495647,1,-0.05256327519495647
SOL,2022-03-04,24,-0.0793108345685697,1.7994203595216664e-8,1,0,0.012381570370961761,2,1,-0.0793108345685697,1,-0.0793108345685697,1,-0.0793108345685697
SOL,2022-03-05,24,0.015281196235119192,1.676939780520569e-8,1,0,0.012093736470496788,1,1,0.015281196235119192,1,0.015281196235119192,1,0.015281196235119192
SOL,2022-03-06,24,-0.0589047034193159,1.577412028588595e-8,1,0,0.011919831409469946,1,1,-0.0589047034193159,1,-0.0589047034193159,1,-0.0589047034193159
SOL,2022-03-07,24,-0.034656337974404365,1.4753054348054684e-8,1,0,0.011947937234320439,1,1,-0.034656337974404365,1,-0.034656337974404365,1,-0.034656337974404365
SOL,2022-03-08,24,0.00780586961436839,1.4136823214317096e-8,1,0,0.011938496300696728,1,1,0.00780586961436839,1,0.00780586961436839,1,0.00780586961436839
SOL,2022-03-09,24,0.06775288542987205,1.3884763358990669e-8,1,0,0.01195738195848005,1,1,0.06775288542987205,1,0.06775288542987205,1,0.06775288542987205
SOL,2022-03-10,24,-0.06048981028629718,1.3206826628833082e-8,1,0,0.011903704676787204,1,1,-0.06048981028629718,1,-0.06048981028629718,1,-0.06048981028629718
SOL,2022-03-11,24,-0.02738892317924454,1.2515774937673169e-8,1,0,0.011871373604121096,1,1,-0.02738892317924454,1,-0.02738892317924454,1,-0.02738892317924454
SOL,2022-03-12,24,0.009254184125949898,1.1979668053948914e-8,1,0,0.011647413032797085,1,1,0.009254184125949898,1,0.009254184125949898,1,0.009254184125949898
SOL,2022-03-13,24,-0.033215689303907996,1.1553568568323324e-8,1,0,0.011439502311675205,1,1,-0.033215689303907996,1,-0.033215689303907996,1,-0.033215689303907996
SOL,2022-03-14,24,0.030879383291937856,1.1066253197856682e-8,1,0,0.011335113064384563,1,1,0.030879383291937856,1,0.030879383291937856,1,0.030879383291937856
SOL,2022-03-15,24,0.01986779958639341,1.0789741017470767e-8,1,0,0.011352351349850185,1,1,0.01986779958639341,1,0.01986779958639341,1,0.01986779958639341
SOL,2022-03-16,24,0.05825069127977074,1.0356253200394876e-8,1,0,0.011330946765787839,1,1,0.05825069127977074,1,0.05825069127977074,1,0.05825069127977074
SOL,2022-03-17,24,0.0010241821663398622,9.728224098786342e-9,1,0,0.011157094123387246,1,1,0.0010241821663398622,1,0.0010241821663398622,1,0.0010241821663398622
SOL,2022-03-18,24,0.02215939048994196,9.452431468059355e-9,1,0,0.011151563110945208,1,1,0.02215939048994196,1,0.02215939048994196,1,0.02215939048994196
SOL,2022-03-19,24,0.027215550019210943,9.290148958730512e-9,1,0,0.011161562363876516,1,1,0.027215550019210943,1,0.027215550019210943,1,0.027215550019210943
SOL,2022-03-20,24,-0.041557532545307745,9.099932712647453e-9,1,0,0.011103747600136148,1,1,-0.041557532545307745,1,-0.041557532545307745,1,-0.041557532545307745
SOL,2022-03-21,24,4.513144610063821e-4,8.916430133892794e-9,1,0,0.011097178073134407,1,1,4.513144610063821e-4,1,4.513144610063821e-4,1,4.513144610063821e-4
SOL,2022-03-22,24,0.02043279928764813,8.540696018327728e-9,1,0,0.010983291419405518,1,1,0.02043279928764813,1,0.02043279928764813,1,0.02043279928764813
SOL,2022-03-23,24,0.0479055997596982,7.86489193300387e-9,1,0,0.010646686780143317,1,1,0.0479055997596982,1,0.0479055997596982,1,0.0479055997596982
SOL,2022-03-24,24,0.07594993251978369,7.44573196837565e-9,1,0,0.010603993654824461,1,1,0.07594993251978369,1,0.07594993251978369,1,0.07594993251978369
SOL,2022-03-25,24,-0.03710207242619023,7.216945314410285e-9,1,0,0.010604616877043567,1,1,-0.03710207242619023,1,-0.03710207242619023,1,-0.03710207242619023
SOL,2022-03-26,24,0.031029575803092825,6.2168256102420074e-9,1,0,0.00976667141523017,1,1,0.031029575803092825,1,0.031029575803092825,1,0.031029575803092825
SOL,2022-03-27,24,0.050944476312289225,5.880954754649843e-9,1,0,0.009546781166925974,1,1,0.050944476312289225,1,0.050944476312289225,1,0.050944476312289225
SOL,2022-03-28,24,-0.011833346195663896,6.006489741625293e-9,1,0,0.009875931255144589,1,1,-0.011833346195663896,1,-0.011833346195663896,1,-0.011833346195663896
SOL,2022-03-29,24,0.053077247779413625,5.7063085835315874e-9,1,0,0.009824381381814056,1,1,0.053077247779413625,1,0.053077247779413625,1,0.053077247779413625
SOL,2022-03-30,24,0.07928435367892932,5.235504791346627e-9,1,0,0.009597561522425814,1,1,0.07928435367892932,1,0.07928435367892932,1,0.07928435367892932
SOL,2022-03-31,24,0.016579499927971437,5.183321278338976e-9,1,0,0.009680213067778812,1,1,0.016579499927971437,1,0.016579499927971437,1,0.016579499927971437
SOL,2022-04-01,24,0.0913433182434393,5.133340712125827e-9,1,0,0.009687557826656265,1,1,0.0913433182434393,1,0.0913433182434393,1,0.0913433182434393
SOL,2022-04-02,24,-0.016177704531582186,5.23331356507907e-9,1,0,0.009719604461651508,1,1,-0.016177704531582186,1,-0.016177704531582186,1,-0.016177704531582186
SOL,2022-04-03,24,0.0323171904223076,5.326500626530691e-9,1,0,0.009650320682385388,1,1,0.0323171904223076,1,0.0323171904223076,1,0.0323171904223076
SOL,2022-04-04,24,-0.03314810031639517,5.444121982193711e-9,1,0,0.009702131010709047,1,1,-0.03314810031639517,1,-0.03314810031639517,1,-0.03314810031639517
SOL,2022-04-05,24,-0.04253004451307264,5.695942138251679e-9,1,0,0.009809220867782732,1,1,-0.04253004451307264,1,-0.04253004451307264,1,-0.04253004451307264
SOL,2022-04-06,24,-0.11520396407018829,5.8754053733094615e-9,1,0,0.0098547132687582,1,1,-0.11520396407018829,1,-0.11520396407018829,1,-0.11520396407018829
SOL,2022-04-07,24,0.04768566215799491,6.0893219038384274e-09,1,0,0.00994547495564165,1,1,0.04768566215799491,1,0.04768566215799491,1,0.04768566215799491
SOL,2022-04-08,24,-0.07622569489997623,6.1479130821542155e-9,1,0,0.009910965410738076,1,1,-0.07622569489997623,1,-0.07622569489997623,1,-0.07622569489997623
SOL,2022-04-09,24,0.027477709695900944,6.390283876421011e-9,1,0,0.009937863148418722,1,1,0.027477709695900944,1,0.027477709695900944,1,0.027477709695900944
SOL,2022-04-10,24,-0.01661197439712188,6.618309626085409e-9,1,0,0.009932647444383597,1,1,-0.01661197439712188,1,-0.01661197439712188,1,-0.01661197439712188
SOL,2022-04-11,24,-0.10953186776762552,6.971027167080455e-9,1,0,0.010227176953273963,1,1,-0.10953186776762552,1,-0.10953186776762552,1,-0.10953186776762552
SOL,2022-04-12,24,0.03592255202227468,7.146534298419649e-9,1,0,0.010397455107578427,1,1,0.03592255202227468,1,0.03592255202227468,1,0.03592255202227468
SOL,2022-04-13,24,0.017393414034562214,7.414111098885115e-9,1,0,0.010489521719424352,1,1,0.017393414034562214,1,0.017393414034562214,1,0.017393414034562214
SOL,2022-04-14,24,-0.0406354506809195,7.566581579772494e-9,1,0,0.010530840075813402,1,1,-0.0406354506809195,1,-0.0406354506809195,1,-0.0406354506809195
SOL,2022-04-15,24,0.005639391646096998,7.625426841069407e-9,1,0,0.010406755244850402,1,1,0.005639391646096998,1,0.005639391646096998,1,0.005639391646096998
SOL,2022-04-16,24,0.007763785250747707,7.779536804974236e-9,1,0,0.010330479222551911,1,1,0.007763785250747707,1,0.007763785250747707,1,0.007763785250747707
SOL,2022-04-17,24,-0.019373937992459796,7.845314243153089e-9,1,0,0.010227742362836675,1,1,-0.019373937992459796,1,-0.019373937992459796,1,-0.019373937992459796
SOL,2022-04-18,24,0.021036773999414848,8.246931242383154e-9,1,0,0.010435120498033836,1,1,0.021036773999414848,1,0.021036773999414848,1,0.021036773999414848
SOL,2022-04-19,24,0.05928996897317382,8.399664534710196e-9,1,0,0.010523573525347024,1,1,0.05928996897317382,1,0.05928996897317382,1,0.05928996897317382
SOL,2022-04-20,24,-0.027736754971599935,8.52054208688903e-9,1,0,0.010559389110443414,1,1,-0.027736754971599935,1,-0.027736754971599935,1,-0.027736754971599935
SOL,2022-04-21,24,-0.03694300606832075,8.693735979334686e-9,1,0,0.010572417261967716,1,1,-0.03694300606832075,1,-0.03694300606832075,1,-0.03694300606832075
SOL,2022-04-22,24,-0.011861362747451407,8.878251898749206e-9,1,0,0.010513136923160056,1,1,-0.011861362747451407,1,-0.011861362747451407,1,-0.011861362747451407
SOL,2022-04-23,24,5.964214888526734e-4,9.276456475407907e-9,1,0,0.010394344366689982,1,1,5.964214888526734e-4,1,5.964214888526734e-4,1,5.964214888526734e-4
SOL,2022-04-24,24,-0.014312409654415154,9.508183188216103e-9,1,0,0.01024603909647289,1,1,-0.014312409654415154,1,-0.014312409654415154,1,-0.014312409654415154
SOL,2022-04-25,24,0.01758638450207614,9.750545990309379e-9,1,0,0.01030253582375373,1,1,0.01758638450207614,1,0.01758638450207614,1,0.01758638450207614
SOL,2022-04-26,24,-0.05371510859058152,9.930736167033463e-9,1,0,0.010299268860181109,1,1,-0.05371510859058152,1,-0.05371510859058152,1,-0.05371510859058152
SOL,2022-04-27,24,0.027421571781471255,9.964817363036184e-9,1,0,0.009997421620313583,1,1,0.027421571781471255,1,0.027421571781471255,1,0.027421571781471255
SOL,2022-04-28,24,-8.138352432909184e-4,1.0316314135583985e-8,1,0,0.009835530465101636,1,1,-8.138352432909184e-4,1,-8.138352432909184e-4,1,-8.138352432909184e-4
SOL,2022-04-29,24,-0.045280149923979565,1.0743399534790402e-8,1,0,0.009609441359711365,1,1,-0.045280149923979565,1,-0.045280149923979565,1,-0.045280149923979565
SOL,2022-04-30,24,-0.10215926550061041,1.1765798603070724e-8,1,0,0.009542216669547557,1,1,-0.10215926550061041,1,-0.10215926550061041,1,-0.10215926550061041
SOL,2022-05-01,24,0.05540089804208534,1.2201681025368025e-8,1,0,0.009292634034471817,1,1,0.05540089804208534,1,0.05540089804208534,1,0.05540089804208534
SOL,2022-05-02,24,-0.023711170684326162,1.2402881020193188e-8,1,0,0.009238997992435714,1,1,-0.023711170684326162,1,-0.023711170684326162,1,-0.023711170684326162
SOL,2022-05-03,24,-0.019731788854641073,1.255376348896069e-8,1,0,0.00918375943371438,1,1,-0.019731788854641073,1,-0.019731788854641073,1,-0.019731788854641073
SOL,2022-05-04,24,0.07723292275278011,1.2903740064093624e-8,1,0,0.00921629891594766,1,1,0.07723292275278011,1,0.07723292275278011,1,0.07723292275278011
SOL,2022-05-05,24,-0.09261693820868072,1.3168319156070616e-8,1,0,0.009328742849613861,1,1,-0.09261693820868072,1,-0.09261693820868072,1,-0.09261693820868072
SOL,2022-05-06,24,-0.03418724847169913,1.3499178343900184e-8,1,0,0.009234855737130763,1,1,-0.03418724847169913,1,-0.03418724847169913,1,-0.03418724847169913
SOL,2022-05-07,24,-0.03615903212050463,1.3491613830332877e-8,1,0,0.00919465188935034,1,1,-0.03615903212050463,1,-0.03615903212050463,1,-0.03615903212050463
SOL,2022-05-08,24,-0.04253753327057552,1.3637117855746838e-8,1,0,0.009176994936265016,1,1,-0.04253753327057552,1,-0.04253753327057552,1,-0.04253753327057552
SOL,2022-05-09,24,-0.1938343158697416,1.395444210483022e-8,1,0,0.00967992021458735,1,1,-0.1938343158697416,1,-0.1938343158697416,1,-0.1938343158697416
SOL,2022-05-10,24,0.06972167199936115,1.616706088319049e-8,1,0,0.010717248927702304,1,1,0.06972167199936115,1,0.06972167199936115,1,0.06972167199936115
SOL,2022-05-11,24,-0.27205559181681493,3.0262177170903704e-8,3,0.4583333333333333,0.015831059326548148,3,1,-0.27205559181681493,0.5416666666666666,-0.30544570901187074,0.5416666666666666,-0.30544570901187074
SOL,2022-05-12,24,-0.1326598348708268,3.365390191106772e-8,3,1,0.017854234310127726,3,1,-0.1326598348708268,0,0,0,0
SOL,2022-05-13,24,0.09494222460893928,3.419430191978637e-8,3,1,0.018683481415451165,3,1,0.09494222460893928,0,0,0,0
SOL,2022-05-14,24,0.06605801629365421,3.457716251133834e-8,3,1,0.018902679923048782,3,1,0.06605801629365421,0,0,0,0
SOL,2022-05-15,24,0.11537716673347569,3.424782494055663e-8,3,1,0.01903930815654754,3,1,0.11537716673347569,0,0,0,0
SOL,2022-05-16,24,-0.08949492477058262,3.3881914256395124e-8,3,1,0.019307156076469954,3,1,-0.08949492477058262,0,0,0,0
SOL,2022-05-17,24,0.061129135026736815,3.386694817625102e-8,3,1,0.019502856558973256,3,1,0.061129135026736815,0,0,0,0
SOL,2022-05-18,24,-0.13443405554123722,3.268309541606056e-8,3,1,0.019487432389603432,3,1,-0.13443405554123722,0,0,0,0
SOL,2022-05-19,24,0.04550696915346822,3.2290598730268495e-8,3,1,0.01972611745979,3,1,0.04550696915346822,0,0,0,0
SOL,2022-05-20,24,-0.05478122917601007,3.2099257338924604e-8,3,1,0.019844628259611207,3,1,-0.05478122917601007,0,0,0,0
SOL,2022-05-21,24,0.01746856988917187,3.215057870930054e-8,3,1,0.019829809516678457,3,1,0.01746856988917187,0,0,0,0
SOL,2022-05-22,24,0.04400164743763459,3.1893153816483757e-8,3,1,0.019846875176041643,3,1,0.04400164743763459,0,0,0,0
SOL,2022-05-23,24,-0.067565319495766,3.14486895508219e-8,3,1,0.01995608701523698,3,1,-0.067565319495766,0,0,0,0
SOL,2022-05-24,24,0.011549110234594345,3.0609627617880873e-8,3,1,0.020060491998264682,3,1,0.011549110234594345,0,0,0,0
SOL,2022-05-25,24,-0.03609907964663404,3.008497644403427e-8,3,1,0.020056775839595982,3,1,-0.03609907964663404,0,0,0,0
SOL,2022-05-26,24,-0.09985264493795405,2.9478147076878684e-8,3,1,0.02019774243792769,3,1,-0.09985264493795405,0,0,0,0
SOL,2022-05-27,24,-0.05527316904751028,2.9337702850846566e-8,3,1,0.02039582160281301,3,1,-0.05527316904751028,0,0,0,0
SOL,2022-05-28,24,0.07583122517592741,2.9272590551960525e-8,3,1,0.02046158705630587,3,1,0.07583122517592741,0,0,0,0
SOL,2022-05-29,24,0.01614746903739429,2.9437327289866406e-8,3,1,0.02052308251789199,3,1,0.01614746903739429,0,0,0,0
SOL,2022-05-30,24,0.048631244820666816,2.9029503225513803e-8,3,1,0.020521710562394463,3,1,0.048631244820666816,0,0,0,0
SOL,2022-05-31,24,-0.03405501501468726,2.870508737209985e-8,3,1,0.020495475186059313,3,1,-0.03405501501468726,0,0,0,0
SOL,2022-06-01,24,-0.12875065641108563,2.812035011025274e-8,3,1,0.020558805563270666,3,1,-0.12875065641108563,0,0,0,0
SOL,2022-06-02,24,0.018285658983941383,2.7820944605359502e-8,3,1,0.020593696956075904,3,1,0.018285658983941383,0,0,0,0
SOL,2022-06-03,24,-0.06525702928435814,2.7426788381601124e-8,3,1,0.02058256807186086,3,1,-0.06525702928435814,0,0,0,0
SOL,2022-06-04,24,0.018130514762227774,2.7414900815971758e-8,3,1,0.020579795980616416,3,1,0.018130514762227774,0,0,0,0
SOL,2022-06-05,24,-0.012916738613700551,2.7272912888055908e-8,3,1,0.020574253144541876,3,1,-0.012916738613700551,0,0,0,0
SOL,2022-06-06,24,0.09729374520391235,2.6987079096872115e-8,3,1,0.020697455026120783,3,1,0.09729374520391235,0,0,0,0
SOL,2022-06-07,24,-0.07619700187828068,2.6529959757832705e-8,3,1,0.020823739481727523,3,1,-0.07619700187828068,0,0,0,0
SOL,2022-06-08,24,-0.012295236857037473,2.643972129449997e-8,3,1,0.020611696978291096,3,1,-0.012295236857037473,0,0,0,0
SOL,2022-06-09,24,0.029458707151125144,2.5486138494784448e-8,2,0.875,0.020140834241761288,3,1,0.029458707151125144,0.125,-0.0041003753752345724,0,0
SOL,2022-06-10,24,-0.07426198416696374,1.8013007472959073e-8,1,0,0.016361558600372795,3,1,-0.07426198416696374,1,-0.07426198416696374,0,0
SOL,2022-06-11,24,-0.09167797025510561,1.4730901080874073e-8,1,0,0.01418404554049247,2,1,-0.09167797025510561,1,-0.09167797025510561,0.3333333333333334,0.0012478662246293813
SOL,2022-06-12,24,-0.10126584119547181,1.36502673942687e-8,1,0,0.013440426614523406,2,1,-0.10126584119547181,1,-0.10126584119547181,1,-0.10126584119547181
SOL,2022-06-13,24,-0.06866602069142819,1.3751345911567755e-8,1,0,0.01381686889103038,2,1,-0.06866602069142819,1,-0.06866602069142819,1,-0.06866602069142819
SOL,2022-06-14,24,0.0327220514834645,1.5267098253784304e-8,1,0,0.014712286502938043,3,1,0.0327220514834645,1,0.0327220514834645,0.7083333333333334,0.03822199452025524
SOL,2022-06-15,24,0.16114557074208413,1.5486143547939542e-8,1,0,0.014940955003901656,3,1,0.16114557074208413,1,0.16114557074208413,0,0
SOL,2022-06-16,24,-0.1423467626964943,1.5110824506456387e-8,1,0,0.014986533650867162,3,1,-0.1423467626964943,1,-0.1423467626964943,0,0
SOL,2022-06-17,24,0.01877834787195294,1.5418283742886412e-8,1,0,0.015048172084082472,3,1,0.01877834787195294,1,0.01877834787195294,0,0
SOL,2022-06-18,24,0.04061309541776101,1.5515396029531043e-8,1,0,0.01527452595869011,3,1,0.04061309541776101,1,0.04061309541776101,0,0
SOL,2022-06-19,24,0.06784314572664696,1.5813966410884742e-8,1,0,0.0158666069575854,3,1,0.06784314572664696,1,0.06784314572664696,0,0
SOL,2022-06-20,24,0.030283496587252,1.6182050722361094e-8,1,0,0.016225637256536935,3,1,0.030283496587252,1,0.030283496587252,0,0
SOL,2022-06-21,24,0.03352269203864426,1.6486958540334153e-8,1,0,0.01649896100656722,3,1,0.03352269203864426,1,0.03352269203864426,0,0
SOL,2022-06-22,24,-0.06615154296981945,1.6473239496559852e-8,1,0,0.01657191358650815,3,1,-0.06615154296981945,1,-0.06615154296981945,0,0
SOL,2022-06-23,24,0.11179705045978047,1.6697821983390592e-8,1,0,0.016638396003748602,3,1,0.11179705045978047,1,0.11179705045978047,0,0
SOL,2022-06-24,24,0.09411643488519825,1.6795118653619916e-8,1,0,0.01671985077017382,3,1,0.09411643488519825,1,0.09411643488519825,0,0
SOL,2022-06-25,24,0.008326442776553696,1.7078845240500553e-8,1,0,0.016692866553760215,3,1,0.008326442776553696,1,0.008326442776553696,0,0
SOL,2022-06-26,24,-0.06939908658342783,1.7026258815099507e-8,1,0,0.016547133643677672,3,1,-0.06939908658342783,1,-0.06939908658342783,0,0
SOL,2022-06-27,24,-0.024679915870568628,1.7028092605481764e-8,1,0,0.01653373337442954,3,1,-0.024679915870568628,1,-0.024679915870568628,0,0
SOL,2022-06-28,24,-0.08497851965323187,1.6929910223083317e-8,1,0,0.0166199495977009,3,1,-0.08497851965323187,1,-0.08497851965323187,0,0
SOL,2022-06-29,24,-0.03518240601430375,1.683068281888588e-8,1,0,0.01658868064128002,3,1,-0.03518240601430375,1,-0.03518240601430375,0,0
SOL,2022-06-30,24,-0.010622702426905807,1.6817503487977602e-8,1,0,0.01674935502248761,3,1,-0.010622702426905807,1,-0.010622702426905807,0,0
SOL,2022-07-01,24,-0.030113687695676357,1.69110027714175e-8,1,0,0.016792992491596513,3,1,-0.030113687695676357,1,-0.030113687695676357,0,0
SOL,2022-07-02,24,0.018476975748348938,1.701028896861864e-8,1,0,0.016794839671776612,3,1,0.018476975748348938,1,0.018476975748348938,0,0
SOL,2022-07-03,24,6.000600240063355e-4,1.713561852396588e-8,1,0,0.016752482374313662,3,1,6.000600240063355e-4,1,6.000600240063355e-4,0,0
SOL,2022-07-04,24,0.09492836508891125,1.6936737007107907e-8,1,0,0.016719358211264686,3,1,0.09492836508891125,1,0.09492836508891125,0,0
SOL,2022-07-05,24,-0.03553955367991947,1.6931382292524258e-8,1,0,0.016805499552314293,3,1,-0.03553955367991947,1,-0.03553955367991947,0,0
SOL,2022-07-06,24,0.044230537227339654,1.674502682251832e-8,1,0,0.01665931613845545,3,1,0.044230537227339654,1,0.044230537227339654,0,0
SOL,2022-07-07,24,0.04054072186783875,1.667997692103554e-8,1,0,0.016474922508091284,3,1,0.04054072186783875,1,0.04054072186783875,0,0
SOL,2022-07-08,24,-0.010178869040815535,1.665646148340827e-8,1,0,0.01649277135951417,3,1,-0.010178869040815535,1,-0.010178869040815535,0,0
SOL,2022-07-09,24,-0.0015752169179978036,1.6655129502925476e-8,1,0,0.016408375427259835,3,1,-0.0015752169179978036,1,-0.0015752169179978036,0,0
SOL,2022-07-10,24,-0.03747761945644463,1.680183153283297e-8,1,0,0.01630626841654328,3,1,-0.03747761945644463,1,-0.03747761945644463,0,0
SOL,2022-07-11,24,-0.09283098604289419,1.6716298964850953e-8,1,0,0.016229117199396414,3,1,-0.09283098604289419,1,-0.09283098604289419,0,0
SOL,2022-07-12,24,-0.023929659175797292,1.6049482200635005e-8,1,0,0.01588289455944419,3,1,-0.023929659175797292,1,-0.023929659175797292,0,0
SOL,2022-07-13,24,0.068420461625873,1.572624062435345e-8,1,0,0.01539164332460264,3,1,0.068420461625873,1,0.068420461625873,0,0
SOL,2022-07-14,24,0.060540416253765605,1.4224166460895982e-8,1,0,0.01448793667201705,2,1,0.060540416253765605,1,0.060540416253765605,0.8333333333333333,0.06887892485882734
SOL,2022-07-15,24,0.007249326954910389,1.3822161782736785e-8,1,0,0.014056781820373017,2,1,0.007249326954910389,1,0.007249326954910389,1,0.007249326954910389
SOL,2022-07-16,24,0.056429892186245806,1.4008538619485472e-8,1,0,0.013894538367342722,2,1,0.056429892186245806,1,0.056429892186245806,1,0.056429892186245806
SOL,2022-07-17,24,-0.02535022447131785,1.3859450224831978e-8,1,0,0.01371724921932889,2,1,-0.02535022447131785,1,-0.02535022447131785,1,-0.02535022447131785
SOL,2022-07-18,24,0.12123488582186118,1.3778748336857283e-8,1,0,0.013389466333510285,2,1,0.12123488582186118,1,0.12123488582186118,1,0.12123488582186118
SOL,2022-07-19,24,0.0316553675178621,1.3081579063612385e-8,1,0,0.01261722527756377,2,1,0.0316553675178621,1,0.0316553675178621,1,0.0316553675178621
SOL,2022-07-20,24,-0.06648417707331811,1.2853458858039824e-8,1,0,0.012440711962471429,2,1,-0.06648417707331811,1,-0.06648417707331811,1,-0.06648417707331811
SOL,2022-07-21,24,0.02443730627943712,1.2608053312297391e-8,1,0,0.012247214778694233,2,1,0.02443730627943712,1,0.02443730627943712,1,0.02443730627943712
SOL,2022-07-22,24,-0.06175687817569373,1.2794018414484845e-8,1,0,0.012158197127280395,2,1,-0.06175687817569373,1,-0.06175687817569373,1,-0.06175687817569373
SOL,2022-07-23,24,-0.012922645040239707,1.2757860328672298e-8,1,0,0.012030026768117841,2,1,-0.012922645040239707,1,-0.012922645040239707,1,-0.012922645040239707
SOL,2022-07-24,24,0.02421665165899803,1.2865928527875917e-8,1,0,0.011936799985992076,2,1,0.02421665165899803,1,0.02421665165899803,1,0.02421665165899803
SOL,2022-07-25,24,-0.11227455359910705,1.268033484529507e-8,1,0,0.011942586235841804,2,1,-0.11227455359910705,1,-0.11227455359910705,1,-0.11227455359910705
SOL,2022-07-26,24,-0.008228241705900138,1.2383260522095835e-8,1,0,0.011835949857400822,2,1,-0.008228241705900138,1,-0.008228241705900138,1,-0.008228241705900138
SOL,2022-07-27,24,0.10376188242411732,1.242565363915913e-8,1,0,0.011966977113508167,2,1,0.10376188242411732,1,0.10376188242411732,1,0.10376188242411732
SOL,2022-07-28,24,0.06557757894528325,1.2743056577415897e-8,1,0,0.012027094338079965,2,1,0.06557757894528325,1,0.06557757894528325,1,0.06557757894528325
SOL,2022-07-29,24,-0.024477569450145245,1.2952282518294777e-8,1,0,0.012066190876250464,2,1,-0.024477569450145245,1,-0.024477569450145245,1,-0.024477569450145245
SOL,2022-07-30,24,0.04336343708521804,1.3011657652710959e-8,1,0,0.01201210055431471,2,1,0.04336343708521804,1,0.04336343708521804,1,0.04336343708521804
SOL,2022-07-31,24,-0.0348224598978853,1.2972589536067955e-8,1,0,0.011853178994883466,2,1,-0.0348224598978853,1,-0.0348224598978853,1,-0.0348224598978853
SOL,2022-08-01,24,-0.015954618700006255,1.295180701100829e-8,1,0,0.011878939963691324,2,1,-0.015954618700006255,1,-0.015954618700006255,1,-0.015954618700006255
SOL,2022-08-02,24,-0.04592581139398841,1.3152972039246108e-8,1,0,0.01199414617945927,2,1,-0.04592581139398841,1,-0.04592581139398841,1,-0.04592581139398841
SOL,2022-08-03,24,-0.031659524429498195,1.2722885450161806e-8,1,0,0.012079576213415337,2,1,-0.031659524429498195,1,-0.031659524429498195,1,-0.031659524429498195
SOL,2022-08-04,24,0.006721845371476318,1.2592269061214453e-8,1,0,0.01196410493799443,2,1,0.006721845371476318,1,0.006721845371476318,1,0.006721845371476318
SOL,2022-08-05,24,0.04435093183754141,1.2558290240467048e-8,1,0,0.01193318354465929,2,1,0.04435093183754141,1,0.04435093183754141,1,0.04435093183754141
SOL,2022-08-06,24,-0.013649548062768208,1.267655360908689e-8,1,0,0.011845184466027446,2,1,-0.013649548062768208,1,-0.013649548062768208,1,-0.013649548062768208
SOL,2022-08-07,24,0.014142401695219095,1.2733876713189868e-8,1,0,0.011739332396969164,1,1,0.014142401695219095,1,0.014142401695219095,1,0.014142401695219095
SOL,2022-08-08,24,0.04008262295237645,1.2685797449771572e-8,1,0,0.011778817119834452,2,1,0.04008262295237645,1,0.04008262295237645,1,0.04008262295237645
SOL,2022-08-09,24,-0.045517418938333346,1.2501240815950848e-8,1,0,0.011817729882895646,2,1,-0.045517418938333346,1,-0.045517418938333346,1,-0.045517418938333346
SOL,2022-08-10,24,0.05118181926187091,1.2591148787460249e-8,1,0,0.011863003176319012,2,1,0.05118181926187091,1,0.05118181926187091,1,0.05118181926187091
SOL,2022-08-11,24,0.007269348461030459,1.2627608192106523e-8,1,0,0.011885921812295105,2,1,0.007269348461030459,1,0.007269348461030459,1,0.007269348461030459
SOL,2022-08-12,24,0.06139397944079979,1.2386070449038777e-8,1,0,0.011734331517283474,1,1,0.06139397944079979,1,0.06139397944079979,1,0.06139397944079979
SOL,2022-08-13,24,0.022809721394632144,1.2181087257945156e-8,1,0,0.011663402531585789,1,1,0.022809721394632144,1,0.022809721394632144,1,0.022809721394632144
SOL,2022-08-14,24,-0.03719527433112042,1.1905039064160993e-8,1,0,0.01150521229008201,1,1,-0.03719527433112042,1,-0.03719527433112042,1,-0.03719527433112042
SOL,2022-08-15,24,-0.024826370978336676,1.1774987805660178e-8,1,0,0.011494060646193896,1,1,-0.024826370978336676,1,-0.024826370978336676,1,-0.024826370978336676
SOL,2022-08-16,24,-0.01473323151298416,1.155829040608381e-8,1,0,0.011409472515466059,1,1,-0.01473323151298416,1,-0.01473323151298416,1,-0.01473323151298416
SOL,2022-08-17,24,-0.062684952488248,1.0935433324475302e-8,1,0,0.011090614412836111,1,1,-0.062684952488248,1,-0.062684952488248,1,-0.062684952488248
SOL,2022-08-18,24,-0.02424209680389897,1.1029120320390784e-8,1,0,0.01097537242663171,1,1,-0.02424209680389897,1,-0.02424209680389897,1,-0.02424209680389897
SOL,2022-08-19,24,-0.09799528920186429,1.086291030664968e-8,1,0,0.010998132438967299,1,1,-0.09799528920186429,1,-0.09799528920186429,1,-0.09799528920186429
SOL,2022-08-20,24,-0.015748356968139605,1.0806457224442288e-8,1,0,0.010874000681526953,1,1,-0.015748356968139605,1,-0.015748356968139605,1,-0.015748356968139605
SOL,2022-08-21,24,0.032899538111926405,1.0530486760159847e-8,1,0,0.010715670819836966,1,1,0.032899538111926405,1,0.032899538111926405,1,0.032899538111926405
SOL,2022-08-22,24,-0.028092516272380685,1.0458627953861177e-8,1,0,0.010677044084526147,1,1,-0.028092516272380685,1,-0.028092516272380685,1,-0.028092516272380685
SOL,2022-08-23,24,0.005625893882167802,1.0461784258979483e-8,1,0,0.010661720855918575,1,1,0.005625893882167802,1,0.005625893882167802,1,0.005625893882167802
SOL,2022-08-24,24,-0.021548891661622476,1.0220790808910044e-8,1,0,0.010450848197875237,1,1,-0.021548891661622476,1,-0.021548891661622476,1,-0.021548891661622476
SOL,2022-08-25,24,0.011682708740568173,1.025029259574792e-8,1,0,0.010389591061872951,1,1,0.011682708740568173,1,0.011682708740568173,1,0.011682708740568173
SOL,2022-08-26,24,-0.10630524884098787,1.0162820347809316e-8,1,0,0.010296115093200395,1,1,-0.10630524884098787,1,-0.10630524884098787,1,-0.10630524884098787
SOL,2022-08-27,24,-0.006955450108584781,9.608141880548669e-9,1,0,0.00993606929220837,1,1,-0.006955450108584781,1,-0.006955450108584781,1,-0.006955450108584781
SOL,2022-08-28,24,-0.03552197815853193,9.487713752903e-9,1,0,0.009792871432609996,1,1,-0.03552197815853193,1,-0.03552197815853193,1,-0.03552197815853193
SOL,2022-08-29,24,0.06429194241606506,9.131845813241564e-9,1,0,0.009497065327089604,1,1,0.06429194241606506,1,0.06429194241606506,1,0.06429194241606506
SOL,2022-08-30,24,-0.030993246100762505,9.214671241917862e-9,1,0,0.009526134507111619,1,1,-0.030993246100762505,1,-0.030993246100762505,1,-0.030993246100762505
SOL,2022-08-31,24,0.0012710519664841258,9.120501516234059e-9,1,0,0.009453108954564388,1,1,0.0012710519664841258,1,0.0012710519664841258,1,0.0012710519664841258
SOL,2022-09-01,24,0.0034870854799337572,8.840048107729236e-9,1,0,0.009269287314353536,1,1,0.0034870854799337572,1,0.0034870854799337572,1,0.0034870854799337572
SOL,2022-09-02,24,-0.013059589973154262,9.11957698828882e-9,1,0,0.009017345245618607,1,1,-0.013059589973154262,1,-0.013059589973154262,1,-0.013059589973154262
SOL,2022-09-03,24,-0.0019255461661950057,9.150814436565516e-9,1,0,0.008869587400330758,1,1,-0.0019255461661950057,1,-0.0019255461661950057,1,-0.0019255461661950057
SOL,2022-09-04,24,0.03192937585584981,9.35360277232812e-9,1,0,0.008774762394973566,1,1,0.03192937585584981,1,0.03192937585584981,1,0.03192937585584981
SOL,2022-09-05,24,6.220840013988879e-4,9.393140268994554e-9,1,0,0.008795481765016717,1,1,6.220840013988879e-4,1,6.220840013988879e-4,1,6.220840013988879e-4
SOL,2022-09-06,24,-0.039967260407066094,1.0065494725704396e-8,1,0,0.009229781232868071,1,1,-0.039967260407066094,1,-0.039967260407066094,1,-0.039967260407066094
SOL,2022-09-07,24,0.05600708608810214,1.0186703661116046e-8,1,0,0.009205017101958727,1,1,0.05600708608810214,1,0.05600708608810214,1,0.05600708608810214
SOL,2022-09-08,24,0.028060371745211997,1.001780874218063e-8,1,0,0.009236655189501154,1,1,0.028060371745211997,1,0.028060371745211997,1,0.028060371745211997
SOL,2022-09-09,24,0.03191604521579903,9.630489097835109e-9,1,0,0.009028438459228183,1,1,0.03191604521579903,1,0.03191604521579903,1,0.03191604521579903
SOL,2022-09-10,24,0.01089148055116899,9.832659841791037e-9,1,0,0.00895697496729574,1,1,0.01089148055116899,1,0.01089148055116899,1,0.01089148055116899
SOL,2022-09-11,24,-0.0014263302945868202,9.902730564173128e-9,1,0,0.00890403776432619,1,1,-0.0014263302945868202,1,-0.0014263302945868202,1,-0.0014263302945868202
SOL,2022-09-12,24,0.06706885980654738,1.045205277542614e-8,1,0,0.009121744152485008,1,1,0.06706885980654738,1,0.06706885980654738,1,0.06706885980654738
SOL,2022-09-13,24,-0.12676613554946226,1.1137436199998494e-8,1,0,0.009561987566264927,1,1,-0.12676613554946226,1,-0.12676613554946226,1,-0.12676613554946226
SOL,2022-09-14,24,0.03278982282299088,1.0536426573053342e-8,1,0,0.009359274537720662,1,1,0.03278982282299088,1,0.03278982282299088,1,0.03278982282299088
SOL,2022-09-15,24,-0.030973291896593126,1.088491292563896e-8,1,0,0.009483764757863927,1,1,-0.030973291896593126,1,-0.030973291896593126,1,-0.030973291896593126
SOL,2022-09-16,24,-0.024496019695815538,1.1071522394940669e-8,1,0,0.009414139101762328,1,1,-0.024496019695815538,1,-0.024496019695815538,1,-0.024496019695815538
SOL,2022-09-17,24,0.04366976466125335,1.0961105200433514e-8,1,0,0.009327341708164478,1,1,0.04366976466125335,1,0.04366976466125335,1,0.04366976466125335
SOL,2022-09-18,24,-0.07964713804812541,1.0727323210820066e-8,1,0,0.008953349079686599,1,1,-0.07964713804812541,1,-0.07964713804812541,1,-0.07964713804812541
SOL,2022-09-19,24,0.04584790386370804,1.0537879158507088e-8,1,0,0.00896522585108431,1,1,0.04584790386370804,1,0.04584790386370804,1,0.04584790386370804
SOL,2022-09-20,24,-0.036890710259691616,1.0440841078766818e-8,1,0,0.008959781203969107,1,1,-0.036890710259691616,1,-0.036890710259691616,1,-0.036890710259691616
SOL,2022-09-21,24,-0.023849019470540047,1.0779249221077401e-8,1,0,0.009130323939414283,1,1,-0.023849019470540047,1,-0.023849019470540047,1,-0.023849019470540047
SOL,2022-09-22,24,0.05581664286386205,1.0611239565587473e-8,1,0,0.009078434518587263,1,1,0.05581664286386205,1,0.05581664286386205,1,0.05581664286386205
SOL,2022-09-23,24,0.038425541110931535,1.0873183607493363e-8,1,0,0.009156968014922629,1,1,0.038425541110931535,1,0.038425541110931535,1,0.038425541110931535
SOL,2022-09-24,24,-0.009543764655179102,1.0867438356645879e-8,1,0,0.009151838190310131,1,1,-0.009543764655179102,1,-0.009543764655179102,1,-0.009543764655179102
SOL,2022-09-25,24,-0.03166170102594055,1.0634219909812554e-8,1,0,0.008938957440706241,1,1,-0.03166170102594055,1,-0.03166170102594055,1,-0.03166170102594055
SOL,2022-09-26,24,0.04771436440020539,1.0852343849859771e-8,1,0,0.009044166298159139,1,1,0.04771436440020539,1,0.04771436440020539,1,0.04771436440020539
SOL,2022-09-27,24,-0.03786510041510739,1.0724386086675726e-8,1,0,0.009152075290737173,1,1,-0.03786510041510739,1,-0.03786510041510739,1,-0.03786510041510739
SOL,2022-09-28,24,0.01820991137942298,1.0647149042011918e-8,1,0,0.009126261596469662,1,1,0.01820991137942298,1,0.01820991137942298,1,0.01820991137942298
SOL,2022-09-29,24,0.02024481169427573,1.0247289193159438e-8,1,0,0.009091076124478618,1,1,0.02024481169427573,1,0.02024481169427573,1,0.02024481169427573
SOL,2022-09-30,24,-0.019944105031357233,1.0188392177738377e-8,1,0,0.0091640775545759,1,1,-0.019944105031357233,1,-0.019944105031357233,1,-0.019944105031357233
SOL,2022-10-01,24,-0.02527155344555468,1.0087558215996798e-8,1,0,0.009136462811547431,1,1,-0.02527155344555468,1,-0.02527155344555468,1,-0.02527155344555468
SOL,2022-10-02,24,-0.012098798119067933,9.994855608429883e-9,1,0,0.00909603977217269,1,1,-0.012098798119067933,1,-0.012098798119067933,1,-0.012098798119067933
SOL,2022-10-03,24,0.027095253608710845,9.855262650924583e-9,1,0,0.009123293222424717,1,1,0.027095253608710845,1,0.027095253608710845,1,0.027095253608710845
SOL,2022-10-04,24,0.03551022062168539,9.36403384665756e-9,1,0,0.009127500840876728,1,1,0.03551022062168539,1,0.03551022062168539,1,0.03551022062168539
SOL,2022-10-05,24,-0.0017605638350328275,9.230430761869496e-9,1,0,0.009118815971128636,1,1,-0.0017605638350328275,1,-0.0017605638350328275,1,-0.0017605638350328275
SOL,2022-10-06,24,-0.020772260233888794,8.301187299106024e-9,1,0,0.008618615748086514,1,1,-0.020772260233888794,1,-0.020772260233888794,1,-0.020772260233888794
SOL,2022-10-07,24,-0.01055021089515237,8.148847598980556e-9,1,0,0.008575904847869058,1,1,-0.01055021089515237,1,-0.01055021089515237,1,-0.01055021089515237
SOL,2022-10-08,24,-0.013423020332141346,8.402518086348492e-9,1,0,0.008446738488161186,1,1,-0.013423020332141346,1,-0.013423020332141346,1,-0.013423020332141346
SOL,2022-10-09,24,0.01129955525393311,8.445262887267755e-9,1,0,0.008345392986395677,1,1,0.01129955525393311,1,0.01129955525393311,1,0.01129955525393311
SOL,2022-10-10,24,-0.030524953601406703,8.372018501978535e-9,1,0,0.008325439561746908,1,1,-0.030524953601406703,1,-0.030524953601406703,1,-0.030524953601406703
SOL,2022-10-11,24,-0.036669180850457145,8.16487534656592e-9,1,0,0.008285636759973904,1,1,-0.036669180850457145,1,-0.036669180850457145,1,-0.036669180850457145
SOL,2022-10-12,24,0.012266131842836578,7.597658770494196e-9,1,0,0.007874713010768367,1,1,0.012266131842836578,1,0.012266131842836578,1,0.012266131842836578
SOL,2022-10-13,24,-0.02140159505066746,6.693104016933773e-9,1,0,0.007427271871383377,1,1,-0.02140159505066746,1,-0.02140159505066746,1,-0.02140159505066746
SOL,2022-10-14,24,-0.016190672523262607,6.841035046068708e-9,1,0,0.007508780669061392,1,1,-0.016190672523262607,1,-0.016190672523262607,1,-0.016190672523262607
SOL,2022-10-15,24,-0.01510349234093001,6.561200384472963e-9,1,0,0.007298865593017462,1,1,-0.01510349234093001,1,-0.01510349234093001,1,-0.01510349234093001
SOL,2022-10-16,24,0.019424589308808554,6.536502866788476e-9,1,0,0.007243746794584859,1,1,0.019424589308808554,1,0.019424589308808554,1,0.019424589308808554
SOL,2022-10-17,24,0.03487399191409153,6.357845976881404e-9,1,0,0.007235891479116048,1,1,0.03487399191409153,1,0.03487399191409153,1,0.03487399191409153
SOL,2022-10-18,24,-0.03553756194507633,6.074299473031333e-9,1,0,0.007176194724528961,1,1,-0.03553756194507633,1,-0.03553756194507633,1,-0.03553756194507633
SOL,2022-10-19,24,-0.043064799796485045,5.862458957145893e-9,1,0,0.007021786230453682,1,1,-0.043064799796485045,1,-0.043064799796485045,1,-0.043064799796485045
SOL,2022-10-20,24,-0.029181188169027962,5.807992588205211e-9,1,0,0.006978362618776931,1,1,-0.029181188169027962,1,-0.029181188169027962,1,-0.029181188169027962
SOL,2022-10-21,24,0.002138275939455311,5.254405928929214e-9,1,0,0.006635122270167212,1,1,0.002138275939455311,1,0.002138275939455311,1,0.002138275939455311
SOL,2022-10-22,24,-0.002138275939455692,5.12302723846722e-9,1,0,0.006544516272670461,1,1,-0.002138275939455692,1,-0.002138275939455692,1,-0.002138275939455692
SOL,2022-10-23,24,0.043970795662944984,4.8575582819041504e-09,1,0,0.006388669856056147,1,1,0.043970795662944984,1,0.043970795662944984,1,0.043970795662944984
SOL,2022-10-24,24,-0.03367789201412299,4.751468732521245e-9,1,0,0.006364672929099164,1,1,-0.03367789201412299,1,-0.03367789201412299,1,-0.03367789201412299
SOL,2022-10-25,24,0.08880473030508626,5.21045949998282e-9,1,0,0.0068488490046409245,1,1,0.08880473030508626,1,0.08880473030508626,1,0.08880473030508626
SOL,2022-10-26,24,0.010925558550185763,4.984734217083698e-9,1,0,0.006717181308284416,1,1,0.010925558550185763,1,0.010925558550185763,1,0.010925558550185763
SOL,2022-10-27,24,-0.022952357179874667,4.890076267808896e-9,1,0,0.006624636064716486,1,1,-0.022952357179874667,1,-0.022952357179874667,1,-0.022952357179874667
SOL,2022-10-28,24,0.04726294668049068,4.87339452311406e-9,1,0,0.0066412979545100136,1,1,0.04726294668049068,1,0.04726294668049068,1,0.04726294668049068
SOL,2022-10-29,24,0.02555951301955845,4.756108765863257e-9,1,0,0.006591957067520257,1,1,0.02555951301955845,1,0.02555951301955845,1,0.02555951301955845
SOL,2022-10-30,24,0.001215436187307018,4.675686931624103e-9,1,0,0.006470994634635147,1,1,0.001215436187307018,1,0.001215436187307018,1,0.001215436187307018
SOL,2022-10-31,24,-0.011299555253933266,4.755536631134065e-9,1,0,0.006658251938111821,1,1,-0.011299555253933266,1,-0.011299555253933266,1,-0.011299555253933266
SOL,2022-11-01,24,-0.011428695823623197,4.752222002848558e-9,1,0,0.006684960511666468,1,1,-0.011428695823623197,1,-0.011428695823623197,1,-0.011428695823623197
SOL,2022-11-02,24,-0.0444658833743077,4.7863363322006535e-9,1,0,0.006851845233171003,1,1,-0.0444658833743077,1,-0.0444658833743077,1,-0.0444658833743077
SOL,2022-11-03,24,6.493506721675082e-4,5.030004651102409e-9,1,0,0.006919123602203816,1,1,6.493506721675082e-4,1,6.493506721675082e-4,1,6.493506721675082e-4
SOL,2022-11-04,24,0.09084476450924578,5.204755662748392e-9,1,0,0.007133967191741055,1,1,0.09084476450924578,1,0.09084476450924578,1,0.09084476450924578
SOL,2022-11-05,24,0.08762865333915208,6.293485863294007e-9,1,0,0.008049120583168977,1,1,0.08762865333915208,1,0.08762865333915208,1,0.08762865333915208
SOL,2022-11-06,24,-0.12138713326410631,6.310311353377334e-9,1,0,0.008187644701318136,1,1,-0.12138713326410631,1,-0.12138713326410631,1,-0.12138713326410631
SOL,2022-11-07,24,-0.09613823560739439,6.8506985755689976e-9,1,0,0.008979974088073377,1,1,-0.09613823560739439,1,-0.09613823560739439,1,-0.09613823560739439
SOL,2022-11-08,24,-0.19666627402609263,8.505142651679295e-9,1,0,0.011403727738436033,2,1,-0.19666627402609263,1,-0.19666627402609263,1,-0.19666627402609263
SOL,2022-11-09,24,-0.5537782988819914,1.4556626290412839e-8,2,0,0.016959007614879444,3,1,-0.5537782988819914,1,-0.5537782988819914,0.5,-0.14782052743099067
SOL,2022-11-10,24,0.23182626190125558,1.794094529466541e-8,2,0,0.020010020192817602,3,1,0.23182626190125558,1,0.23182626190125558,0,0
SOL,2022-11-11,24,-0.07532971940404455,1.776682341663369e-8,2,0,0.020559090788540253,3,1,-0.07532971940404455,1,-0.07532971940404455,0,0
SOL,2022-11-12,24,-0.11862385359240912,1.795641026620541e-8,2,0,0.020625974967784396,3,1,-0.11862385359240912,1,-0.11862385359240912,0,0
SOL,2022-11-13,24,-0.09903355168502052,1.8324768653791333e-8,2,0,0.02084041332446506,3,1,-0.09903355168502052,1,-0.09903355168502052,0,0
SOL,2022-11-14,24,0.061875403718087474,1.9557160528535747e-8,2,0,0.021813869253917432,3,1,0.061875403718087474,1,0.061875403718087474,0,0
SOL,2022-11-15,24,0.021901263953101272,1.9272783546026733e-8,2,0,0.021931807303889096,3,1,0.021901263953101272,1,0.021901263953101272,0,0
SOL,2022-11-16,24,-0.00139860162658317,1.9242928782369287e-8,2,0,0.021966455454167835,3,1,-0.00139860162658317,1,-0.00139860162658317,0,0
SOL,2022-11-17,24,-0.04728674623333491,1.938234126483776e-8,2,0,0.022087834679458,3,1,-0.04728674623333491,1,-0.04728674623333491,0,0
SOL,2022-11-18,24,-0.02827569327620994,1.9341454615116653e-8,2,0,0.02208993600431263,3,1,-0.02827569327620994,1,-0.02827569327620994,0,0
SOL,2022-11-19,24,-0.03299110093970735,1.9325452198760726e-8,2,0,0.02209737111571452,3,1,-0.03299110093970735,1,-0.03299110093970735,0,0
SOL,2022-11-20,24,-0.04384919276970346,1.9327733164414786e-8,2,0,0.02218074336269103,3,1,-0.04384919276970346,1,-0.04384919276970346,0,0
SOL,2022-11-21,24,-0.037364246744868296,1.925170447578158e-8,2,0,0.022263989900432997,3,1,-0.037364246744868296,1,-0.037364246744868296,0,0
SOL,2022-11-22,24,0.04951506452738091,1.939804094848114e-8,2,0,0.022488958875576743,3,1,0.04951506452738091,1,0.04951506452738091,0,0
SOL,2022-11-23,24,0.1437447586661417,1.909411718930069e-8,2,0,0.022713405970254345,3,1,0.1437447586661417,1,0.1437447586661417,0,0
SOL,2022-11-24,24,0.017968693542816484,1.9009058401638457e-8,2,0,0.022644046333882558,3,1,0.017968693542816484,1,0.017968693542816484,0,0
SOL,2022-11-25,24,-0.04053664710784649,1.893630889984968e-8,2,0,0.022683502413239756,3,1,-0.04053664710784649,1,-0.04053664710784649,0,0
SOL,2022-11-26,24,0.009936206659129542,1.885386981363477e-8,2,0,0.02270851549280186,3,1,0.009936206659129542,1,0.009936206659129542,0,0
SOL,2022-11-27,24,-0.0035373224008508238,1.8752703476696094e-8,2,0,0.022700413511102156,3,1,-0.0035373224008508238,1,-0.0035373224008508238,0,0
SOL,2022-11-28,24,-0.05611672537724515,1.8814217480126487e-8,2,0,0.022865658543803135,3,1,-0.05611672537724515,1,-0.05611672537724515,0,0
SOL,2022-11-29,24,-2.6020852139652106e-17,1.87375849103855e-8,2,0,0.022873885248542745,3,1,-2.6020852139652106e-17,1,-2.6020852139652106e-17,0,0
SOL,2022-11-30,24,0.05965404777809591,1.881265599049518e-8,2,0,0.0229110538060332,3,1,0.05965404777809591,1,0.05965404777809591,0,0
SOL,2022-12-01,24,-0.0469909362934664,1.865056622911161e-8,2,0,0.02290122819640093,3,1,-0.0469909362934664,1,-0.0469909362934664,0,0
SOL,2022-12-02,24,0.014695341602115839,1.881713228381273e-8,2,0,0.02285876314566884,3,1,0.014695341602115839,1,0.014695341602115839,0,0
SOL,2022-12-03,24,-0.030361458346514783,1.883226678896443e-8,2,0,0.02282749695144569,3,1,-0.030361458346514783,1,-0.030361458346514783,0,0
SOL,2022-12-04,24,0.031090587070031137,1.897950024039e-8,2,0,0.02275378231599962,3,1,0.031090587070031137,1,0.031090587070031137,0,0
SOL,2022-12-05,24,0.007262196041784522,1.8783782592050468e-8,2,0,0.02248417732735854,3,1,0.007262196041784522,1,0.007262196041784522,0,0
SOL,2022-12-06,24,0.03414271892633795,1.8870758211812093e-8,2,0,0.02245303827894535,3,1,0.03414271892633795,1,0.03414271892633795,0,0
SOL,2022-12-07,24,-0.05756985182147781,1.8934344753361615e-8,2,0,0.022166030594008422,3,1,-0.05756985182147781,1,-0.05756985182147781,0,0
SOL,2022-12-08,24,0.014706147389695761,1.9632077465391474e-8,2,0,0.021045688831764067,3,1,0.014706147389695761,1,0.014706147389695761,0,0
SOL,2022-12-09,24,-0.010271550321830122,1.574434700511633e-8,2,0,0.016868654693768022,3,1,-0.010271550321830122,1,-0.010271550321830122,0,0
SOL,2022-12-10,24,-1.6783449630075609e-16,1.1191878472156605e-8,1,0,0.013088125776334891,2,1,-1.6783449630075609e-16,1,-1.6783449630075609e-16,0.4166666666666666,-0.003337191334528519
SOL,2022-12-11,24,-0.011123585218662548,1.0762176209098149e-8,1,0,0.012198213003562284,2,1,-0.011123585218662548,1,-0.011123585218662548,1,-0.011123585218662548
SOL,2022-12-12,24,-0.006734032181344322,1.0662285131248881e-8,1,0,0.01204287106883775,2,1,-0.006734032181344322,1,-0.006734032181344322,1,-0.006734032181344322
SOL,2022-12-13,24,0.04046156921449687,9.968990318339079e-9,1,0,0.011831879901700362,2,1,0.04046156921449687,1,0.04046156921449687,1,0.04046156921449687
SOL,2022-12-14,24,0.01857196236969577,7.148252904954826e-9,1,0,0.010026911963783844,1,1,0.01857196236969577,1,0.01857196236969577,1,0.01857196236969577
SOL,2022-12-15,24,-0.00567780091668152,6.988533579967881e-9,1,0,0.009787808342923057,1,1,-0.00567780091668152,1,-0.00567780091668152,1,-0.00567780091668152
SOL,2022-12-16,24,-0.1387304460806736,7.1172668898653476e-9,1,0,0.009923472692532603,1,1,-0.1387304460806736,1,-0.1387304460806736,1,-0.1387304460806736
SOL,2022-12-17,24,0.02343541597287094,6.772536513254833e-9,1,0,0.009659051815015527,1,1,0.02343541597287094,1,0.02343541597287094,1,0.02343541597287094
SOL,2022-12-18,24,-0.012861913642407515,6.81899479364285e-9,1,0,0.009625261931979722,1,1,-0.012861913642407515,1,-0.012861913642407515,1,-0.012861913642407515
SOL,2022-12-19,24,-0.03540921591972006,6.8428242218172905e-9,1,0,0.009653346134345316,1,1,-0.03540921591972006,1,-0.03540921591972006,1,-0.03540921591972006
SOL,2022-12-20,24,0.028101022612994804,6.6485873396923945e-9,1,0,0.009447499125671641,1,1,0.028101022612994804,1,0.028101022612994804,1,0.028101022612994804
SOL,2022-12-21,24,-0.010651473091468047,6.548357627626554e-9,1,0,0.009276665079484374,1,1,-0.010651473091468047,1,-0.010651473091468047,1,-0.010651473091468047
SOL,2022-12-22,24,-0.027559155422081236,5.7042961898514686e-9,1,0,0.008693403038071378,1,1,-0.027559155422081236,1,-0.027559155422081236,1,-0.027559155422081236
SOL,2022-12-23,24,-0.0033927089370856434,5.2897417305007044e-9,1,0,0.008087286186349261,1,1,-0.0033927089370856434,1,-0.0033927089370856434,1,-0.0033927089370856434
SOL,2022-12-24,24,-0.02669120998559217,5.118466798894408e-9,1,0,0.007925232332619561,1,1,-0.02669120998559217,1,-0.02669120998559217,1,-0.02669120998559217
SOL,2022-12-25,24,-0.006126933827502927,5.047945558115495e-9,1,0,0.0077634545921609534,1,1,-0.006126933827502927,1,-0.006126933827502927,1,-0.006126933827502927
SOL,2022-12-26,24,-0.006164704684054086,4.9156459252777425e-9,1,0,0.007582845635407639,1,1,-0.006164704684054086,1,-0.006164704684054086,1,-0.006164704684054086
SOL,2022-12-27,24,-0.02052727141276144,4.913047775441338e-9,1,0,0.007569567929546842,1,1,-0.02052727141276144,1,-0.02052727141276144,1,-0.02052727141276144
SOL,2022-12-28,24,-0.1277514009372743,5.040661094085171e-9,1,0,0.007722595188376032,1,1,-0.1277514009372743,1,-0.1277514009372743,1,-0.1277514009372743
SOL,2022-12-29,24,-0.01340917461496683,6.402817136375392e-9,1,0,0.009184122656546558,1,1,-0.01340917461496683,1,-0.01340917461496683,1,-0.01340917461496683
SOL,2022-12-30,24,0.026640919824586634,6.407830648137441e-9,1,0,0.009437291436552357,1,1,0.026640919824586634,1,0.026640919824586634,1,0.026640919824586634
SOL,2022-12-31,24,0.0070529259618860324,6.416172405934144e-9,1,0,0.009508185116569494,1,1,0.0070529259618860324,1,0.0070529259618860324,1,0.0070529259618860324
SOL,2023-01-01,24,0.00400802139753896,6.3998261245767414e-9,1,0,0.009514742936616338,1,1,0.00400802139753896,1,0.00400802139753896,1,0.00400802139753896
SOL,2023-01-02,24,0.11955923505763923,7.189201865910634e-9,1,0,0.010312969063944083,1,1,0.11955923505763923,1,0.11955923505763923,1,0.11955923505763923
SOL,2023-01-03,24,0.17161672664839764,7.287048880777501e-9,1,0,0.010848444575942154,1,1,0.17161672664839764,1,0.17161672664839764,1,0.17161672664839764
SOL,2023-01-04,24,0.004474280394921315,7.272410976062799e-9,1,0,0.011049270654167864,1,1,0.004474280394921315,1,0.004474280394921315,1,0.004474280394921315
SOL,2023-01-05,24,-0.0014892035514676926,7.316736191062521e-9,1,0,0.011153008977789232,2,1,-0.0014892035514676926,1,-0.0014892035514676926,1,-0.0014892035514676926
SOL,2023-01-06,24,0.0074239390712824115,7.235497959228602e-9,1,0,0.011184375321719316,2,1,0.0074239390712824115,1,0.0074239390712824115,1,0.0074239390712824115
SOL,2023-01-07,24,-0.031557840407712374,7.203401669922781e-9,1,0,0.011180506706777511,2,1,-0.031557840407712374,1,-0.031557840407712374,1,-0.031557840407712374
SOL,2023-01-08,24,0.09877398652351338,7.40085930482053e-9,1,0,0.011451765004467474,2,1,0.09877398652351338,1,0.09877398652351338,1,0.09877398652351338
SOL,2023-01-09,24,0.11732188738904621,7.1994301377914125e-9,1,0,0.01185976740122389,2,1,0.11732188738904621,1,0.11732188738904621,1,0.11732188738904621
SOL,2023-01-10,24,-0.003079768372079849,7.2507928657343046e-09,1,0,0.012055914769914262,2,1,-0.003079768372079849,1,-0.003079768372079849,1,-0.003079768372079849
SOL,2023-01-11,24,0.009822055635459079,7.066517107100876e-9,1,0,0.012073869616784614,2,1,0.009822055635459079,1,0.009822055635459079,1,0.009822055635459079
SOL,2023-01-12,24,0.013349712819309438,6.958579881866321e-9,1,0,0.012033285032027706,2,1,0.013349712819309438,1,0.013349712819309438,1,0.013349712819309438
SOL,2023-01-13,24,0.0981009556450226,7.164025650216203e-9,1,0,0.012267871085206768,2,1,0.0981009556450226,1,0.0981009556450226,1,0.0981009556450226
SOL,2023-01-14,24,0.2827519063439218,7.851471871031008e-9,1,0,0.013510928314482883,2,1,0.2827519063439218,1,0.2827519063439218,1,0.2827519063439218
SOL,2023-01-15,24,-0.058516055631103396,7.781450336636319e-9,1,0,0.013552313232000015,2,1,-0.058516055631103396,1,-0.058516055631103396,1,-0.058516055631103396
SOL,2023-01-16,24,0.029261984549031058,7.922860674030012e-9,1,0,0.013795563740791283,2,1,0.029261984549031058,1,0.029261984549031058,1,0.029261984549031058
SOL,2023-01-17,24,-0.03013572859762796,7.781331337536143e-9,1,0,0.013836861933598255,2,1,-0.03013572859762796,1,-0.03013572859762796,1,-0.03013572859762796
SOL,2023-01-18,24,-0.093868911238716,7.707163126658524e-9,1,0,0.014103274717286637,3,1,-0.093868911238716,1,-0.093868911238716,0.6666666666666666,-0.0527897445238546
SOL,2023-01-19,24,0.028397554212605404,7.648805145549981e-9,1,0,0.014147483897157653,3,1,0.028397554212605404,1,0.028397554212605404,0,0
SOL,2023-01-20,24,0.1762368200238482,7.593705103613072e-9,1,0,0.014366722205257825,3,1,0.1762368200238482,1,0.1762368200238482,0,0
SOL,2023-01-21,24,-0.03950244297624626,7.626156868867569e-9,1,0,0.014492468895746766,3,1,-0.03950244297624626,1,-0.03950244297624626,0,0
SOL,2023-01-22,24,-0.015173553370447623,7.7251396215322e-9,1,0,0.014624131880014105,3,1,-0.015173553370447623,1,-0.015173553370447623,0,0
SOL,2023-01-23,24,0.0057684543967403395,7.753846491090569e-9,1,0,0.01463848580892347,3,1,0.0057684543967403395,1,0.0057684543967403395,0,0
SOL,2023-01-24,24,-0.06623812954034501,7.74697389996442e-9,1,0,0.014768757508850632,3,1,-0.06623812954034501,1,-0.06623812954034501,0,0
SOL,2023-01-25,24,0.07401390025136197,7.81117540781319e-9,1,0,0.015055836712121655,3,1,0.07401390025136197,1,0.07401390025136197,0,0
SOL,2023-01-26,24,-0.006133734217272429,7.801225282712583e-9,1,0,0.01506495431976766,3,1,-0.006133734217272429,1,-0.006133734217272429,0,0
SOL,2023-01-27,24,0.002458010250269066,7.502767672815023e-9,1,0,0.014726322702876292,3,1,0.002458010250269066,1,0.002458010250269066,0,0
SOL,2023-01-28,24,-0.017334317651557022,6.955051253763593e-9,1,0,0.013834006704388844,2,1,-0.017334317651557022,1,-0.017334317651557022,0.041666666666666685,0.0011539147315555386
SOL,2023-01-29,24,0.08266528249679919,6.942892277445688e-9,1,0,0.013667934926325651,2,1,0.08266528249679919,1,0.08266528249679919,1,0.08266528249679919
SOL,2023-01-30,24,-0.0851663259013884,7.0628895479076595e-9,1,0,0.013816682339788418,2,1,-0.0851663259013884,1,-0.0851663259013884,1,-0.0851663259013884
SOL,2023-01-31,24,-0.0012528713269668807,7.0221096225275064e-9,1,0,0.013852081205232653,2,1,-0.0012528713269668807,1,-0.0012528713269668807,1,-0.0012528713269668807
SOL,2023-02-01,24,0.0425422023713998,6.583090213289112e-9,1,0,0.013466601657245945,2,1,0.0425422023713998,1,0.0425422023713998,1,0.0425422023713998
SOL,2023-02-02,24,-0.02719875394517908,6.566407731631645e-9,1,0,0.013280902351631244,2,1,-0.02719875394517908,1,-0.02719875394517908,1,-0.02719875394517908
SOL,2023-02-03,24,0.015516848690684126,6.5015048566283226e-9,1,0,0.013067109104657339,2,1,0.015516848690684126,1,0.015516848690684126,1,0.015516848690684126
SOL,2023-02-04,24,-0.013461349508588558,6.498870460306679e-9,1,0,0.012957478738609474,2,1,-0.013461349508588558,1,-0.013461349508588558,1,-0.013461349508588558
SOL,2023-02-05,24,-0.03595705085777778,6.596437634181689e-9,1,0,0.012955490745132215,2,1,-0.03595705085777778,1,-0.03595705085777778,1,-0.03595705085777778
SOL,2023-02-06,24,-0.03332920481787063,6.598497527768486e-9,1,0,0.01298126110645743,2,1,-0.03332920481787063,1,-0.03332920481787063,1,-0.03332920481787063
SOL,2023-02-07,24,0.04811924834419862,6.465609653470888e-9,1,0,0.01284766796684364,2,1,0.04811924834419862,1,0.04811924834419862,1,0.04811924834419862
SOL,2023-02-08,24,-0.027643690929708475,6.526379738293661e-9,1,0,0.012525659395688081,2,1,-0.027643690929708475,1,-0.027643690929708475,1,-0.027643690929708475
SOL,2023-02-09,24,-0.12476075159424224,6.552608887977673e-9,1,0,0.012583012443497478,2,1,-0.12476075159424224,1,-0.12476075159424224,1,-0.12476075159424224
SOL,2023-02-10,24,-0.01724605444165988,6.667851360673523e-9,1,0,0.012612812244770745,2,1,-0.01724605444165988,1,-0.01724605444165988,1,-0.01724605444165988
SOL,2023-02-11,24,0.034199717955284474,6.695055119256643e-9,1,0,0.012384543074061559,2,1,0.034199717955284474,1,0.034199717955284474,1,0.034199717955284474
SOL,2023-02-12,24,0.03260388009281598,6.651551444844566e-9,1,0,0.01219697146329246,2,1,0.03260388009281598,1,0.03260388009281598,1,0.03260388009281598
SOL,2023-02-13,24,-0.035489884981951096,5.9263493680278225e-9,1,0,0.010954157657546882,1,1,-0.035489884981951096,1,-0.035489884981951096,1,-0.035489884981951096
SOL,2023-02-14,24,0.05071509257901647,5.8437873983054685e-9,1,0,0.010810284973348662,1,1,0.05071509257901647,1,0.05071509257901647,1,0.05071509257901647
SOL,2023-02-15,24,0.08929813764769684,5.6363174241972475e-9,1,0,0.010544703095855286,1,1,0.08929813764769684,1,0.08929813764769684,1,0.08929813764769684
SOL,2023-02-16,24,-0.0720485043129175,5.763537093046309e-9,1,0,0.010640352996948248,1,1,-0.0720485043129175,1,-0.0720485043129175,1,-0.0720485043129175
SOL,2023-02-17,24,0.04100199632075929,5.666649853738137e-9,1,0,0.010242149146286385,1,1,0.04100199632075929,1,0.04100199632075929,1,0.04100199632075929
SOL,2023-02-18,24,0.013728229330689606,5.736702479327474e-9,1,0,0.010192415322336636,1,1,0.013728229330689606,1,0.013728229330689606,1,0.013728229330689606
SOL,2023-02-19,24,0.0563295896571431,5.940166180963039e-9,1,0,0.010147854915700005,1,1,0.0563295896571431,1,0.0563295896571431,1,0.0563295896571431
SOL,2023-02-20,24,0.05523236455581332,6.0472388991581654e-9,1,0,0.010156531513111985,1,1,0.05523236455581332,1,0.05523236455581332,1,0.05523236455581332
SOL,2023-02-21,24,-0.04920945937845671,5.976877301432424e-9,1,0,0.010176064857866481,1,1,-0.04920945937845671,1,-0.04920945937845671,1,-0.04920945937845671
SOL,2023-02-22,24,-0.032963309982040036,5.922463122643065e-9,1,0,0.010216796678206758,1,1,-0.032963309982040036,1,-0.032963309982040036,1,-0.032963309982040036
SOL,2023-02-23,24,-0.010397265632960529,5.803359395138687e-9,1,0,0.010134361360928271,1,1,-0.010397265632960529,1,-0.010397265632960529,1,-0.010397265632960529
SOL,2023-02-24,24,-0.035748487442532256,5.538456386428672e-9,1,0,0.00976133452240426,1,1,-0.035748487442532256,1,-0.035748487442532256,1,-0.035748487442532256
SOL,2023-02-25,24,-0.03169279335300045,5.611293767291898e-9,1,0,0.009794545190410687,1,1,-0.03169279335300045,1,-0.03169279335300045,1,-0.03169279335300045
SOL,2023-02-26,24,0.04032097457633875,5.653628302386829e-9,1,0,0.00973666281988286,1,1,0.04032097457633875,1,0.04032097457633875,1,0.04032097457633875
SOL,2023-02-27,24,-0.026552158343799315,5.656070483849543e-9,1,0,0.009753042589284595,1,1,-0.026552158343799315,1,-0.026552158343799315,1,-0.026552158343799315
SOL,2023-02-28,24,-0.03638398177104507,5.531094522341927e-9,1,0,0.009591887594728506,1,1,-0.03638398177104507,1,-0.03638398177104507,1,-0.03638398177104507
SOL,2023-03-01,24,0.029745320523096964,5.370272415740302e-9,1,0,0.009349862039127623,1,1,0.029745320523096964,1,0.029745320523096964,1,0.029745320523096964
SOL,2023-03-02,24,-0.02381599870482007,5.3907243160183094e-9,1,0,0.009288168557206974,1,1,-0.02381599870482007,1,-0.02381599870482007,1,-0.02381599870482007
SOL,2023-03-03,24,-0.02672970196507829,5.64058227794274e-9,1,0,0.009315732304035703,1,1,-0.02672970196507829,1,-0.02672970196507829,1,-0.02672970196507829
SOL,2023-03-04,24,-0.01981196876904995,5.491078137617743e-9,1,0,0.009028705219015075,1,1,-0.01981196876904995,1,-0.01981196876904995,1,-0.01981196876904995
SOL,2023-03-05,24,4.763038908812147e-4,5.606411616356969e-9,1,0,0.009008306308222972,1,1,4.763038908812147e-4,1,4.763038908812147e-4,1,4.763038908812147e-4
SOL,2023-03-06,24,-0.019231361927887287,5.592717929676155e-9,1,0,0.00903211853530604,1,1,-0.019231361927887287,1,-0.019231361927887287,1,-0.019231361927887287
SOL,2023-03-07,24,-0.017630231376270986,5.600516604082599e-9,1,0,0.009035893788567962,1,1,-0.017630231376270986,1,-0.017630231376270986,1,-0.017630231376270986
SOL,2023-03-08,24,-0.09585380580303493,5.70746063660645e-9,1,0,0.009167352026707855,1,1,-0.09585380580303493,1,-0.09585380580303493,1,-0.09585380580303493
SOL,2023-03-09,24,-0.05821453222336127,5.681191508527274e-9,1,0,0.009292894238683253,1,1,-0.05821453222336127,1,-0.05821453222336127,1,-0.05821453222336127
SOL,2023-03-10,24,0.05166786399704692,6.047987511305361e-9,1,0,0.009701924298868903,1,1,0.05166786399704692,1,0.05166786399704692,1,0.05166786399704692
SOL,2023-03-11,24,-0.0027404785581027543,6.210694118565515e-9,1,0,0.009823884230019203,1,1,-0.0027404785581027543,1,-0.0027404785581027543,1,-0.0027404785581027543
SOL,2023-03-12,24,0.10760826200591116,5.90388287688577e-9,1,0,0.009924657025501982,1,1,0.10760826200591116,1,0.10760826200591116,1,0.10760826200591116
SOL,2023-03-13,24,0.009808808413085091,6.002506234606288e-9,1,0,0.010277507965247512,1,1,0.009808808413085091,1,0.009808808413085091,1,0.009808808413085091
SOL,2023-03-14,24,0.021724243191582743,6.0288546975025885e-9,1,0,0.010480549574273504,1,1,0.021724243191582743,1,0.021724243191582743,1,0.021724243191582743
SOL,2023-03-15,24,-0.08000291222215133,5.909382240180838e-9,1,0,0.0104786711621826,1,1,-0.08000291222215133,1,-0.08000291222215133,1,-0.08000291222215133
SOL,2023-03-16,24,0.02048202681428452,5.92575763358961e-9,1,0,0.010478864487434994,1,1,0.02048202681428452,1,0.02048202681428452,1,0.02048202681428452
SOL,2023-03-17,24,0.09286513441397437,6.081555882555182e-9,1,0,0.010610562324471369,1,1,0.09286513441397437,1,0.09286513441397437,1,0.09286513441397437
SOL,2023-03-18,24,-0.018648559078072773,6.039443065483576e-9,1,0,0.01060900755436424,1,1,-0.018648559078072773,1,-0.018648559078072773,1,-0.018648559078072773
SOL,2023-03-19,24,0.031042566709388972,6.085358351633651e-9,1,0,0.010644890262448593,1,1,0.031042566709388972,1,0.031042566709388972,1,0.031042566709388972
SOL,2023-03-20,24,0.010889399799268808,6.2313024962015065e-9,1,0,0.011010125874785628,2,1,0.010889399799268808,1,0.010889399799268808,1,0.010889399799268808
SOL,2023-03-21,24,0.020545608808891065,5.99284911283779e-9,1,0,0.010901543287724202,2,1,0.020545608808891065,1,0.020545608808891065,1,0.020545608808891065
SOL,2023-03-22,24,-0.054042661202488684,6.138713109234111e-9,1,0,0.011012444614671232,2,1,-0.054042661202488684,1,-0.054042661202488684,1,-0.054042661202488684
SOL,2023-03-23,24,0.036200974725998314,6.160193359153778e-9,1,0,0.01094825968623329,2,1,0.036200974725998314,1,0.036200974725998314,1,0.036200974725998314
SOL,2023-03-24,24,-0.07182573457125545,6.194982997198836e-9,1,0,0.0109308280869194,2,1,-0.07182573457125545,1,-0.07182573457125545,1,-0.07182573457125545
SOL,2023-03-25,24,-0.011673284304724736,6.304395576728413e-9,1,0,0.010881089463080718,2,1,-0.011673284304724736,1,-0.011673284304724736,1,-0.011673284304724736
SOL,2023-03-26,24,0.02512209411733739,6.372980207942616e-9,1,0,0.010837261575385736,1,1,0.02512209411733739,1,0.02512209411733739,1,0.02512209411733739
SOL,2023-03-27,24,-0.0523987665869602,6.346361251225328e-9,1,0,0.01081894588446708,1,1,-0.0523987665869602,1,-0.0523987665869602,1,-0.0523987665869602
SOL,2023-03-28,24,0.027765789622930158,6.4965675333112156e-9,1,0,0.010885969553187304,2,1,0.027765789622930158,1,0.027765789622930158,1,0.027765789622930158
SOL,2023-03-29,24,0.03176397937141875,6.4536434488910535e-9,1,0,0.010899341178153029,2,1,0.03176397937141875,1,0.03176397937141875,1,0.03176397937141875
SOL,2023-03-30,24,-0.026885920917985386,6.486401411394567e-9,1,0,0.010925533118006368,2,1,-0.026885920917985386,1,-0.026885920917985386,1,-0.026885920917985386
SOL,2023-03-31,24,0.03019639923101642,6.5231102149035094e-9,1,0,0.010940404484185033,2,1,0.03019639923101642,1,0.03019639923101642,1,0.03019639923101642
SOL,2023-04-01,24,-0.00425834568257743,6.58344043248716e-9,1,0,0.010925074350488473,2,1,-0.00425834568257743,1,-0.00425834568257743,1,-0.00425834568257743
SOL,2023-04-02,24,-0.02739897418811436,6.355271719337254e-9,1,0,0.010682679336319893,1,1,-0.02739897418811436,1,-0.02739897418811436,1,-0.02739897418811436
SOL,2023-04-03,24,-0.0034171378137582784,6.32815761973106e-9,1,0,0.010765835950426827,1,1,-0.0034171378137582784,1,-0.0034171378137582784,1,-0.0034171378137582784
SOL,2023-04-04,24,0.02224463095173196,6.202893309481396e-9,1,0,0.010769633886229098,1,1,0.02224463095173196,1,0.02224463095173196,1,0.02224463095173196
SOL,2023-04-05,24,0.0033420895276089573,6.07639152749574e-9,1,0,0.010764638369395058,1,1,0.0033420895276089573,1,0.0033420895276089573,1,0.0033420895276089573
SOL,2023-04-06,24,-0.016338662354789073,6.0585539886456705e-9,1,0,0.01072185694710732,1,1,-0.016338662354789073,1,-0.016338662354789073,1,-0.016338662354789073
SOL,2023-04-07,24,-0.00875918008988128,5.9707333230641855e-09,1,0,0.010556676252404201,1,1,-0.00875918008988128,1,-0.00875918008988128,1,-0.00875918008988128
SOL,2023-04-08,24,-0.02024260677090184,5.939878933833547e-9,1,0,0.01030504710165113,1,1,-0.02024260677090184,1,-0.02024260677090184,1,-0.02024260677090184
SOL,2023-04-09,24,0.01239173229516366,5.647966953340465e-9,1,0,0.009880106186606969,1,1,0.01239173229516366,1,0.01239173229516366,1,0.01239173229516366
SOL,2023-04-10,24,0.029606627392800976,5.272912391652831e-9,1,0,0.009467655761344023,1,1,0.029606627392800976,1,0.029606627392800976,1,0.029606627392800976
SOL,2023-04-11,24,0.09613588985319463,5.465711398841687e-9,1,0,0.00957989359648192,1,1,0.09613588985319463,1,0.09613588985319463,1,0.09613588985319463
SOL,2023-04-12,24,0.0337422572050343,5.42088885510878e-9,1,0,0.009481602697608409,1,1,0.0337422572050343,1,0.0337422572050343,1,0.0337422572050343
SOL,2023-04-13,24,0.026933469760254958,5.229964181258861e-9,1,0,0.009185859750192722,1,1,0.026933469760254958,1,0.026933469760254958,1,0.026933469760254958
SOL,2023-04-14,24,0.011786358755672879,5.159871569560142e-9,1,0,0.009114809662532615,1,1,0.011786358755672879,1,0.011786358755672879,1,0.011786358755672879
SOL,2023-04-15,24,-0.027443868574079062,5.134895110437856e-9,1,0,0.009000724274545222,1,1,-0.027443868574079062,1,-0.027443868574079062,1,-0.027443868574079062
SOL,2023-04-16,24,0.051397109596572024,5.0376152741156765e-9,1,0,0.008843676022952086,1,1,0.051397109596572024,1,0.051397109596572024,1,0.051397109596572024
SOL,2023-04-17,24,-0.03043887380909073,5.076381585577917e-9,1,0,0.008812609707429713,1,1,-0.03043887380909073,1,-0.03043887380909073,1,-0.03043887380909073
SOL,2023-04-18,24,0.009309923548359874,5.001866115355283e-9,1,0,0.008772726428460957,1,1,0.009309923548359874,1,0.009309923548359874,1,0.009309923548359874
SOL,2023-04-19,24,-0.08840418592351074,4.9442625023651795e-9,1,0,0.008634532635026877,1,1,-0.08840418592351074,1,-0.08840418592351074,1,-0.08840418592351074
SOL,2023-04-20,24,-0.02360385690844836,4.871679929498821e-9,1,0,0.008574466090259131,1,1,-0.02360385690844836,1,-0.02360385690844836,1,-0.02360385690844836
SOL,2023-04-21,24,-0.04234410773235669,4.614755785475497e-9,1,0,0.008263024875023115,1,1,-0.04234410773235669,1,-0.04234410773235669,1,-0.04234410773235669
SOL,2023-04-22,24,0.025070951001392068,4.5052786807070015e-9,1,0,0.008100310965401631,1,1,0.025070951001392068,1,0.025070951001392068,1,0.025070951001392068
SOL,2023-04-23,24,-0.015711968322848338,4.493087399121399e-9,1,0,0.00800037154377192,1,1,-0.015711968322848338,1,-0.015711968322848338,1,-0.015711968322848338
SOL,2023-04-24,24,-0.0037330887963758106,4.409739653144256e-9,1,0,0.008029180697320861,1,1,-0.0037330887963758106,1,-0.0037330887963758106,1,-0.0037330887963758106
SOL,2023-04-25,24,0.024475938985500937,4.416139273455134e-9,1,0,0.008045393236408913,1,1,0.024475938985500937,1,0.024475938985500937,1,0.024475938985500937
SOL,2023-04-26,24,-0.029631797606370913,4.754208799810699e-9,1,0,0.008490608426129352,1,1,-0.029631797606370913,1,-0.029631797606370913,1,-0.029631797606370913
SOL,2023-04-27,24,0.04861112916761118,4.641491946114116e-9,1,0,0.008537171203947747,1,1,0.04861112916761118,1,0.04861112916761118,1,0.04861112916761118
SOL,2023-04-28,24,0.045074354909711394,4.696035569930839e-9,1,0,0.008578172566270754,1,1,0.045074354909711394,1,0.045074354909711394,1,0.045074354909711394
SOL,2023-04-29,24,-0.006439172281021083,4.654104334095099e-9,1,0,0.008484736457258111,1,1,-0.006439172281021083,1,-0.006439172281021083,1,-0.006439172281021083
SOL,2023-04-30,24,-0.021768382416794217,4.654829462927222e-9,1,0,0.008465724176120243,1,1,-0.021768382416794217,1,-0.021768382416794217,1,-0.021768382416794217
SOL,2023-05-01,24,-0.03311264487747546,4.6021911720524426e-9,1,0,0.008531438193608422,1,1,-0.03311264487747546,1,-0.03311264487747546,1,-0.03311264487747546
SOL,2023-05-02,24,0.013556466083608066,4.482310818906291e-9,1,0,0.008529223370939035,1,1,0.013556466083608066,1,0.013556466083608066,1,0.013556466083608066
SOL,2023-05-03,24,-0.0013474064468340999,4.3896007910989585e-9,1,0,0.008454940964548425,1,1,-0.0013474064468340999,1,-0.0013474064468340999,1,-0.0013474064468340999
SOL,2023-05-04,24,-0.023648214343910467,4.35623993647737e-9,1,0,0.008433213119482343,1,1,-0.023648214343910467,1,-0.023648214343910467,1,-0.023648214343910467
SOL,2023-05-05,24,0.05025732307187564,4.387562271987558e-9,1,0,0.00846013842776878,1,1,0.05025732307187564,1,0.05025732307187564,1,0.05025732307187564
SOL,2023-05-06,24,-0.039273230943694844,4.34893452903219e-9,1,0,0.008508591000371338,1,1,-0.039273230943694844,1,-0.039273230943694844,1,-0.039273230943694844
SOL,2023-05-07,23,-0.016984571706399963,4.335184465579118e-9,1,0,0.008583599531513893,1,1,-0.016984571706399963,1,-0.016984571706399963,1,-0.016984571706399963
SOL,2023-05-08,24,-0.04546237407675723,4.350774491524441e-9,1,0,0.008714826322244244,1,1,-0.04546237407675723,1,-0.04546237407675723,1,-0.04546237407675723
SOL,2023-05-09,24,0.0019361090268662268,4.3997000477469255e-9,1,0,0.008767650357359946,1,1,0.0019361090268662268,1,0.0019361090268662268,1,0.0019361090268662268
SOL,2023-05-10,24,0.012494155802162126,4.465023930076989e-9,1,0,0.008846162266335169,1,1,0.012494155802162126,1,0.012494155802162126,1,0.012494155802162126
SOL,2023-05-11,24,-0.03548367402686132,4.3607630902108815e-9,1,0,0.008463210204085091,1,1,-0.03548367402686132,1,-0.03548367402686132,1,-0.03548367402686132
SOL,2023-05-12,24,0.03404998202501323,4.10283120701697e-9,1,0,0.008154484044295637,1,1,0.03404998202501323,1,0.03404998202501323,1,0.03404998202501323
SOL,2023-05-13,24,-0.002394063867915893,4.0577339124523896e-9,1,0,0.00805693271819956,1,1,-0.002394063867915893,1,-0.002394063867915893,1,-0.002394063867915893
SOL,2023-05-14,24,0.004305196795520383,3.951215193286738e-9,1,0,0.007837004129411034,1,1,0.004305196795520383,1,0.004305196795520383,1,0.004305196795520383
SOL,2023-05-15,24,0.0028598684887622284,3.939442859413031e-9,1,0,0.007856612345304477,1,1,0.0028598684887622284,1,0.0028598684887622284,1,0.0028598684887622284
SOL,2023-05-16,24,-0.016315141163231964,3.773032043037625e-9,1,0,0.007741415151045406,1,1,-0.016315141163231964,1,-0.016315141163231964,1,-0.016315141163231964
SOL,2023-05-17,24,0.01774201417583221,3.648427996076786e-9,1,0,0.007602881175560277,1,1,0.01774201417583221,1,0.01774201417583221,1,0.01774201417583221
SOL,2023-05-18,24,-0.03334447598090489,3.610804802869694e-9,1,0,0.007576422420992975,1,1,-0.03334447598090489,1,-0.03334447598090489,1,-0.03334447598090489
SOL,2023-05-19,24,4.912797937178133e-4,3.3268146796230565e-9,1,0,0.007125621985196601,1,1,4.912797937178133e-4,1,4.912797937178133e-4,1,4.912797937178133e-4
SOL,2023-05-20,24,-0.004430231218413629,3.2749393164992585e-9,1,0,0.006885315233842523,1,1,-0.004430231218413629,1,-0.004430231218413629,1,-0.004430231218413629
SOL,2023-05-21,24,-0.03259250632669131,3.2142142930178395e-9,1,0,0.00676498380396035,1,1,-0.03259250632669131,1,-0.03259250632669131,1,-0.03259250632669131
SOL,2023-05-22,24,-0.004085807522580226,3.2247293534742575e-9,1,0,0.006752403355722517,1,1,-0.004085807522580226,1,-0.004085807522580226,1,-0.004085807522580226
SOL,2023-05-23,24,0.025266629602027316,3.1962224674240326e-9,1,0,0.006726587070487401,1,1,0.025266629602027316,1,0.025266629602027316,1,0.025266629602027316
SOL,2023-05-24,24,-0.042299299436198805,3.169121472414153e-9,1,0,0.0067016774527931065,1,1,-0.042299299436198805,1,-0.042299299436198805,1,-0.042299299436198805
SOL,2023-05-25,24,0.002599429589514319,3.1497741474556376e-9,1,0,0.006641753035751758,1,1,0.002599429589514319,1,0.002599429589514319,1,0.002599429589514319
SOL,2023-05-26,24,0.00569507104892498,2.658250722250448e-9,1,0,0.005915710932267755,1,1,0.00569507104892498,1,0.00569507104892498,1,0.00569507104892498
SOL,2023-05-27,24,0.05474628310457563,2.568652279454363e-9,1,0,0.005673759606528709,1,1,0.05474628310457563,1,0.05474628310457563,1,0.05474628310457563
SOL,2023-05-28,24,0.017442302663342003,2.4319817512485392e-9,1,0,0.005517802344528831,1,1,0.017442302663342003,1,0.017442302663342003,1,0.017442302663342003
SOL,2023-05-29,24,-0.011594332780919278,2.4008668090419055e-9,1,0,0.005496117317857434,1,1,-0.011594332780919278,1,-0.011594332780919278,1,-0.011594332780919278
SOL,2023-05-30,24,0.03250764250789863,2.341810652157173e-9,1,0,0.005523963923366915,1,1,0.03250764250789863,1,0.03250764250789863,1,0.03250764250789863
SOL,2023-05-31,24,-0.021393732508258708,2.2725625825990616e-9,1,0,0.005421214677157608,1,1,-0.021393732508258708,1,-0.021393732508258708,1,-0.021393732508258708
SOL,2023-06-01,24,-0.014521068321253496,2.3436515276457673e-9,1,0,0.0054487307482360275,1,1,-0.014521068321253496,1,-0.014521068321253496,1,-0.014521068321253496
SOL,2023-06-02,24,0.035444323286136566,2.301383996213438e-9,1,0,0.005372576234632025,1,1,0.035444323286136566,1,0.035444323286136566,1,0.035444323286136566
SOL,2023-06-03,24,-0.0023557136924589354,2.3485210952483834e-9,1,0,0.005337340863770809,1,1,-0.0023557136924589354,1,-0.0023557136924589354,1,-0.0023557136924589354
SOL,2023-06-04,24,0.028825798726957994,2.375345937800695e-9,1,0,0.005341028141016249,1,1,0.028825798726957994,1,0.028825798726957994,1,0.028825798726957994
SOL,2023-06-05,24,-0.08659483180928261,2.868760849514721e-9,1,0,0.005965773197951472,1,1,-0.08659483180928261,1,-0.08659483180928261,1,-0.08659483180928261
SOL,2023-06-06,24,0.018812435990721993,2.9286183275470025e-9,1,0,0.006053749330158299,1,1,0.018812435990721993,1,0.018812435990721993,1,0.018812435990721993
SOL,2023-06-07,24,-0.09027139997286711,2.876426571556976e-9,1,0,0.005984662133117573,1,1,-0.09027139997286711,1,-0.09027139997286711,1,-0.09027139997286711
SOL,2023-06-08,24,0.013329976103857472,2.8278326561401623e-9,1,0,0.005994387828197745,1,1,0.013329976103857472,1,0.013329976103857472,1,0.013329976103857472
SOL,2023-06-09,24,-0.08220783235116284,2.919549096938669e-9,1,0,0.006146188866424112,1,1,-0.08220783235116284,1,-0.08220783235116284,1,-0.08220783235116284
SOL,2023-06-10,24,-0.10670318393280666,4.6136107590076635e-9,1,0,0.008315252256926395,1,1,-0.10670318393280666,1,-0.10670318393280666,1,-0.10670318393280666
SOL,2023-06-11,24,-0.003846158587478027,4.874417483008024e-9,1,0,0.008470464208501888,1,1,-0.003846158587478027,1,-0.003846158587478027,1,-0.003846158587478027
SOL,2023-06-12,24,-0.02470866923822563,5.0067711786445e-9,1,0,0.008612163262730774,1,1,-0.02470866923822563,1,-0.02470866923822563,1,-0.02470866923822563
SOL,2023-06-13,24,-0.011254670271692697,5.1151201890801365e-9,1,0,0.008729353744656746,1,1,-0.011254670271692697,1,-0.011254670271692697,1,-0.011254670271692697
SOL,2023-06-14,24,-0.03661425937841799,5.48797526059264e-9,1,0,0.009031326086610472,1,1,-0.03661425937841799,1,-0.03661425937841799,1,-0.03661425937841799
SOL,2023-06-15,24,0.01982970958571833,5.58226655072769e-9,1,0,0.009139052889692464,1,1,0.01982970958571833,1,0.01982970958571833,1,0.01982970958571833
SOL,2023-06-16,24,0.0359081131263041,5.709346046446374e-9,1,0,0.009192774021675863,1,1,0.0359081131263041,1,0.0359081131263041,1,0.0359081131263041
SOL,2023-06-17,24,0.021325525447572647,5.921516419796297e-9,1,0,0.0092894228818485,1,1,0.021325525447572647,1,0.021325525447572647,1,0.021325525447572647
SOL,2023-06-18,24,-0.013518068742095348,5.958462069458028e-9,1,0,0.009323741456523394,1,1,-0.013518068742095348,1,-0.013518068742095348,1,-0.013518068742095348
SOL,2023-06-19,24,0.043747070703412626,5.965612135332981e-9,1,0,0.009362227006894349,1,1,0.043747070703412626,1,0.043747070703412626,1,0.043747070703412626
SOL,2023-06-20,24,0.03174869831458009,5.891505291292674e-9,1,0,0.009391218341389174,1,1,0.03174869831458009,1,0.03174869831458009,1,0.03174869831458009
SOL,2023-06-21,24,0.03600270808430625,5.681868833587868e-9,1,0,0.00946688284073566,1,1,0.03600270808430625,1,0.03600270808430625,1,0.03600270808430625
SOL,2023-06-22,24,-0.03660385027253266,5.688429521385133e-9,1,0,0.009575501982989008,1,1,-0.03660385027253266,1,-0.03660385027253266,1,-0.03660385027253266
SOL,2023-06-23,24,0.031372800854979906,5.664256465682839e-9,1,0,0.009668554412600392,1,1,0.031372800854979906,1,0.031372800854979906,1,0.031372800854979906
SOL,2023-06-24,24,-0.029570457321119716,5.575430713242417e-9,1,0,0.009765361272660176,1,1,-0.029570457321119716,1,-0.029570457321119716,1,-0.029570457321119716
SOL,2023-06-25,24,0.017846993625060557,5.521087715683496e-9,1,0,0.009833354726346506,1,1,0.017846993625060557,1,0.017846993625060557,1,0.017846993625060557
SOL,2023-06-26,24,-0.04153470913281068,5.5296436534375636e-9,1,0,0.009938852612891293,1,1,-0.04153470913281068,1,-0.04153470913281068,1,-0.04153470913281068
SOL,2023-06-27,24,0.021885371973889903,5.624958790271261e-9,1,0,0.009999403240267985,1,1,0.021885371973889903,1,0.021885371973889903,1,0.021885371973889903
SOL,2023-06-28,24,-0.039244766358973476,5.647367052050011e-9,1,0,0.010055078398040205,1,1,-0.039244766358973476,1,-0.039244766358973476,1,-0.039244766358973476
SOL,2023-06-29,24,0.11785252111657864,5.845123885043309e-9,1,0,0.010373120974923097,2,1,0.11785252111657864,1,0.11785252111657864,1,0.11785252111657864
SOL,2023-06-30,24,0.047227229242870206,6.246875060749634e-9,1,0,0.010983438215171549,2,1,0.047227229242870206,1,0.047227229242870206,1,0.047227229242870206
SOL,2023-07-01,24,-0.007450806155865368,6.242536847603202e-9,1,0,0.011035924213671888,2,1,-0.007450806155865368,1,-0.007450806155865368,1,-0.007450806155865368
SOL,2023-07-02,24,0.038768605708413305,6.3559179274760955e-9,1,0,0.011133787871653611,2,1,0.038768605708413305,1,0.038768605708413305,1,0.038768605708413305
SOL,2023-07-03,24,-0.01033067038787948,6.402829193030087e-9,1,0,0.011193794564744727,2,1,-0.01033067038787948,1,-0.01033067038787948,1,-0.01033067038787948
SOL,2023-07-04,24,-0.006250020345171522,6.489022738952081e-9,1,0,0.011191196475193791,2,1,-0.006250020345171522,1,-0.006250020345171522,1,-0.006250020345171522
SOL,2023-07-05,24,-0.007867861200613724,6.313421336697726e-9,1,0,0.010884549243096132,2,1,-0.007867861200613724,1,-0.007867861200613724,1,-0.007867861200613724
SOL,2023-07-06,24,0.03263692931302265,6.386038564163965e-9,1,0,0.011184172706585036,2,1,0.03263692931302265,1,0.03263692931302265,1,0.03263692931302265
SOL,2023-07-07,24,0.09150348099640015,6.24632483265133e-9,1,0,0.011385976857838816,2,1,0.09150348099640015,1,0.09150348099640015,1,0.09150348099640015
SOL,2023-07-08,24,0.01614798640798198,6.201819168012062e-9,1,0,0.011429306601562328,2,1,0.01614798640798198,1,0.01614798640798198,1,0.01614798640798198
SOL,2023-07-09,24,-0.023617675667992118,6.137693290719841e-9,1,0,0.011303544660203018,2,1,-0.023617675667992118,1,-0.023617675667992118,1,-0.023617675667992118
SOL,2023-07-10,24,-0.001876173158228194,5.024589464941409e-9,1,0,0.009896874366745688,1,1,-0.001876173158228194,1,-0.001876173158228194,1,-0.001876173158228194
SOL,2023-07-11,24,0.03596514869351498,4.893507897429486e-9,1,0,0.009784485109322255,1,1,0.03596514869351498,1,0.03596514869351498,1,0.03596514869351498
SOL,2023-07-12,24,-0.006360766561809969,4.758377526045937e-9,1,0,0.009701172787675726,1,1,-0.006360766561809969,1,-0.006360766561809969,1,-0.006360766561809969
SOL,2023-07-13,24,0.1697850831743976,5.165141335774032e-9,1,0,0.010367168546032094,2,1,0.1697850831743976,1,0.1697850831743976,1,0.1697850831743976
SOL,2023-07-14,24,0.02694148910038737,5.749144885476016e-9,1,0,0.011286645637302266,2,1,0.02694148910038737,1,0.02694148910038737,1,0.02694148910038737
SOL,2023-07-15,24,0.026234647012298717,5.7759276672379915e-9,1,0,0.0114034085719791,2,1,0.026234647012298717,1,0.026234647012298717,1,0.026234647012298717
SOL,2023-07-16,24,-8.239936510889834e-17,5.7042688768405755e-9,1,0,0.011416103152750583,2,1,-8.239936510889834e-17,1,-8.239936510889834e-17,1,-8.239936510889834e-17
SOL,2023-07-17,24,-0.020262251506768518,5.475130657946711e-9,1,0,0.011424307230878747,2,1,-0.020262251506768518,1,-0.020262251506768518,1,-0.020262251506768518
SOL,2023-07-18,24,-0.04998179311806602,5.4026881043219925e-9,1,0,0.01149066900743478,2,1,-0.04998179311806602,1,-0.04998179311806602,1,-0.04998179311806602
SOL,2023-07-19,24,0.029300476947782768,5.329183115941023e-9,1,0,0.011603798636882327,2,1,0.029300476947782768,1,0.029300476947782768,1,0.029300476947782768
SOL,2023-07-20,24,-0.037550376419924744,5.341615894696919e-9,1,0,0.011723491898054795,2,1,-0.037550376419924744,1,-0.037550376419924744,1,-0.037550376419924744
SOL,2023-07-21,24,0.0058997221271882404,5.438591008626537e-9,1,0,0.011699481150959135,2,1,0.0058997221271882404,1,0.0058997221271882404,1,0.0058997221271882404
SOL,2023-07-22,24,-0.0391893410963694,5.4441073452722195e-9,1,0,0.011639457398359565,2,1,-0.0391893410963694,1,-0.0391893410963694,1,-0.0391893410963694
SOL,2023-07-23,24,0.009336377946688987,5.484955342010537e-9,1,0,0.011558122901978192,2,1,0.009336377946688987,1,0.009336377946688987,1,0.009336377946688987
SOL,2023-07-24,24,-0.05737234046393254,5.6114490293361885e-9,1,0,0.011629982706020227,2,1,-0.05737234046393254,1,-0.05737234046393254,1,-0.05737234046393254
SOL,2023-07-25,24,-0.002570695503101083,5.566349239648314e-9,1,0,0.011595530930618362,2,1,-0.002570695503101083,1,-0.002570695503101083,1,-0.002570695503101083
SOL,2023-07-26,24,0.07716757556853553,5.5068798960750916e-9,1,0,0.011559566938813683,2,1,0.07716757556853553,1,0.07716757556853553,1,0.07716757556853553
SOL,2023-07-27,24,-0.003580668237869864,5.460859379277207e-9,1,0,0.011545087294086183,2,1,-0.003580668237869864,1,-0.003580668237869864,1,-0.003580668237869864
SOL,2023-07-28,24,-0.010416760858255443,5.426366811391145e-9,1,0,0.011525062540620117,2,1,-0.010416760858255443,1,-0.010416760858255443,1,-0.010416760858255443
SOL,2023-07-29,24,0.012805297025672959,5.364946981713509e-9,1,0,0.011220468044282561,2,1,0.012805297025672959,1,0.012805297025672959,1,0.012805297025672959
SOL,2023-07-30,24,-0.03602899302984419,5.031559812209701e-9,1,0,0.01064645511521109,2,1,-0.03602899302984419,1,-0.03602899302984419,1,-0.03602899302984419
SOL,2023-07-31,24,-0.022932003438589886,5.007513363353798e-9,1,0,0.01061682632597631,2,1,-0.022932003438589886,1,-0.022932003438589886,1,-0.022932003438589886
SOL,2023-08-01,24,0.014238096474456289,4.950199938455519e-9,1,0,0.010558871876053708,2,1,0.014238096474456289,1,0.014238096474456289,1,0.014238096474456289
SOL,2023-08-02,24,-0.03857227478624015,4.894635795321083e-9,1,0,0.010523658744190189,2,1,-0.03857227478624015,1,-0.03857227478624015,1,-0.03857227478624015
SOL,2023-08-03,24,-0.02317043547565189,4.868162577619387e-9,1,0,0.010509696674012442,2,1,-0.02317043547565189,1,-0.02317043547565189,1,-0.02317043547565189
SOL,2023-08-04,24,0.007051593785769449,4.8261447936235446e-9,1,0,0.010471167689410065,2,1,0.007051593785769449,1,0.007051593785769449,1,0.007051593785769449
SOL,2023-08-05,24,-0.00572562674066606,4.712666166456814e-9,1,0,0.010053839362508778,1,1,-0.00572562674066606,1,-0.00572562674066606,1,-0.00572562674066606
SOL,2023-08-06,24,0.02357158457662319,4.728077961792764e-9,1,0,0.009760042817915359,1,1,0.02357158457662319,1,0.02357158457662319,1,0.02357158457662319
SOL,2023-08-07,24,-0.003024413625316247,4.745371249931967e-9,1,0,0.00969162441721661,1,1,-0.003024413625316247,1,-0.003024413625316247,1,-0.003024413625316247
SOL,2023-08-08,24,0.04691331383865677,4.755988307023658e-9,1,0,0.009718522355544998,1,1,0.04691331383865677,1,0.04691331383865677,1,0.04691331383865677
SOL,2023-08-09,24,0.005763704716749305,4.799849541812671e-9,1,0,0.009637775964521544,1,1,0.005763704716749305,1,0.005763704716749305,1,0.005763704716749305
SOL,2023-08-10,24,0.008990661296192495,4.812732278813599e-9,1,0,0.009595455460395176,1,1,0.008990661296192495,1,0.008990661296192495,1,0.008990661296192495
SOL,2023-08-11,24,0.0012197602650757637,4.8702301159832285e-9,1,0,0.009553158597076585,1,1,0.0012197602650757637,1,0.0012197602650757637,1,0.0012197602650757637
SOL,2023-08-12,24,0.01171493906769729,4.323028664204398e-9,1,0,0.008687750914191935,1,1,0.01171493906769729,1,0.01171493906769729,1,0.01171493906769729
SOL,2023-08-13,24,-0.027689065345715923,3.0773667245654736e-9,1,0,0.00699291781100628,1,1,-0.027689065345715923,1,-0.027689065345715923,1,-0.027689065345715923
SOL,2023-08-14,24,0.0380766937072933,2.8880735009694224e-9,1,0,0.006688092077669965,1,1,0.0380766937072933,1,0.0380766937072933,1,0.0380766937072933
SOL,2023-08-15,24,-0.05179547049452142,2.872428360705322e-9,1,0,0.006626941073336337,1,1,-0.05179547049452142,1,-0.05179547049452142,1,-0.05179547049452142
SOL,2023-08-16,24,-0.04713811808012572,2.951005768943013e-9,1,0,0.006557970884277983,1,1,-0.04713811808012572,1,-0.04713811808012572,1,-0.04713811808012572
SOL,2023-08-17,24,-0.04993166668614742,3.2842107686191242e-9,1,0,0.0069873125792671185,1,1,-0.04993166668614742,1,-0.04993166668614742,1,-0.04993166668614742
SOL,2023-08-18,24,-0.016275644088186013,3.3626924435752403e-9,1,0,0.006924467740791076,1,1,-0.016275644088186013,1,-0.016275644088186013,1,-0.016275644088186013
SOL,2023-08-19,24,0.025458445070521318,3.3589274355818e-9,1,0,0.0067497458411664825,1,1,0.025458445070521318,1,0.025458445070521318,1,0.025458445070521318
SOL,2023-08-20,24,-0.005499555566038471,3.3630994791468602e-9,1,0,0.0066803151914165,1,1,-0.005499555566038471,1,-0.005499555566038471,1,-0.005499555566038471
SOL,2023-08-21,24,-0.026072240309775074,3.343112441222454e-9,1,0,0.0067127083765031025,1,1,-0.026072240309775074,1,-0.026072240309775074,1,-0.026072240309775074
SOL,2023-08-22,24,-0.0321139506471245,3.352498154975606e-9,1,0,0.006777369645560177,1,1,-0.0321139506471245,1,-0.0321139506471245,1,-0.0321139506471245
SOL,2023-08-23,24,0.05726665066222102,3.107060432597514e-9,1,0,0.006570589073910917,1,1,0.05726665066222102,1,0.05726665066222102,1,0.05726665066222102
SOL,2023-08-24,24,-0.0327284938235544,3.13604592128845e-9,1,0,0.0065831254596124735,1,1,-0.0327284938235544,1,-0.0327284938235544,1,-0.0327284938235544
SOL,2023-08-25,24,-0.029910575132989108,3.1458467277269486e-9,1,0,0.006499267722367612,1,1,-0.029910575132989108,1,-0.029910575132989108,1,-0.029910575132989108
SOL,2023-08-26,24,-0.0063866588987958545,3.1676229692983044e-9,1,0,0.0064026675114011635,1,1,-0.0063866588987958545,1,-0.0063866588987958545,1,-0.0063866588987958545
SOL,2023-08-27,24,0.024343948032197815,3.2038354562747367e-9,1,0,0.006348243082255932,1,1,0.024343948032197815,1,0.024343948032197815,1,0.024343948032197815
SOL,2023-08-28,24,-0.011124661282957261,3.2189435814385633e-9,1,0,0.006378166751069336,1,1,-0.011124661282957261,1,-0.011124661282957261,1,-0.011124661282957261
SOL,2023-08-29,24,0.058562529208079285,3.647503125855239e-9,1,0,0.00687979483395741,1,1,0.058562529208079285,1,0.058562529208079285,1,0.058562529208079285
SOL,2023-08-30,24,-0.0459959066082208,3.636933432263077e-9,1,0,0.0068603815117619414,1,1,-0.0459959066082208,1,-0.0459959066082208,1,-0.0459959066082208
SOL,2023-08-31,24,-0.05377374315229897,3.658745338337321e-9,1,0,0.006924096059984094,1,1,-0.05377374315229897,1,-0.05377374315229897,1,-0.05377374315229897
SOL,2023-09-01,24,-0.021517223594101173,3.6266528594757085e-9,1,0,0.006927484513026975,1,1,-0.021517223594101173,1,-0.021517223594101173,1,-0.021517223594101173
SOL,2023-09-02,24,0.00927841707904623,3.6376233807916253e-9,1,0,0.006894632127694144,1,1,0.00927841707904623,1,0.00927841707904623,1,0.00927841707904623
SOL,2023-09-03,24,0.0035851510872019015,3.6748017406074687e-9,1,0,0.006852516027537018,1,1,0.0035851510872019015,1,0.0035851510872019015,1,0.0035851510872019015
SOL,2023-09-04,24,-0.003072199036970041,3.643761730130206e-9,1,0,0.006863480343346198,1,1,-0.003072199036970041,1,-0.003072199036970041,1,-0.003072199036970041
SOL,2023-09-05,24,0.038727494894207674,3.552115887552296e-9,1,0,0.006885562468549109,1,1,0.038727494894207674,1,0.038727494894207674,1,0.038727494894207674
SOL,2023-09-06,24,-0.03208295217553872,3.5091212536898897e-9,1,0,0.006885734464532133,1,1,-0.03208295217553872,1,-0.03208295217553872,1,-0.03208295217553872
SOL,2023-09-07,24,0.014163109787735466,3.443758490052429e-9,1,0,0.006782841065891872,1,1,0.014163109787735466,1,0.014163109787735466,1,0.014163109787735466
SOL,2023-09-08,24,-0.015182477867850045,3.4823687178206234e-9,1,0,0.006770625719755695,1,1,-0.015182477867850045,1,-0.015182477867850045,1,-0.015182477867850045
SOL,2023-09-09,24,-0.008706841175962233,3.4930273049555256e-9,1,0,0.006743256149782617,1,1,-0.008706841175962233,1,-0.008706841175962233,1,-0.008706841175962233
SOL,2023-09-10,24,-0.0637158143861079,3.609841014812783e-9,1,0,0.006972739922445502,1,1,-0.0637158143861079,1,-0.0637158143861079,1,-0.0637158143861079
SOL,2023-09-11,24,-0.02892303946925026,3.5752577434130764e-9,1,0,0.007095165500561851,1,1,-0.02892303946925026,1,-0.02892303946925026,1,-0.02892303946925026
SOL,2023-09-12,24,0.010665270895685752,3.608772949916612e-9,1,0,0.007275036849496123,1,1,0.010665270895685752,1,0.010665270895685752,1,0.010665270895685752
SOL,2023-09-13,24,0.02644782254360939,3.6233273763361015e-9,1,0,0.007355331957445226,1,1,0.02644782254360939,1,0.02644782254360939,1,0.02644782254360939
SOL,2023-09-14,24,0.025236238589081507,3.825448388537389e-9,1,0,0.0075708849168830035,1,1,0.025236238589081507,1,0.025236238589081507,1,0.025236238589081507
SOL,2023-09-15,24,0.014214506246849876,3.828286167920737e-9,1,0,0.007551358234279322,1,1,0.014214506246849876,1,0.014214506246849876,1,0.014214506246849876
SOL,2023-09-16,24,5.226025726465531e-4,3.5392676934518604e-9,1,0,0.007043576204362078,1,1,5.226025726465531e-4,1,5.226025726465531e-4,1,5.226025726465531e-4
SOL,2023-09-17,24,-0.01686025186757476,3.4763849420435675e-9,1,0,0.006911357871699113,1,1,-0.01686025186757476,1,-0.01686025186757476,1,-0.01686025186757476
SOL,2023-09-18,24,0.04315720415803641,3.501063234714878e-9,1,0,0.007009321410324565,1,1,0.04315720415803641,1,0.04315720415803641,1,0.04315720415803641
SOL,2023-09-19,24,0.01865443557180415,3.4861032827254153e-9,1,0,0.007074429941518801,1,1,0.01865443557180415,1,0.01865443557180415,1,0.01865443557180415
SOL,2023-09-20,24,0.013889112160667164,3.4218046090031286e-9,1,0,0.006997853598738569,1,1,0.013889112160667164,1,0.013889112160667164,1,0.013889112160667164
SOL,2023-09-21,24,-0.042259809289882724,3.3754167942462898e-9,1,0,0.00690187351375907,1,1,-0.042259809289882724,1,-0.042259809289882724,1,-0.042259809289882724
SOL,2023-09-22,24,-0.0015428133685098514,3.392143773792995e-9,1,0,0.006839662198062351,1,1,-0.0015428133685098514,1,-0.0015428133685098514,1,-0.0015428133685098514
SOL,2023-09-23,24,0.0025700348250403703,3.41551686570391e-9,1,0,0.006786832067583744,1,1,0.0025700348250403703,1,0.0025700348250403703,1,0.0025700348250403703
SOL,2023-09-24,24,-0.005662820795484688,3.3585220001765265e-9,1,0,0.006703191149799474,1,1,-0.005662820795484688,1,-0.005662820795484688,1,-0.005662820795484688
SOL,2023-09-25,24,0.0010319918356556587,3.2950143799552932e-9,1,0,0.006710572445975261,1,1,0.0010319918356556587,1,0.0010319918356556587,1,0.0010319918356556587
SOL,2023-09-26,24,-0.018740787946502198,3.24193147369262e-9,1,0,0.006699026452937551,1,1,-0.018740787946502198,1,-0.018740787946502198,1,-0.018740787946502198
SOL,2023-09-27,24,0.005241102144103227,3.2441547514658138e-9,1,0,0.00674487411029788,1,1,0.005241102144103227,1,0.005241102144103227,1,0.005241102144103227
SOL,2023-09-28,24,0.04297336397556255,2.7920012522152243e-9,1,0,0.006184449192379614,1,1,0.04297336397556255,1,0.04297336397556255,1,0.04297336397556255
SOL,2023-09-29,24,0.015404031295258644,2.7766521236129697e-9,1,0,0.006152318619284703,1,1,0.015404031295258644,1,0.015404031295258644,1,0.015404031295258644
SOL,2023-09-30,24,0.052352890608073854,2.7412505125098184e-9,1,0,0.0060778916711213115,1,1,0.052352890608073854,1,0.052352890608073854,1,0.052352890608073854
SOL,2023-10-01,24,0.1106343710196826,3.426391991302549e-9,1,0,0.006897951647678804,1,1,0.1106343710196826,1,0.1106343710196826,1,0.1106343710196826
SOL,2023-10-02,24,-0.02159728239071283,3.5041179568518595e-9,1,0,0.007132859873482234,1,1,-0.02159728239071283,1,-0.02159728239071283,1,-0.02159728239071283
SOL,2023-10-03,24,0.01022155407153861,3.4865579995681362e-9,1,0,0.0072605715984162605,1,1,0.01022155407153861,1,0.01022155407153861,1,0.01022155407153861
SOL,2023-10-04,24,-0.019251931499321397,3.543030152318841e-9,1,0,0.007379998696777761,1,1,-0.019251931499321397,1,-0.019251931499321397,1,-0.019251931499321397
SOL,2023-10-05,24,-0.020511301672691912,3.679734493714161e-9,1,0,0.0074240362880141535,1,1,-0.020511301672691912,1,-0.020511301672691912,1,-0.020511301672691912
SOL,2023-10-06,24,0.032106879310020056,3.742934561626489e-9,1,0,0.0074725736762117695,1,1,0.032106879310020056,1,0.032106879310020056,1,0.032106879310020056
SOL,2023-10-07,24,-0.004278996687279687,3.811397193094227e-9,1,0,0.007507729930713644,1,1,-0.004278996687279687,1,-0.004278996687279687,1,-0.004278996687279687
SOL,2023-10-08,24,-0.0038668146999742536,3.850698259818414e-9,1,0,0.007493582130913132,1,1,-0.0038668146999742536,1,-0.0038668146999742536,1,-0.0038668146999742536
SOL,2023-10-09,24,-0.05031952935029201,3.842083559830201e-9,1,0,0.007574597890293805,1,1,-0.05031952935029201,1,-0.05031952935029201,1,-0.05031952935029201
SOL,2023-10-10,24,9.049774373291672e-4,3.751707312674048e-9,1,0,0.0073662494751817985,1,1,9.049774373291672e-4,1,9.049774373291672e-4,1,9.049774373291672e-4
SOL,2023-10-11,24,-0.004533099330984896,3.796120872826318e-9,1,0,0.00729768485011021,1,1,-0.004533099330984896,1,-0.004533099330984896,1,-0.004533099330984896
SOL,2023-10-12,24,-0.033259416632982194,3.732026140699359e-9,1,0,0.007165629884782931,1,1,-0.033259416632982194,1,-0.033259416632982194,1,-0.033259416632982194
SOL,2023-10-13,24,0.024589501499536547,3.820216000956107e-9,1,0,0.007096243347213928,1,1,0.024589501499536547,1,0.024589501499536547,1,0.024589501499536547
SOL,2023-10-14,24,0.008215472953391147,3.612818751920242e-9,1,0,0.006798273995980872,1,1,0.008215472953391147,1,0.008215472953391147,1,0.008215472953391147
SOL,2023-10-15,24,-0.0031868909285188343,3.611242235908525e-9,1,0,0.006723357426393649,1,1,-0.0031868909285188343,1,-0.0031868909285188343,1,-0.0031868909285188343
SOL,2023-10-16,24,0.08894748601649573,3.5810185372380686e-9,1,0,0.006897380918019496,1,1,0.08894748601649573,1,0.08894748601649573,1,0.08894748601649573
SOL,2023-10-17,24,-4.172751990442615e-4,3.577535491364521e-9,1,0,0.0070314114328016005,1,1,-4.172751990442615e-4,1,-4.172751990442615e-4,1,-4.172751990442615e-4
SOL,2023-10-18,24,-0.023222491744429072,3.4727919902385663e-9,1,0,0.006906321237839352,1,1,-0.023222491744429072,1,-0.023222491744429072,1,-0.023222491744429072
SOL,2023-10-19,24,0.06290861603264701,3.4371683070939947e-9,1,0,0.0069450734858246535,1,1,0.06290861603264701,1,0.06290861603264701,1,0.06290861603264701
SOL,2023-10-20,24,0.08087546275288963,3.482383819338254e-9,1,0,0.007117409899111011,1,1,0.08087546275288963,1,0.08087546275288963,1,0.08087546275288963
SOL,2023-10-21,24,0.08234518598574934,3.730148504524062e-9,1,0,0.00755468988199884,1,1,0.08234518598574934,1,0.08234518598574934,1,0.08234518598574934
SOL,2023-10-22,24,-0.011307298818063832,3.789643729597694e-9,1,0,0.0076824164076089415,1,1,-0.011307298818063832,1,-0.011307298818063832,1,-0.011307298818063832
SOL,2023-10-23,24,0.09587389533082467,4.251685575147922e-9,1,0,0.008482124483857063,1,1,0.09587389533082467,1,0.09587389533082467,1,0.09587389533082467
SOL,2023-10-24,24,-0.05634839906811927,4.078975620520676e-9,1,0,0.008679621451865566,1,1,-0.05634839906811927,1,-0.05634839906811927,1,-0.05634839906811927
SOL,2023-10-25,24,0.07218969943135115,4.294172134328615e-9,1,0,0.009081593907827746,1,1,0.07218969943135115,1,0.07218969943135115,1,0.07218969943135115
SOL,2023-10-26,24,0.009202518931161714,4.310162916441438e-9,1,0,0.009296870623871785,1,1,0.009202518931161714,1,0.009202518931161714,1,0.009202518931161714
SOL,2023-10-27,24,-0.03132524698299802,4.225298265786342e-9,1,0,0.009383689542377449,1,1,-0.03132524698299802,1,-0.03132524698299802,1,-0.03132524698299802
SOL,2023-10-28,24,-0.0025236606453968285,4.247069354870737e-9,1,0,0.009408305558033223,1,1,-0.0025236606453968285,1,-0.0025236606453968285,1,-0.0025236606453968285
SOL,2023-10-29,24,0.03628867706063536,4.214221129048027e-9,1,0,0.00941227977497107,1,1,0.03628867706063536,1,0.03628867706063536,1,0.03628867706063536
SOL,2023-10-30,24,0.06286181927383393,4.205128746242497e-9,1,0,0.009509780715371372,1,1,0.06286181927383393,1,0.06286181927383393,1,0.06286181927383393
SOL,2023-10-31,24,0.09437360655307578,3.7788780203296505e-9,1,0,0.00908938699235871,1,1,0.09437360655307578,1,0.09437360655307578,1,0.09437360655307578
SOL,2023-11-01,24,0.06913167844140221,3.980089844674097e-9,1,0,0.009734434027498663,1,1,0.06913167844140221,1,0.06913167844140221,1,0.06913167844140221
SOL,2023-11-02,24,-0.022848309990329455,4.1536090953552715e-9,1,0,0.010257852674040504,2,1,-0.022848309990329455,1,-0.022848309990329455,1,-0.022848309990329455
SOL,2023-11-03,24,-0.01906731122620347,4.0980524189472096e-9,1,0,0.010326333527801728,2,1,-0.01906731122620347,1,-0.01906731122620347,1,-0.01906731122620347
SOL,2023-11-04,24,0.07229709918050155,4.0363004320287405e-9,1,0,0.010364749275910393,2,1,0.07229709918050155,1,0.07229709918050155,1,0.07229709918050155
SOL,2023-11-05,24,-0.02989580529779311,3.9917119268927496e-9,1,0,0.010404608125956458,2,1,-0.02989580529779311,1,-0.02989580529779311,1,-0.02989580529779311
SOL,2023-11-06,24,0.02327639578511748,3.973548341214465e-9,1,0,0.010509213767866808,2,1,0.02327639578511748,1,0.02327639578511748,1,0.02327639578511748
SOL,2023-11-07,24,0.018564744197157493,3.953695067689627e-9,1,0,0.01074823419060218,2,1,0.018564744197157493,1,0.018564744197157493,1,0.018564744197157493
SOL,2023-11-08,24,0.004413992530745473,3.868148841992922e-9,1,0,0.010739607037594766,2,1,0.004413992530745473,1,0.004413992530745473,1,0.004413992530745473
SOL,2023-11-09,24,0.049518423991747815,3.90571695990553e-9,1,0,0.011214231335079792,2,1,0.049518423991747815,1,0.049518423991747815,1,0.049518423991747815
SOL,2023-11-10,24,0.22415781727111458,3.948474537285982e-9,1,0,0.01173071454902977,2,1,0.22415781727111458,1,0.22415781727111458,1,0.22415781727111458
SOL,2023-11-11,24,-0.006544641738086582,4.2656396715035775e-9,1,0,0.012512571935120606,3,1,-0.006544641738086582,1,-0.006544641738086582,0.875,0.013663364491196086
SOL,2023-11-12,24,-8.877053401406092e-4,4.225017212009455e-9,1,0,0.01275682212325699,3,1,-8.877053401406092e-4,1,-8.877053401406092e-4,0,0
SOL,2023-11-13,24,-0.08659163625408665,4.198396008232168e-9,1,0,0.013075065980755697,3,1,-0.08659163625408665,1,-0.08659163625408665,0,0
SOL,2023-11-14,24,0.09560946767747737,4.26176958676204e-9,1,0,0.013534839305133233,3,1,0.09560946767747737,1,0.09560946767747737,0,0
SOL,2023-11-15,24,0.14294827670163326,4.304501286449806e-9,1,0,0.013821629704764278,3,1,0.14294827670163326,1,0.14294827670163326,0,0
SOL,2023-11-16,24,-0.12653729386876583,4.265218125663016e-9,1,0,0.014050314538478857,3,1,-0.12653729386876583,1,-0.12653729386876583,0,0
SOL,2023-11-17,24,0.013416093901226124,4.322099450050452e-9,1,0,0.014375731868807015,3,1,0.013416093901226124,1,0.013416093901226124,0,0
SOL,2023-11-18,24,8.53898096458002e-4,4.334283191522984e-9,1,0,0.01445603577373742,3,1,8.53898096458002e-4,1,8.53898096458002e-4,0,0
SOL,2023-11-19,24,0.04211852477796218,4.305451164358383e-9,1,0,0.014473494862420454,3,1,0.04211852477796218,1,0.04211852477796218,0,0
SOL,2023-11-20,24,-0.07667957502311738,4.165762294794564e-9,1,0,0.014328695950297581,3,1,-0.07667957502311738,1,-0.07667957502311738,0,0
SOL,2023-11-21,24,-0.09114850348673804,4.155685078306321e-9,1,0,0.01451315867056492,3,1,-0.09114850348673804,1,-0.09114850348673804,0,0
SOL,2023-11-22,24,0.10849149751633586,3.957334129869312e-9,1,0,0.014199821581087254,3,1,0.10849149751633586,1,0.10849149751633586,0,0
SOL,2023-11-23,24,-0.02035157961017925,3.978956002341342e-9,1,0,0.014140752691934927,3,1,-0.02035157961017925,1,-0.02035157961017925,0,0
SOL,2023-11-24,24,0.007592514622694825,3.86078971337515e-9,1,0,0.013917113724083378,3,1,0.007592514622694825,1,0.007592514622694825,0,0
SOL,2023-11-25,24,0.034405675536691736,3.839808862075798e-9,1,0,0.013850978161640857,3,1,0.034405675536691736,1,0.034405675536691736,0,0
SOL,2023-11-26,24,-0.022341537609834806,3.836044969189779e-9,1,0,0.013777114981746427,3,1,-0.022341537609834806,1,-0.022341537609834806,0,0
SOL,2023-11-27,24,-0.04387525484901175,3.8085945692301925e-9,1,0,0.013819252192882266,3,1,-0.04387525484901175,1,-0.04387525484901175,0,0
SOL,2023-11-28,24,0.05528025146300191,3.8020560247829875e-9,1,0,0.013878512414272627,3,1,0.05528025146300191,1,0.05528025146300191,0,0
SOL,2023-11-29,24,0.018386626250439384,3.774350769123554e-9,1,0,0.013856981006740172,3,1,0.018386626250439384,1,0.018386626250439384,0,0
SOL,2023-11-30,24,-5.062009725908233e-4,3.787145416953213e-9,1,0,0.013796469025683312,3,1,-5.062009725908233e-4,1,-5.062009725908233e-4,0,0
SOL,2023-12-01,24,0.009407091041225073,3.636084803715731e-9,1,0,0.013262677263198129,3,1,0.009407091041225073,1,0.009407091041225073,0,0
SOL,2023-12-02,24,0.0636394379327243,3.5177386898790385e-9,1,0,0.012812066616317085,3,1,0.0636394379327243,1,0.0636394379327243,0,0
SOL,2023-12-03,24,-0.011995093316311897,3.5091865072760888e-9,1,0,0.012743779797016977,3,1,-0.011995093316311897,1,-0.011995093316311897,0,0
SOL,2023-12-04,24,-0.02264247674975969,3.487620525948627e-9,1,0,0.012758497128298477,3,1,-0.02264247674975969,1,-0.02264247674975969,0,0
SOL,2023-12-05,24,-0.010120882995837922,3.4864449397052614e-9,1,0,0.012730853651891298,3,1,-0.010120882995837922,1,-0.010120882995837922,0,0
SOL,2023-12-06,24,0.015627861603859882,3.566158604230968e-9,1,0,0.012914745776704572,3,1,0.015627861603859882,1,0.015627861603859882,0,0
SOL,2023-12-07,24,0.09102795916461034,3.587827571907133e-9,1,0,0.012910284783125805,3,1,0.09102795916461034,1,0.09102795916461034,0,0
SOL,2023-12-08,24,0.09944421382742345,3.623780882420049e-9,1,0,0.013032189087057578,3,1,0.09944421382742345,1,0.09944421382742345,0,0
SOL,2023-12-09,24,-0.035053174439252974,3.593081137171458e-9,1,0,0.012764876617324594,3,1,-0.035053174439252974,1,-0.035053174439252974,0,0
SOL,2023-12-10,24,0.033316018927903535,3.547217608884512e-9,1,0,0.012351587658236055,2,1,0.033316018927903535,1,0.033316018927903535,0.2083333333333333,0.018621314044558294
SOL,2023-12-11,24,-0.0622140881741432,3.276870664915112e-9,1,0,0.011764523761266165,2,1,-0.0622140881741432,1,-0.0622140881741432,1,-0.0622140881741432
SOL,2023-12-12,24,-0.0244933725481567,3.3229022524873744e-9,1,0,0.011693212826376382,2,1,-0.0244933725481567,1,-0.0244933725481567,1,-0.0244933725481567
SOL,2023-12-13,24,0.029887282006180255,3.3737416269285183e-9,1,0,0.011626855728200302,2,1,0.029887282006180255,1,0.029887282006180255,1,0.029887282006180255
SOL,2023-12-14,24,0.06865306290917837,3.2441626704396645e-9,1,0,0.011214598297010993,2,1,0.06865306290917837,1,0.06865306290917837,1,0.06865306290917837
SOL,2023-12-15,24,-0.04252513582138176,3.2525871353910653e-9,1,0,0.011048837444703297,2,1,-0.04252513582138176,1,-0.04252513582138176,1,-0.04252513582138176
SOL,2023-12-16,24,0.01600690856355011,3.241863803603523e-9,1,0,0.010767682748967833,2,1,0.01600690856355011,1,0.01600690856355011,1,0.01600690856355011
SOL,2023-12-17,24,-0.040296209859358084,3.155714652030885e-9,1,0,0.010427181531712095,2,1,-0.040296209859358084,1,-0.040296209859358084,1,-0.040296209859358084
SOL,2023-12-18,24,0.05002075975135316,3.197173190227696e-9,1,0,0.010518740008635511,2,1,0.05002075975135316,1,0.05002075975135316,1,0.05002075975135316
SOL,2023-12-19,24,-0.018448705552333664,3.248772561636037e-9,1,0,0.010515576730365423,2,1,-0.018448705552333664,1,-0.018448705552333664,1,-0.018448705552333664
SOL,2023-12-20,24,0.11802640387369527,3.324575171524064e-9,1,0,0.01067526224296588,2,1,0.11802640387369527,1,0.11802640387369527,1,0.11802640387369527
SOL,2023-12-21,24,0.13298373082241433,3.3484543293816937e-9,1,0,0.010660601651628491,2,1,0.13298373082241433,1,0.13298373082241433,1,0.13298373082241433
SOL,2023-12-22,24,0.04356216524026462,3.4606055787648455e-9,1,0,0.010863737750521976,2,1,0.04356216524026462,1,0.04356216524026462,1,0.04356216524026462
SOL,2023-12-23,24,0.09627387453596188,3.647124846452376e-9,1,0,0.011213481352265393,2,1,0.09627387453596188,1,0.09627387453596188,1,0.09627387453596188
SOL,2023-12-24,24,0.040922017303305594,3.743537726627769e-9,1,0,0.011548669158708783,2,1,0.040922017303305594,1,0.040922017303305594,1,0.040922017303305594
SOL,2023-12-25,24,0.07268448436886785,3.79244846714023e-9,1,0,0.011741013792336497,2,1,0.07268448436886785,1,0.07268448436886785,1,0.07268448436886785
SOL,2023-12-26,24,-0.07206234507848092,4.00437984017782e-9,1,0,0.012267817029333447,2,1,-0.07206234507848092,1,-0.07206234507848092,1,-0.07206234507848092
SOL,2023-12-27,24,-0.051129637832155655,4.139868391976841e-9,1,0,0.012529486083020154,3,1,-0.051129637832155655,1,-0.051129637832155655,0.625,-0.0434960384283261
SOL,2023-12-28,24,-0.04798162634026379,4.219762085058973e-9,1,0,0.012710042589341459,3,1,-0.04798162634026379,1,-0.04798162634026379,0,0
SOL,2023-12-29,24,0.04141438254780239,4.3006958243756095e-9,1,0,0.012913689968169802,3,1,0.04141438254780239,1,0.04141438254780239,0,0
SOL,2023-12-30,24,-0.04219954305530904,4.341919826833299e-9,1,0,0.012922553927949982,3,1,-0.04219954305530904,1,-0.04219954305530904,0,0
SOL,2023-12-31,24,4.683753385137379e-17,4.424036395024851e-9,1,0,0.012986292346682046,3,1,4.683753385137379e-17,1,4.683753385137379e-17,0,0
SOL,2024-01-01,24,0.07597872278601797,4.4587773885782154e-9,1,0,0.013037786443744719,3,1,0.07597872278601797,1,0.07597872278601797,0,0
SOL,2024-01-02,24,-0.02842831035722869,4.463509842389922e-9,1,0,0.013089423316878979,3,1,-0.02842831035722869,1,-0.02842831035722869,0,0
SOL,2024-01-03,24,-0.07977747430562439,4.636015746400638e-9,1,0,0.013383933611612907,3,1,-0.07977747430562439,1,-0.07977747430562439,0,0
SOL,2024-01-04,24,0.0629719428387041,4.659355681498629e-9,1,0,0.013478884360785839,3,1,0.0629719428387041,1,0.0629719428387041,0,0
SOL,2024-01-05,24,-0.04887585764392697,4.653135297140746e-9,1,0,0.01341821713939482,3,1,-0.04887585764392697,1,-0.04887585764392697,0,0
SOL,2024-01-06,24,-0.0644185523293174,4.734591597438163e-9,1,0,0.013398614618151757,3,1,-0.0644185523293174,1,-0.0644185523293174,0,0
SOL,2024-01-07,24,-0.04671298838063061,4.874743363862791e-9,1,0,0.013452219002214641,3,1,-0.04671298838063061,1,-0.04671298838063061,0,0
SOL,2024-01-08,21,0.0901164209933616,4.933991323235727e-9,1,0,0.013546427451112935,3,1,0.0901164209933616,1,0.0901164209933616,0,0
SOL,2024-01-09,24,0.016304984236034152,5.000140234038007e-9,1,0,0.013725445699824357,3,1,0.016304984236034152,1,0.016304984236034152,0,0
SOL,2024-01-10,24,0.024704862763405576,5.168806701659816e-9,1,0,0.013870589187688118,3,1,0.024704862763405576,1,0.024704862763405576,0,0
SOL,2024-01-11,24,-0.021395427862038116,5.2299208384525826e-9,1,0,0.013944419960426627,3,1,-0.021395427862038116,1,-0.021395427862038116,0,0
SOL,2024-01-12,24,-0.08207219861730203,5.144506388120382e-9,1,0,0.013884790856270484,3,1,-0.08207219861730203,1,-0.08207219861730203,0,0
SOL,2024-01-13,24,0.04109584029463521,5.199729114250102e-9,1,0,0.013860666444182752,3,1,0.04109584029463521,1,0.04109584029463521,0,0
SOL,2024-01-14,24,-0.021188796722633546,5.2028807195254995e-9,1,0,0.013849739452011935,3,1,-0.021188796722633546,1,-0.021188796722633546,0,0
SOL,2024-01-15,24,0.00510096748984387,5.180903285612613e-9,1,0,0.013760664672073616,3,1,0.00510096748984387,1,0.00510096748984387,0,0
SOL,2024-01-16,24,0.03366479126374299,5.2041956348419824e-9,1,0,0.013758806367290103,3,1,0.03366479126374299,1,0.03366479126374299,0,0
SOL,2024-01-17,24,0.04557852325342501,5.126926842218991e-9,1,0,0.013674543778196172,3,1,0.04557852325342501,1,0.04557852325342501,0,0
SOL,2024-01-18,24,-0.07966740273387132,5.136322954176231e-9,1,0,0.013652691394894915,3,1,-0.07966740273387132,1,-0.07966740273387132,0,0
SOL,2024-01-19,24,-0.007450806155865399,5.219735102640224e-9,1,0,0.013622894679967223,3,1,-0.007450806155865399,1,-0.007450806155865399,0,0
SOL,2024-01-20,19,-0.010417320217610215,5.229877306138402e-9,1,0,0.013531414045053482,3,1,-0.010417320217610215,1,-0.010417320217610215,0,0
SOL,2024-01-21,24,-0.018193213823655734,5.268663881264291e-9,1,0,0.01316680664699223,3,1,-0.018193213823655734,1,-0.018193213823655734,0,0
SOL,2024-01-22,24,-0.08258367873710491,5.267473257466372e-9,1,0,0.013162086321485073,3,1,-0.08258367873710491,1,-0.08258367873710491,0,0
SOL,2024-01-23,24,0.006308418230813014,5.261485023583966e-9,1,0,0.012837363064242652,3,1,0.006308418230813014,1,0.006308418230813014,0,0
SOL,2024-01-24,24,0.051566157014774475,5.254298449658676e-9,1,0,0.012599368443962661,3,1,0.051566157014774475,1,0.051566157014774475,0,0
SOL,2024-01-25,24,-0.021528253263649565,5.206512918242782e-9,1,0,0.012384589661904458,2,1,-0.021528253263649565,1,-0.021528253263649565,0.625,-0.02368490105082604
SOL,2024-01-26,24,0.05988609186393542,5.135852041267116e-9,1,0,0.012082529935193598,2,1,0.05988609186393542,1,0.05988609186393542,1,0.05988609186393542
SOL,2024-01-27,24,0.02167001766761485,5.0789722700807745e-9,1,0,0.011818683665133119,2,1,0.02167001766761485,1,0.02167001766761485,1,0.02167001766761485
SOL,2024-01-28,24,0.018192835752829414,4.9152503613596756e-9,1,0,0.011533509823902376,2,1,0.018192835752829414,1,0.018192835752829414,1,0.018192835752829414
SOL,2024-01-29,24,0.05770247404726321,4.900535082006233e-9,1,0,0.011558976711253412,2,1,0.05770247404726321,1,0.05770247404726321,1,0.05770247404726321
SOL,2024-01-30,24,-0.002560820861673401,4.746334417619846e-9,1,0,0.011599725658014726,2,1,-0.002560820861673401,1,-0.002560820861673401,1,-0.002560820861673401
SOL,2024-01-31,24,-0.045909701304077954,4.554707211442713e-9,1,0,0.011629346482040614,2,1,-0.045909701304077954,1,-0.045909701304077954,1,-0.045909701304077954
SOL,2024-02-01,24,0.00976118718776632,4.556146726217728e-9,1,0,0.011609777875904087,2,1,0.00976118718776632,1,0.00976118718776632,1,0.00976118718776632
SOL,2024-02-02,24,0.026934598433451126,4.382687968757179e-9,1,0,0.011325882989378843,2,1,0.026934598433451126,1,0.026934598433451126,1,0.026934598433451126
SOL,2024-02-03,24,-0.026219108036494826,4.292352122218401e-9,1,0,0.011110471251490459,2,1,-0.026219108036494826,1,-0.026219108036494826,1,-0.026219108036494826
SOL,2024-02-04,24,-0.02566631628061105,4.2257981586136206e-9,1,0,0.010883446840256614,2,1,-0.02566631628061105,1,-0.02566631628061105,1,-0.02566631628061105
SOL,2024-02-05,24,0.00136189848717478,4.070074371349515e-9,1,0,0.010682662848661428,2,1,0.00136189848717478,1,0.00136189848717478,1,0.00136189848717478
SOL,2024-02-06,24,0.01362121397914823,3.939271166743059e-9,1,0,0.010572883416445274,2,1,0.01362121397914823,1,0.01362121397914823,1,0.01362121397914823
SOL,2024-02-07,24,0.04315326240298582,3.817215958592185e-9,1,0,0.010290503938044603,2,1,0.04315326240298582,1,0.04315326240298582,1,0.04315326240298582
SOL,2024-02-08,24,0.016480655537657932,3.6351277547184162e-9,1,0,0.010018709465312099,2,1,0.016480655537657932,1,0.016480655537657932,1,0.016480655537657932
SOL,2024-02-09,24,0.0401445905864317,3.3927787184450957e-9,1,0,0.009780757691061567,1,1,0.0401445905864317,1,0.0401445905864317,1,0.0401445905864317
SOL,2024-02-10,24,0.020354111875459824,3.09872340615746e-9,1,0,0.00924808156455168,1,1,0.020354111875459824,1,0.020354111875459824,1,0.020354111875459824
SOL,2024-02-11,24,-0.01597079872529966,3.0751865354709457e-9,1,0,0.009124972706968599,1,1,-0.01597079872529966,1,-0.01597079872529966,1,-0.01597079872529966
SOL,2024-02-12,24,0.039592875420323546,3.0110032050971848e-9,1,0,0.009073440371190471,1,1,0.039592875420323546,1,0.039592875420323546,1,0.039592875420323546
SOL,2024-02-13,24,0.007130154984590826,2.9706949353334993e-9,1,0,0.009011101153502269,1,1,0.007130154984590826,1,0.007130154984590826,1,0.007130154984590826
SOL,2024-02-14,24,0.03893033078599148,2.8683870898900746e-9,1,0,0.008855578044538168,1,1,0.03893033078599148,1,0.03893033078599148,1,0.03893033078599148
SOL,2024-02-15,24,-0.030264612042294477,2.84830679272513e-9,1,0,0.00889860447195311,1,1,-0.030264612042294477,1,-0.030264612042294477,1,-0.030264612042294477
SOL,2024-02-16,24,-0.028578476437931405,2.8135748508769034e-9,1,0,0.008778169162083517,1,1,-0.028578476437931405,1,-0.028578476437931405,1,-0.028578476437931405
SOL,2024-02-17,24,-0.012856343022560692,2.8256700492967532e-9,1,0,0.008689525189178773,1,1,-0.012856343022560692,1,-0.012856343022560692,1,-0.012856343022560692
SOL,2024-02-18,24,0.029744994525258923,2.7136614409021725e-9,1,0,0.008398885606680348,1,1,0.029744994525258923,1,0.029744994525258923,1,0.029744994525258923
SOL,2024-02-19,24,-0.006434338552645591,2.663637854256425e-9,1,0,0.008305576884837951,1,1,-0.006434338552645591,1,-0.006434338552645591,1,-0.006434338552645591
SOL,2024-02-20,24,-0.028555181955861545,2.6928468499849165e-9,1,0,0.008412945784831417,1,1,-0.028555181955861545,1,-0.028555181955861545,1,-0.028555181955861545
SOL,2024-02-21,24,-0.03110612418820714,2.6972736240115e-9,1,0,0.008383500555975882,1,1,-0.03110612418820714,1,-0.03110612418820714,1,-0.03110612418820714
SOL,2024-02-22,24,-0.03249802426341943,2.6255117088955844e-9,1,0,0.008231607162198798,1,1,-0.03249802426341943,1,-0.03249802426341943,1,-0.03249802426341943
SOL,2024-02-23,24,-0.018755201205585048,2.6162100281494087e-9,1,0,0.008153744347294456,1,1,-0.018755201205585048,1,-0.018755201205585048,1,-0.018755201205585048
SOL,2024-02-24,24,0.04169109485591594,2.5763718406885313e-9,1,0,0.00802605353808247,1,1,0.04169109485591594,1,0.04169109485591594,1,0.04169109485591594
SOL,2024-02-25,24,-0.00587811858739061,2.5153469283337966e-9,1,0,0.007827853379870867,1,1,-0.00587811858739061,1,-0.00587811858739061,1,-0.00587811858739061
SOL,2024-02-26,24,0.06047111285718008,2.579109628408712e-9,1,0,0.008011759670091082,1,1,0.06047111285718008,1,0.06047111285718008,1,0.06047111285718008
SOL,2024-02-27,24,-0.013371387061124555,2.5602938965765162e-9,1,0,0.007947342780518991,1,1,-0.013371387061124555,1,-0.013371387061124555,1,-0.013371387061124555
SOL,2024-02-28,24,0.0924899190755198,2.6351638448454002e-9,1,0,0.008159877403848296,1,1,0.0924899190755198,1,0.0924899190755198,1,0.0924899190755198
SOL,2024-02-29,24,0.054788063138618566,2.90999463018961e-9,1,0,0.008698171399765371,1,1,0.054788063138618566,1,0.054788063138618566,1,0.054788063138618566
SOL,2024-03-01,24,0.030021457512539255,3.1594494494090313e-9,1,0,0.008990209864118526,1,1,0.030021457512539255,1,0.030021457512539255,1,0.030021457512539255
SOL,2024-03-02,24,0.0043150013014134694,3.138433577553744e-9,1,0,0.008925883994760908,1,1,0.0043150013014134694,1,0.0043150013014134694,1,0.0043150013014134694
SOL,2024-03-03,24,0.0017668527738340899,3.156967966369387e-9,1,0,0.008867651463216707,1,1,0.0017668527738340899,1,0.0017668527738340899,1,0.0017668527738340899
SOL,2024-03-04,24,0.023739312066529433,3.2089863871579418e-9,1,0,0.009045964782835548,1,1,0.023739312066529433,1,0.023739312066529433,1,0.023739312066529433
SOL,2024-03-05,24,-0.060718315307616094,3.741661514680084e-9,1,0,0.010126681056063097,2,1,-0.060718315307616094,1,-0.060718315307616094,1,-0.060718315307616094
SOL,2024-03-06,24,0.04172633221825483,3.865283318984335e-9,1,0,0.010390783120963516,2,1,0.04172633221825483,1,0.04172633221825483,1,0.04172633221825483
SOL,2024-03-07,24,0.09558097458866693,3.970155676236654e-9,1,0,0.010637228738557526,2,1,0.09558097458866693,1,0.09558097458866693,1,0.09558097458866693
SOL,2024-03-08,24,0.007263200746919442,4.045959341379483e-9,1,0,0.010818153255225784,2,1,0.007263200746919442,1,0.007263200746919442,1,0.007263200746919442
SOL,2024-03-09,24,-0.003590420207242889,4.104027081102775e-9,1,0,0.010787064173737768,2,1,-0.003590420207242889,1,-0.003590420207242889,1,-0.003590420207242889
SOL,2024-03-10,24,6.916825179978034e-5,4.206575161380866e-9,1,0,0.010712170743787325,2,1,6.916825179978034e-5,1,6.916825179978034e-5,1,6.916825179978034e-5
SOL,2024-03-11,24,0.028702928267455383,4.355692300827503e-9,1,0,0.010850493042274022,2,1,0.028702928267455383,1,0.028702928267455383,1,0.028702928267455383
SOL,2024-03-12,24,0.015074991993075246,4.417559088199471e-9,1,0,0.011009209374103547,2,1,0.015074991993075246,1,0.015074991993075246,1,0.015074991993075246
SOL,2024-03-13,24,0.08158456324305403,4.53930670346669e-9,1,0,0.01108298843776686,2,1,0.08158456324305403,1,0.08158456324305403,1,0.08158456324305403
SOL,2024-03-14,24,0.0741820609164513,4.674940498107158e-9,1,0,0.011327252262071135,2,1,0.0741820609164513,1,0.0741820609164513,1,0.0741820609164513
SOL,2024-03-15,24,0.039926460228892124,5.10362699650922e-9,1,0,0.012095219595865932,2,1,0.039926460228892124,1,0.039926460228892124,1,0.039926460228892124
SOL,2024-03-16,24,-0.009791932946955025,5.191512424349996e-9,1,0,0.01231273362816201,2,1,-0.009791932946955025,1,-0.009791932946955025,1,-0.009791932946955025
SOL,2024-03-17,24,0.10321980587493021,5.29702861093853e-9,1,0,0.012566019058564743,3,1,0.10321980587493021,1,0.10321980587493021,0.375,0.021890133358886177
SOL,2024-03-18,24,-0.029229638314938404,5.323874632273052e-9,1,0,0.012758713171104247,3,1,-0.029229638314938404,1,-0.029229638314938404,0,0
SOL,2024-03-19,24,-0.14176261504343812,5.434185415881593e-9,2,0,0.013263481394539265,3,1,-0.14176261504343812,1,-0.14176261504343812,0,0
SOL,2024-03-20,24,0.12123479122297529,5.742750812296172e-9,2,0,0.013850574762740469,3,1,0.12123479122297529,1,0.12123479122297529,0,0
SOL,2024-03-21,24,-0.0667434863306755,5.634408356875579e-9,2,0,0.013861365195344512,3,1,-0.0667434863306755,1,-0.0667434863306755,0,0
SOL,2024-03-22,24,-0.025273528880234087,5.650204266964081e-9,2,0,0.013901821194787774,3,1,-0.025273528880234087,1,-0.025273528880234087,0,0
SOL,2024-03-23,24,-0.013169813950604434,5.6296358115031974e-9,2,0,0.013872733750786964,3,1,-0.013169813950604434,1,-0.013169813950604434,0,0
SOL,2024-03-24,24,0.061353095288304085,5.586112818288442e-9,2,0,0.01391934221989282,3,1,0.061353095288304085,1,0.061353095288304085,0,0
SOL,2024-03-25,24,0.028870861196498607,5.518662252781283e-9,2,0,0.013954437248475855,3,1,0.028870861196498607,1,0.028870861196498607,0,0
SOL,2024-03-26,24,0.007378162587670807,5.492023866504989e-9,2,0,0.014000876158206114,3,1,0.007378162587670807,1,0.007378162587670807,0,0
SOL,2024-03-27,24,-0.022514623830942226,5.5359578034213295e-9,2,0,0.013979931717866469,3,1,-0.022514623830942226,1,-0.022514623830942226,0,0
SOL,2024-03-28,24,0.018516091644960264,5.565245192554386e-9,2,0,0.013989813866592258,3,1,0.018516091644960264,1,0.018516091644960264,0,0
SOL,2024-03-29,24,0.013457461899038785,5.639435066971943e-9,2,0,0.013825765551978722,3,1,0.013457461899038785,1,0.013457461899038785,0,0
SOL,2024-03-30,24,0.010554733745724276,5.643901152173593e-9,2,0,0.013491654863784891,3,1,0.010554733745724276,1,0.010554733745724276,0,0
SOL,2024-03-31,24,0.04183023543118852,5.553332634707013e-9,2,0,0.013163816042396756,3,1,0.04183023543118852,1,0.04183023543118852,0,0
SOL,2024-04-01,24,-0.052072940467740116,5.662455023570499e-9,2,0,0.013270545062486892,3,1,-0.052072940467740116,1,-0.052072940467740116,0,0
SOL,2024-04-02,24,-0.058070300559910776,5.699322429592644e-9,2,0,0.013341635716060386,3,1,-0.058070300559910776,1,-0.058070300559910776,0,0
SOL,2024-04-03,24,0.020345971425146464,5.737965249864734e-9,2,0,0.013290015873168871,3,1,0.020345971425146464,1,0.020345971425146464,0,0
SOL,2024-04-04,24,-0.0065005646030935164,5.436211432357423e-9,2,0,0.012537138269462166,3,1,-0.0065005646030935164,1,-0.0065005646030935164,0,0
SOL,2024-04-05,24,-0.05329758997620284,5.350929276802055e-9,1,0,0.01239484375891483,2,1,-0.05329758997620284,1,-0.05329758997620284,0.9583333333333334,-0.06960208928435865
SOL,2024-04-06,24,0.024517832026923276,5.334659773712118e-9,1,0,0.01215260157604284,2,1,0.024517832026923276,1,0.024517832026923276,1,0.024517832026923276
SOL,2024-04-07,24,0.00418632522303112,5.35435662334895e-9,1,0,0.01199449174230025,2,1,0.00418632522303112,1,0.00418632522303112,1,0.00418632522303112
SOL,2024-04-08,24,0.006661879964809892,5.319050129848871e-9,1,0,0.012022573821634722,2,1,0.006661879964809892,1,0.006661879964809892,1,0.006661879964809892
SOL,2024-04-09,24,-0.04747691188467283,5.286800093337106e-9,1,0,0.012010805196731793,2,1,-0.04747691188467283,1,-0.04747691188467283,1,-0.04747691188467283
SOL,2024-04-10,24,0.006016099593706862,5.234898066668882e-9,1,0,0.011990799903130202,2,1,0.006016099593706862,1,0.006016099593706862,1,0.006016099593706862
SOL,2024-04-11,24,-0.004798390475680434,5.198376965405113e-9,1,0,0.011853955622262005,2,1,-0.004798390475680434,1,-0.004798390475680434,1,-0.004798390475680434
SOL,2024-04-12,24,-0.11834821620313249,5.342568216866976e-9,1,0,0.012103296439645991,2,1,-0.11834821620313249,1,-0.11834821620313249,1,-0.11834821620313249
SOL,2024-04-13,24,-0.10152646025037512,6.097386027545324e-9,2,0,0.013110815292309855,3,1,-0.10152646025037512,1,-0.10152646025037512,0.875,-0.20988817952441569
SOL,2024-04-14,19,0.08951725991154126,6.1641547486654445e-9,2,0,0.013046229546581647,3,1,0.08951725991154126,1,0.08951725991154126,0,0
SOL,2024-04-15,24,-0.08843481347714705,6.1993519461541514e-9,2,0,0.012958009401080993,3,1,-0.08843481347714705,1,-0.08843481347714705,0,0
SOL,2024-04-16,24,-0.017021068479035235,6.245478606528412e-9,2,0,0.012934318647840665,3,1,-0.017021068479035235,1,-0.017021068479035235,0,0
SOL,2024-04-17,24,-0.031978277322126936,6.376929994222112e-9,2,0,0.012983712306928493,3,1,-0.031978277322126936,1,-0.031978277322126936,0,0
SOL,2024-04-18,24,0.07329607730903927,6.3081664484629895e-9,2,0,0.012734857697836124,3,1,0.07329607730903927,1,0.07329607730903927,0,0
SOL,2024-04-19,24,0.002952135411742109,6.036171380874912e-9,2,0,0.012383507262675997,3,1,0.002952135411742109,1,0.002952135411742109,0,0
SOL,2024-04-20,24,0.059401824764025966,6.262946570379892e-9,2,0,0.01235621743406744,2,1,0.059401824764025966,1,0.059401824764025966,1,0.05680182476402597
SOL,2024-04-21,24,-0.016538120332244152,6.2272367908250445e-9,2,0,0.012270180359943733,2,1,-0.016538120332244152,1,-0.016538120332244152,1,-0.016538120332244152
SOL,2024-04-22,24,0.05437152648367365,6.218651874824825e-9,2,0,0.012240856921826172,2,1,0.05437152648367365,1,0.05437152648367365,1,0.05437152648367365
SOL,2024-04-23,24,-0.01514305484681407,6.14710175937321e-9,2,0,0.012210397217880871,2,1,-0.01514305484681407,1,-0.01514305484681407,1,-0.01514305484681407
SOL,2024-04-24,24,-0.04604292299753979,6.259473511688349e-9,2,0,0.012246807536394951,2,1,-0.04604292299753979,1,-0.04604292299753979,1,-0.04604292299753979
SOL,2024-04-25,24,-0.01955216783714925,6.28049694652326e-9,2,0,0.012282371358842503,2,1,-0.01955216783714925,1,-0.01955216783714925,1,-0.01955216783714925
SOL,2024-04-26,24,-0.04079322954448773,6.326244101415799e-9,2,0,0.012266562540680535,2,1,-0.04079322954448773,1,-0.04079322954448773,1,-0.04079322954448773
SOL,2024-04-27,24,0.015413463417329028,6.396778213487805e-9,2,0,0.012258380886077969,2,1,0.015413463417329028,1,0.015413463417329028,1,0.015413463417329028
SOL,2024-04-28,24,-0.023717659601954405,6.416536656209338e-9,2,0,0.01222483605808681,2,1,-0.023717659601954405,1,-0.023717659601954405,1,-0.023717659601954405
SOL,2024-04-29,24,-0.0018144215160281272,6.527643556399586e-9,2,0,0.01222387159581881,2,1,-0.0018144215160281272,1,-0.0018144215160281272,1,-0.0018144215160281272
SOL,2024-04-30,24,-0.08312265529977943,6.5323997072284065e-9,2,0,0.012354301818096105,2,1,-0.08312265529977943,1,-0.08312265529977943,1,-0.08312265529977943
SOL,2024-05-01,24,0.059974324050051146,6.746929783838555e-9,2,0,0.012568835664052102,3,1,0.059974324050051146,1,0.059974324050051146,0.7916666666666667,0.0523808350081297
SOL,2024-05-02,24,0.023003035208789442,6.824137794054839e-9,2,0,0.012600576232450629,3,1,0.023003035208789442,1,0.023003035208789442,0,0
SOL,2024-05-03,24,0.043225381316038494,6.8318834670048776e-9,2,0,0.012621835622720517,3,1,0.043225381316038494,1,0.043225381316038494,0,0
SOL,2024-05-04,24,0.016082066588432368,6.895945783662083e-9,2,0,0.012633634039899031,3,1,0.016082066588432368,1,0.016082066588432368,0,0
SOL,2024-05-05,24,-0.0023306838079866898,7.01589105566695e-9,2,0,0.012504609099856191,2,1,-0.0023306838079866898,1,-0.0023306838079866898,0.29166666666666663,-0.011686313581613676
SOL,2024-05-06,24,0.04744608453885961,7.1010163034076446e-9,2,0,0.01267783884978976,3,1,0.04744608453885961,1,0.04744608453885961,0.375,0.055393057307009615
SOL,2024-05-07,24,-0.03178459051552569,7.094106982843966e-9,2,0,0.0127653236270734,3,1,-0.03178459051552569,1,-0.03178459051552569,0,0
SOL,2024-05-08,24,-0.04053770729817686,7.211062854933742e-9,2,0,0.012806984490146646,3,1,-0.04053770729817686,1,-0.04053770729817686,0,0
SOL,2024-05-09,24,0.07153659751793073,7.332976503953143e-9,2,0,0.012871286914755201,3,1,0.07153659751793073,1,0.07153659751793073,0,0
SOL,2024-05-10,24,-0.04432970043510113,7.3812455143555886e-9,2,0,0.012853009417952518,3,1,-0.04432970043510113,1,-0.04432970043510113,0,0
SOL,2024-05-11,24,-0.004529241890416108,7.470034957964564e-9,2,0,0.012829871543680902,3,1,-0.004529241890416108,1,-0.004529241890416108,0,0
SOL,2024-05-12,24,-0.013572675637212435,7.291056055170714e-9,2,0,0.012490213126189384,3,1,-0.013572675637212435,1,-0.013572675637212435,0,0
SOL,2024-05-13,24,0.027370708753065204,7.2029957780298194e-9,2,0,0.01224350985865,2,1,0.027370708753065204,1,0.027370708753065204,1,0.0247707087530652
SOL,2024-05-14,24,-0.03732034240226508,5.94418193645374e-9,2,0,0.010539874481915342,2,1,-0.03732034240226508,1,-0.03732034240226508,1,-0.03732034240226508
SOL,2024-05-15,24,0.11023559292475661,5.834355311172612e-9,2,0,0.010305097911017884,2,1,0.11023559292475661,1,0.11023559292475661,1,0.11023559292475661
SOL,2024-05-16,24,0.004467804682012213,5.703790564716104e-9,2,0,0.01007402660191202,2,1,0.004467804682012213,1,0.004467804682012213,1,0.004467804682012213
SOL,2024-05-17,24,0.062370038696353505,5.511782000635933e-9,2,0,0.009849192697032659,1,1,0.062370038696353505,1,0.062370038696353505,1,0.062370038696353505
SOL,2024-05-18,24,0.01748429184560962,5.580507483074942e-9,2,0,0.00960807198811646,1,1,0.01748429184560962,1,0.01748429184560962,1,0.01748429184560962
SOL,2024-05-19,24,-0.014950929663528147,5.432575009363018e-9,1,0,0.009159234123007249,1,1,-0.014950929663528147,1,-0.014950929663528147,1,-0.014950929663528147
SOL,2024-05-20,24,0.09432009396061165,5.477500033647981e-9,2,0,0.009234357973155876,1,1,0.09432009396061165,1,0.09432009396061165,1,0.09432009396061165
SOL,2024-05-21,24,-0.0468617399177281,5.468829006536048e-9,2,0,0.009228001091850268,1,1,-0.0468617399177281,1,-0.0468617399177281,1,-0.0468617399177281
SOL,2024-05-22,24,-0.007547630738305671,5.581780479270134e-9,2,0,0.009258708003810021,1,1,-0.007547630738305671,1,-0.007547630738305671,1,-0.007547630738305671
SOL,2024-05-23,24,-0.004874187840824194,5.7889506231885565e-9,2,0,0.009385270148695562,1,1,-0.004874187840824194,1,-0.004874187840824194,1,-0.004874187840824194
SOL,2024-05-24,24,-0.04806603575408713,5.890692324356961e-9,2,0,0.009264650522703996,1,1,-0.04806603575408713,1,-0.04806603575408713,1,-0.04806603575408713
SOL,2024-05-25,24,0.00327332534496902,5.974635349483412e-9,2,0,0.009167298939154347,1,1,0.00327332534496902,1,0.00327332534496902,1,0.00327332534496902
SOL,2024-05-26,24,-0.030220340082541798,5.855035121680378e-9,2,0,0.009097937678028183,1,1,-0.030220340082541798,1,-0.030220340082541798,1,-0.030220340082541798
SOL,2024-05-27,24,0.0401530219562621,5.788799255701606e-9,2,0,0.009042474654665561,1,1,0.0401530219562621,1,0.0401530219562621,1,0.0401530219562621
SOL,2024-05-28,24,-0.008389013574546572,5.7931726913832875e-9,2,0,0.00906238278726326,1,1,-0.008389013574546572,1,-0.008389013574546572,1,-0.008389013574546572
SOL,2024-05-29,24,-0.0029707109958617885,5.649777731045194e-9,2,0,0.008998118819063082,1,1,-0.0029707109958617885,1,-0.0029707109958617885,1,-0.0029707109958617885
SOL,2024-05-30,24,-0.006506902939206445,5.622903993661243e-9,2,0,0.008834666435913857,1,1,-0.006506902939206445,1,-0.006506902939206445,1,-0.006506902939206445
SOL,2024-05-31,24,-0.008903385530013887,5.23831612268432e-9,1,0,0.008346847307318234,1,1,-0.008903385530013887,1,-0.008903385530013887,1,-0.008903385530013887
SOL,2024-06-01,24,0.003197492996037791,5.13589394314902e-9,1,0,0.008071262097424703,1,1,0.003197492996037791,1,0.003197492996037791,1,0.003197492996037791
SOL,2024-06-02,24,-0.017438239987559907,5.224751613293773e-9,1,0,0.007918585368352079,1,1,-0.017438239987559907,1,-0.017438239987559907,1,-0.017438239987559907
SOL,2024-06-03,24,0.010729847501348724,5.167855042507113e-9,1,0,0.007873832552082762,1,1,0.010729847501348724,1,0.010729847501348724,1,0.010729847501348724
SOL,2024-06-04,24,0.04104754666923206,5.183422038784547e-9,1,0,0.007878825438401101,1,1,0.04104754666923206,1,0.04104754666923206,1,0.04104754666923206
SOL,2024-06-05,24,0.00978781740367038,4.9173168525441424e-09,1,0,0.007564482513094756,1,1,0.00978781740367038,1,0.00978781740367038,1,0.00978781740367038
SOL,2024-06-06,24,-0.020377975763942006,4.734683777340095e-9,1,0,0.007344627204685887,1,1,-0.020377975763942006,1,-0.020377975763942006,1,-0.020377975763942006
SOL,2024-06-07,24,-0.04524079743495251,4.592765024596103e-9,1,0,0.007295965874620569,1,1,-0.04524079743495251,1,-0.04524079743495251,1,-0.04524079743495251
SOL,2024-06-08,24,-0.02954157056035973,4.464665365081961e-9,1,0,0.007131130753902755,1,1,-0.02954157056035973,1,-0.02954157056035973,1,-0.02954157056035973
SOL,2024-06-09,24,0.026953449815703075,4.346633823015422e-9,1,0,0.00695535860919842,1,1,0.026953449815703075,1,0.026953449815703075,1,0.026953449815703075
SOL,2024-06-10,24,-0.019312835497247705,4.384077838357298e-9,1,0,0.006992594317268277,1,1,-0.019312835497247705,1,-0.019312835497247705,1,-0.019312835497247705
SOL,2024-06-11,24,-0.06141911234203952,4.445008607855337e-9,1,0,0.007106215931252506,1,1,-0.06141911234203952,1,-0.06141911234203952,1,-0.06141911234203952
SOL,2024-06-12,24,0.037224897264651204,4.5944577894453044e-9,1,0,0.007230948777789862,1,1,0.037224897264651204,1,0.037224897264651204,1,0.037224897264651204
SOL,2024-06-13,24,-0.052185753170569796,4.6087796091001904e-9,1,0,0.007232051806157055,1,1,-0.052185753170569796,1,-0.052185753170569796,1,-0.052185753170569796
SOL,2024-06-14,24,-0.029001515946579744,4.494826878392718e-9,1,0,0.007137011286020056,1,1,-0.029001515946579744,1,-0.029001515946579744,1,-0.029001515946579744
SOL,2024-06-15,24,0.01649836396296787,4.415080001841118e-9,1,0,0.006931724992303696,1,1,0.01649836396296787,1,0.01649836396296787,1,0.01649836396296787
SOL,2024-06-16,24,0.03850649354007733,4.4508454581182566e-9,1,0,0.006783656386438447,1,1,0.03850649354007733,1,0.03850649354007733,1,0.03850649354007733
SOL,2024-06-17,24,-0.05451570617083647,4.5998118281152125e-9,1,0,0.006900584860132703,1,1,-0.05451570617083647,1,-0.05451570617083647,1,-0.05451570617083647
SOL,2024-06-18,24,-0.041290759769169044,5.133595348143511e-9,1,0,0.007453803111804995,1,1,-0.041290759769169044,1,-0.041290759769169044,1,-0.041290759769169044
SOL,2024-06-19,24,-0.012085845700459683,4.991897066304291e-9,1,0,0.007228002922474747,1,1,-0.012085845700459683,1,-0.012085845700459683,1,-0.012085845700459683
SOL,2024-06-20,24,-0.016869571086493652,5.184286781686889e-9,1,0,0.00728278683644059,1,1,-0.016869571086493652,1,-0.016869571086493652,1,-0.016869571086493652
SOL,2024-06-21,24,0.008581822005842406,5.2531165268128675e-9,1,0,0.007300906214599697,1,1,0.008581822005842406,1,0.008581822005842406,1,0.008581822005842406
SOL,2024-06-22,24,-0.006635130765140743,5.1141360012314865e-9,1,0,0.0070475688108472614,1,1,-0.006635130765140743,1,-0.006635130765140743,1,-0.006635130765140743
SOL,2024-06-23,24,-0.03920575328313281,5.0891487754773634e-9,1,0,0.006970918867721508,1,1,-0.03920575328313281,1,-0.03920575328313281,1,-0.03920575328313281
SOL,2024-06-24,24,0.02837613702650999,5.295063488602815e-9,1,0,0.007195594199158975,1,1,0.02837613702650999,1,0.02837613702650999,1,0.02837613702650999
SOL,2024-06-25,24,0.03199677718130549,5.553018484906564e-9,2,0,0.007316534878420205,1,1,0.03199677718130549,1,0.03199677718130549,1,0.03199677718130549
SOL,2024-06-26,24,9.515793273772322e-4,5.554143307499138e-9,2,0,0.007335919986625428,1,1,9.515793273772322e-4,1,9.515793273772322e-4,1,9.515793273772322e-4
SOL,2024-06-27,24,0.08985461434866118,5.874161423783022e-9,2,0,0.007582402309083686,1,1,0.08985461434866118,1,0.08985461434866118,1,0.08985461434866118
SOL,2024-06-28,24,-0.06807135985629308,5.928134230248984e-9,2,0,0.0075874493737432235,1,1,-0.06807135985629308,1,-0.06807135985629308,1,-0.06807135985629308
SOL,2024-06-29,24,0.001645148970886935,5.9499077648257234e-9,2,0,0.007529532402975864,1,1,0.001645148970886935,1,0.001645148970886935,1,0.001645148970886935
SOL,2024-06-30,24,0.04581806965590915,6.043769365203325e-9,2,0,0.007580684468349879,1,1,0.04581806965590915,1,0.04581806965590915,1,0.04581806965590915
SOL,2024-07-01,24,3.4128528367857177e-4,5.849037311777909e-9,2,0,0.007614352356734897,1,1,3.4128528367857177e-4,1,3.4128528367857177e-4,1,3.4128528367857177e-4
SOL,2024-07-02,24,0.04809772103669353,5.772360073185098e-9,2,0,0.007662728584266593,1,1,0.04809772103669353,1,0.04809772103669353,1,0.04809772103669353
SOL,2024-07-03,24,-0.08891118491702289,5.761857436906665e-9,2,0,0.007775894830578417,1,1,-0.08891118491702289,1,-0.08891118491702289,1,-0.08891118491702289
SOL,2024-07-04,24,-0.09602843014899211,6.198607324869615e-9,2,0,0.008202884152589365,1,1,-0.09602843014899211,1,-0.09602843014899211,1,-0.09602843014899211
SOL,2024-07-05,24,0.049762269300371864,6.755200072269944e-9,2,0,0.00874337831355435,1,1,0.049762269300371864,1,0.049762269300371864,1,0.049762269300371864
SOL,2024-07-06,24,0.06304365857513541,6.9154468053561876e-9,2,0,0.00881422591584161,1,1,0.06304365857513541,1,0.06304365857513541,1,0.06304365857513541
SOL,2024-07-07,24,-0.08388323162291463,7.077780409068309e-9,2,0,0.008851092924735801,1,1,-0.08388323162291463,1,-0.08388323162291463,1,-0.08388323162291463
SOL,2024-07-08,24,0.06068722662361018,7.514418355742553e-9,2,0,0.00921390647297491,1,1,0.06068722662361018,1,0.06068722662361018,1,0.06068722662361018
SOL,2024-07-09,24,0.011099366883244022,7.56333154967905e-9,2,0,0.009280875292863235,1,1,0.011099366883244022,1,0.011099366883244022,1,0.011099366883244022
SOL,2024-07-10,24,0.005011126694827681,7.569913074586975e-9,2,0,0.009311205877511696,1,1,0.005011126694827681,1,0.005011126694827681,1,0.005011126694827681
SOL,2024-07-11,24,-0.04536741679927452,7.494456477205533e-9,2,0,0.009263735610359815,1,1,-0.04536741679927452,1,-0.04536741679927452,1,-0.04536741679927452
SOL,2024-07-12,24,0.02753834062850246,7.239268525504174e-9,2,0,0.009065287147827861,1,1,0.02753834062850246,1,0.02753834062850246,1,0.02753834062850246
SOL,2024-07-13,24,0.017265695874180392,7.200364654598713e-9,2,0,0.009036001572711132,1,1,0.017265695874180392,1,0.017265695874180392,1,0.017265695874180392
SOL,2024-07-14,24,0.04031468073580566,7.383937231355117e-9,2,0,0.009043950448970557,1,1,0.04031468073580566,1,0.04031468073580566,1,0.04031468073580566
SOL,2024-07-15,24,0.07580766739043754,7.22893269929164e-9,2,0,0.009110195702024673,1,1,0.07580766739043754,1,0.07580766739043754,1,0.07580766739043754
SOL,2024-07-16,24,0.007062308657053981,7.218711014737817e-9,2,0,0.009235990392393471,1,1,0.007062308657053981,1,0.007062308657053981,1,0.007062308657053981
SOL,2024-07-17,24,-0.032405848056830264,7.098229675854352e-9,2,0,0.00918252546302482,1,1,-0.032405848056830264,1,-0.032405848056830264,1,-0.032405848056830264
SOL,2024-07-18,24,0.023711500872940272,6.757366440575184e-9,2,0,0.008776674988342854,1,1,0.023711500872940272,1,0.023711500872940272,1,0.023711500872940272
SOL,2024-07-19,24,0.06069113697637295,6.733224372307344e-9,2,0,0.008848795703080285,1,1,0.06069113697637295,1,0.06069113697637295,1,0.06069113697637295
SOL,2024-07-20,24,0.026372590278423005,6.669945554408598e-9,2,0,0.008809485783605894,1,1,0.026372590278423005,1,0.026372590278423005,1,0.026372590278423005
SOL,2024-07-21,24,0.06017062306221527,6.6149819819120664e-9,2,0,0.00878117710479287,1,1,0.06017062306221527,1,0.06017062306221527,1,0.06017062306221527
SOL,2024-07-22,24,-0.029995919940002305,6.568558081089003e-9,2,0,0.008851418516131119,1,1,-0.029995919940002305,1,-0.029995919940002305,1,-0.029995919940002305
SOL,2024-07-23,24,-0.035544386049518914,6.671555657823633e-9,2,0,0.00901244000229327,1,1,-0.035544386049518914,1,-0.035544386049518914,1,-0.035544386049518914
SOL,2024-07-24,24,0.030559358782721188,6.515112889798168e-9,2,0,0.008982011884104257,1,1,0.030559358782721188,1,0.030559358782721188,1,0.030559358782721188
SOL,2024-07-25,24,-0.03578342452926028,6.460533647086013e-9,2,0,0.009038017024463578,1,1,-0.03578342452926028,1,-0.03578342452926028,1,-0.03578342452926028
SOL,2024-07-26,24,0.06385447183024083,6.399243726917728e-9,2,0,0.009029576853554395,1,1,0.06385447183024083,1,0.06385447183024083,1,0.06385447183024083
SOL,2024-07-27,24,0.003542527616777976,6.143235182801428e-9,2,0,0.00885385217789479,1,1,0.003542527616777976,1,0.003542527616777976,1,0.003542527616777976
SOL,2024-07-28,24,0.0062369700783398135,6.1662325414066226e-9,2,0,0.008789865373702872,1,1,0.0062369700783398135,1,0.0062369700783398135,1,0.0062369700783398135
SOL,2024-07-29,24,-0.013444208483289128,6.051190491257263e-9,2,0,0.008908373708343159,1,1,-0.013444208483289128,1,-0.013444208483289128,1,-0.013444208483289128
SOL,2024-07-30,24,-0.01914198743754201,6.018690114023413e-9,2,0,0.008914435998648695,1,1,-0.01914198743754201,1,-0.01914198743754201,1,-0.01914198743754201
SOL,2024-07-31,24,-0.04250375941836212,6.119142579142629e-9,2,0,0.009031711861333462,1,1,-0.04250375941836212,1,-0.04250375941836212,1,-0.04250375941836212
SOL,2024-08-01,24,-0.0247829535400912,6.132631664023732e-9,2,0,0.009160314400500589,1,1,-0.0247829535400912,1,-0.0247829535400912,1,-0.0247829535400912
SOL,2024-08-02,24,-0.09238102910194451,6.308579650882465e-9,2,0,0.009332016509728503,1,1,-0.09238102910194451,1,-0.09238102910194451,1,-0.09238102910194451
SOL,2024-08-03,24,-0.06910520894880488,6.100681291022102e-9,2,0,0.009153813466117601,1,1,-0.06910520894880488,1,-0.06910520894880488,1,-0.06910520894880488
SOL,2024-08-04,24,-0.029789133498233422,5.962725477048598e-9,2,0,0.009058726336066346,1,1,-0.029789133498233422,1,-0.029789133498233422,1,-0.029789133498233422
SOL,2024-08-05,24,-0.06307354535607798,7.078204825796007e-9,2,0,0.010834268541740109,2,1,-0.06307354535607798,1,-0.06307354535607798,1,-0.06307354535607798
SOL,2024-08-06,24,0.10708489292303307,7.368606696426261e-9,2,0,0.011283410793007896,2,1,0.10708489292303307,1,0.10708489292303307,1,0.10708489292303307
SOL,2024-08-07,24,1.3843704597423824e-4,7.0531290897583875e-9,2,0,0.011198825211078347,2,1,1.3843704597423824e-4,1,1.3843704597423824e-4,1,1.3843704597423824e-4
SOL,2024-08-08,24,0.12177407647416812,7.158763252319598e-9,2,0,0.011533399160292047,2,1,0.12177407647416812,1,0.12177407647416812,1,0.12177407647416812
SOL,2024-08-09,24,-0.04275412521808887,7.0858103571645195e-9,2,0,0.011565318560417946,2,1,-0.04275412521808887,1,-0.04275412521808887,1,-0.04275412521808887
SOL,2024-08-10,24,-0.014753996331070588,7.1107098507135484e-9,2,0,0.011526225481522547,2,1,-0.014753996331070588,1,-0.014753996331070588,1,-0.014753996331070588
SOL,2024-08-11,24,-0.08475403303577514,7.067593096233399e-9,2,0,0.011536725471229017,2,1,-0.08475403303577514,1,-0.08475403303577514,1,-0.08475403303577514
SOL,2024-08-12,24,0.03437241689921341,7.1648270004398684e-9,2,0,0.011760667896874084,2,1,0.03437241689921341,1,0.03437241689921341,1,0.03437241689921341
SOL,2024-08-13,24,0.0017050302510841398,7.1174004486558766e-9,2,0,0.011767543195596721,2,1,0.0017050302510841398,1,0.0017050302510841398,1,0.0017050302510841398
SOL,2024-08-14,24,-0.019194975497376282,7.115248311587676e-9,2,0,0.011760636197136907,2,1,-0.019194975497376282,1,-0.019194975497376282,1,-0.019194975497376282
SOL,2024-08-15,24,-0.009632237521347429,7.070346700813136e-9,2,0,0.011786608438967516,2,1,-0.009632237521347429,1,-0.009632237521347429,1,-0.009632237521347429
SOL,2024-08-16,24,-0.02514158417240079,7.0505426018828065e-9,2,0,0.011808296603982995,2,1,-0.02514158417240079,1,-0.02514158417240079,1,-0.02514158417240079
SOL,2024-08-17,24,0.02036092264891516,7.020027208921592e-9,2,0,0.011754175251534282,2,1,0.02036092264891516,1,0.02036092264891516,1,0.02036092264891516
SOL,2024-08-18,24,0.0037280667804979566,7.024605488329423e-9,2,0,0.011700258458793418,2,1,0.0037280667804979566,1,0.0037280667804979566,1,0.0037280667804979566
SOL,2024-08-19,24,0.01339025516244914,6.9777830038354305e-9,2,0,0.011663462960881372,2,1,0.01339025516244914,1,0.01339025516244914,1,0.01339025516244914
SOL,2024-08-20,24,-0.01416286275136421,6.9328428977672835e-9,2,0,0.011627052827548178,2,1,-0.01416286275136421,1,-0.01416286275136421,1,-0.01416286275136421
SOL,2024-08-21,24,0.0030868552643800746,6.8575151183898945e-9,2,0,0.011583738261458133,2,1,0.0030868552643800746,1,0.0030868552643800746,1,0.0030868552643800746
SOL,2024-08-22,24,0.003566063283321362,6.761615432256117e-9,2,0,0.011452942732958982,2,1,0.003566063283321362,1,0.003566063283321362,1,0.003566063283321362
SOL,2024-08-23,24,0.06766582397248777,6.727592444029549e-9,2,0,0.011372630311957243,2,1,0.06766582397248777,1,0.06766582397248777,1,0.06766582397248777
SOL,2024-08-24,24,0.047515783703231444,6.713956250419682e-9,2,0,0.011276124857340414,2,1,0.047515783703231444,1,0.047515783703231444,1,0.047515783703231444
SOL,2024-08-25,24,-0.01094547625669473,6.765284261163229e-9,2,0,0.01124840394718747,2,1,-0.01094547625669473,1,-0.01094547625669473,1,-0.01094547625669473
SOL,2024-08-26,24,-0.01138460212088298,6.776663971174531e-9,2,0,0.011220728843174651,2,1,-0.01138460212088298,1,-0.01138460212088298,1,-0.01138460212088298
SOL,2024-08-27,24,-0.06803464943765139,6.734598858025688e-9,2,0,0.011283192520870941,2,1,-0.06803464943765139,1,-0.06803464943765139,1,-0.06803464943765139
SOL,2024-08-28,24,-0.020429227872449093,6.793828106851029e-9,2,0,0.011293058295831951,2,1,-0.020429227872449093,1,-0.020429227872449093,1,-0.020429227872449093
SOL,2024-08-29,24,-0.02711911218720449,6.822357291434242e-9,2,0,0.011322095313957847,2,1,-0.02711911218720449,1,-0.02711911218720449,1,-0.02711911218720449
SOL,2024-08-30,24,-0.014383563329954233,6.8716350637424575e-9,2,0,0.011333046941460005,2,1,-0.014383563329954233,1,-0.014383563329954233,1,-0.014383563329954233
SOL,2024-08-31,24,-0.019604168178468672,6.929529406944855e-9,2,0,0.011196173186858314,2,1,-0.019604168178468672,1,-0.019604168178468672,1,-0.019604168178468672
SOL,2024-09-01,24,-0.05177163025455449,6.940658874813611e-9,2,0,0.011089633060789295,2,1,-0.05177163025455449,1,-0.05177163025455449,1,-0.05177163025455449
SOL,2024-09-02,24,0.04866419952087324,6.9164845242954356e-9,2,0,0.01102334445499212,2,1,0.04866419952087324,1,0.04866419952087324,1,0.04866419952087324
SOL,2024-09-03,24,-0.05647429857688793,6.6728882741085135e-9,2,0,0.010740753396401733,2,1,-0.05647429857688793,1,-0.05647429857688793,1,-0.05647429857688793
SOL,2024-09-04,24,0.0464950677136775,5.4857314453412e-9,2,0,0.008980873392557504,1,1,0.0464950677136775,1,0.0464950677136775,1,0.0464950677136775
SOL,2024-09-05,24,-0.031707655290621056,5.044985721966668e-9,1,0,0.00837656469869677,1,1,-0.031707655290621056,1,-0.031707655290621056,1,-0.031707655290621056
SOL,2024-09-06,24,-0.03474372880651522,5.088597743179682e-9,1,0,0.008403526084149833,1,1,-0.03474372880651522,1,-0.03474372880651522,1,-0.03474372880651522
SOL,2024-09-07,24,0.020975085328593317,4.7626454723573135e-09,1,0,0.007874682618991628,1,1,0.020975085328593317,1,0.020975085328593317,1,0.020975085328593317
SOL,2024-09-08,24,0.018085640623322973,4.775185683864202e-9,1,0,0.007777747603257602,1,1,0.018085640623322973,1,0.018085640623322973,1,0.018085640623322973
SOL,2024-09-09,24,0.03825871211708991,4.871664026216695e-9,1,0,0.007926442449145582,1,1,0.03825871211708991,1,0.03825871211708991,1,0.03825871211708991
SOL,2024-09-10,24,0.004358592945260748,4.919374608763838e-9,1,0,0.007874851493055935,1,1,0.004358592945260748,1,0.004358592945260748,1,0.004358592945260748
SOL,2024-09-11,24,-0.023644584637901814,4.680671820852111e-9,1,0,0.007599110330485044,1,1,-0.023644584637901814,1,-0.023644584637901814,1,-0.023644584637901814
SOL,2024-09-12,24,0.026588794036883023,4.645966623567876e-9,1,0,0.007508807549209639,1,1,0.026588794036883023,1,0.026588794036883023,1,0.026588794036883023
SOL,2024-09-13,24,0.022312782936870872,4.681059031003612e-9,1,0,0.007500406197254797,1,1,0.022312782936870872,1,0.022312782936870872,1,0.022312782936870872
SOL,2024-09-14,24,-0.01389614892070155,4.625043122889768e-9,1,0,0.007270390912634081,1,1,-0.01389614892070155,1,-0.01389614892070155,1,-0.01389614892070155
SOL,2024-09-15,24,-0.04311429746336195,4.596334644827016e-9,1,0,0.007173461451914808,1,1,-0.04311429746336195,1,-0.04311429746336195,1,-0.04311429746336195
SOL,2024-09-16,24,-1.5219541921194374e-4,4.605195120405268e-9,1,0,0.007221317522330034,1,1,-1.5219541921194374e-4,1,-1.5219541921194374e-4,1,-1.5219541921194374e-4
SOL,2024-09-17,24,0.001064881822694689,4.59665052767557e-9,1,0,0.00720445828845629,1,1,0.001064881822694689,1,0.001064881822694689,1,0.001064881822694689
SOL,2024-09-18,24,0.020914024896080876,4.690271380571725e-9,1,0,0.007294983933353768,1,1,0.020914024896080876,1,0.020914024896080876,1,0.020914024896080876
SOL,2024-09-19,24,0.061780104358903416,4.583898434757789e-9,1,0,0.007265998693392513,1,1,0.061780104358903416,1,0.061780104358903416,1,0.061780104358903416
SOL,2024-09-20,24,0.026043678295271266,4.7330161081581336e-9,1,0,0.007424209251230667,1,1,0.026043678295271266,1,0.026043678295271266,1,0.026043678295271266
SOL,2024-09-21,24,0.019113809193823147,4.791356918358537e-9,1,0,0.007438962177257709,1,1,0.019113809193823147,1,0.019113809193823147,1,0.019113809193823147
SOL,2024-09-22,24,-0.03208540592174175,4.9456362222860365e-9,1,0,0.007475845203363175,1,1,-0.03208540592174175,1,-0.03208540592174175,1,-0.03208540592174175
SOL,2024-09-23,24,-4.145650581036096e-4,4.915577644062819e-9,1,0,0.007435945018679093,1,1,-4.145650581036096e-4,1,-4.145650581036096e-4,1,-4.145650581036096e-4
SOL,2024-09-24,24,0.05341957406253767,4.9583552037902685e-9,1,0,0.007548388405921173,1,1,0.05341957406253767,1,0.05341957406253767,1,0.05341957406253767
SOL,2024-09-25,24,-0.03046461068502452,4.9474905275890315e-9,1,0,0.007533242217495216,1,1,-0.03046461068502452,1,-0.03046461068502452,1,-0.03046461068502452
SOL,2024-09-26,24,0.04954247176367553,4.903148413236747e-9,1,0,0.0075061926889207,1,1,0.04954247176367553,1,0.04954247176367553,1,0.04954247176367553
SOL,2024-09-27,24,0.012836654855351699,4.8334517521003566e-9,1,0,0.0074200957640269,1,1,0.012836654855351699,1,0.012836654855351699,1,0.012836654855351699
SOL,2024-09-28,24,-0.0047067889972929955,4.785280745671614e-9,1,0,0.0073017035714864455,1,1,-0.0047067889972929955,1,-0.0047067889972929955,1,-0.0047067889972929955
SOL,2024-09-29,24,0.011158424278781614,4.656329710675771e-9,1,0,0.007132705102161881,1,1,0.011158424278781614,1,0.011158424278781614,1,0.011158424278781614
SOL,2024-09-30,24,-0.03823513254514459,4.638304568492524e-9,1,0,0.007207116505055996,1,1,-0.03823513254514459,1,-0.03823513254514459,1,-0.03823513254514459
SOL,2024-10-01,24,-0.050101123979628556,4.327853611496712e-9,1,0,0.007078874081902215,1,1,-0.050101123979628556,1,-0.050101123979628556,1,-0.050101123979628556
SOL,2024-10-02,24,-0.035398824779898246,4.3485387089551185e-9,1,0,0.00711893428552876,1,1,-0.035398824779898246,1,-0.035398824779898246,1,-0.035398824779898246
SOL,2024-10-03,24,-0.024120175678774627,4.471957544119493e-9,1,0,0.007185223905913957,1,1,-0.024120175678774627,1,-0.024120175678774627,1,-0.024120175678774627
SOL,2024-10-04,24,0.04529992961210087,4.398977944648155e-9,1,0,0.007156967612941775,1,1,0.04529992961210087,1,0.04529992961210087,1,0.04529992961210087
SOL,2024-10-05,24,-0.002938297902446933,4.334128114730587e-9,1,0,0.007061200899475617,1,1,-0.002938297902446933,1,-0.002938297902446933,1,-0.002938297902446933
SOL,2024-10-06,24,0.02600243310000198,4.148281238288688e-9,1,0,0.0067159160847415885,1,1,0.02600243310000198,1,0.02600243310000198,1,0.02600243310000198
SOL,2024-10-07,24,-0.0174911496834937,4.184403115500284e-9,1,0,0.006863935160655409,1,1,-0.0174911496834937,1,-0.0174911496834937,1,-0.0174911496834937
SOL,2024-10-08,24,-0.0036886286037561412,4.184528281510725e-9,1,0,0.006862578489813312,1,1,-0.0036886286037561412,1,-0.0036886286037561412,1,-0.0036886286037561412
SOL,2024-10-09,24,-0.029721972713908276,4.1413379314780735e-9,1,0,0.006746253317036731,1,1,-0.029721972713908276,1,-0.029721972713908276,1,-0.029721972713908276
SOL,2024-10-10,24,-0.0023731628123931396,4.112079348859871e-9,1,0,0.0067529488710048316,1,1,-0.0023731628123931396,1,-0.0023731628123931396,1,-0.0023731628123931396
SOL,2024-10-11,24,0.04621888179826697,4.050413357428249e-9,1,0,0.00665079024296487,1,1,0.04621888179826697,1,0.04621888179826697,1,0.04621888179826697
SOL,2024-10-12,24,0.006168205424611218,4.079074455762966e-9,1,0,0.006636944760974576,1,1,0.006168205424611218,1,0.006168205424611218,1,0.006168205424611218
SOL,2024-10-13,24,0.009046142287212679,4.120119934702993e-9,1,0,0.006599940422535742,1,1,0.009046142287212679,1,0.009046142287212679,1,0.009046142287212679
SOL,2024-10-14,24,0.0644369518926511,4.1911302175722166e-9,1,0,0.006724092450830553,1,1,0.0644369518926511,1,0.0644369518926511,1,0.0644369518926511
SOL,2024-10-15,24,-0.017418473175243396,4.540995590596922e-9,1,0,0.007072927380749353,1,1,-0.017418473175243396,1,-0.017418473175243396,1,-0.017418473175243396
SOL,2024-10-16,24,-0.0042726808057792,4.496022216217065e-9,1,0,0.007018361241948897,1,1,-0.0042726808057792,1,-0.0042726808057792,1,-0.0042726808057792
SOL,2024-10-17,24,-0.024961884600524658,4.508707342008294e-9,1,0,0.0070010456026402225,1,1,-0.024961884600524658,1,-0.024961884600524658,1,-0.024961884600524658
SOL,2024-10-18,24,0.030009458897228315,4.450107683525864e-9,1,0,0.006929495791753201,1,1,0.030009458897228315,1,0.030009458897228315,1,0.030009458897228315
SOL,2024-10-19,24,0.029636509233583526,4.587729318547442e-9,1,0,0.006883085020308989,1,1,0.029636509233583526,1,0.029636509233583526,1,0.029636509233583526
SOL,2024-10-20,24,0.04736278269386294,4.5438449302085245e-9,1,0,0.006763201780468792,1,1,0.04736278269386294,1,0.04736278269386294,1,0.04736278269386294
SOL,2024-10-21,24,-0.006956967006140878,4.517747315005722e-9,1,0,0.006845857285410232,1,1,-0.006956967006140878,1,-0.006956967006140878,1,-0.006956967006140878
SOL,2024-10-22,24,0.007136248089478901,4.49957460157635e-9,1,0,0.006872767977482516,1,1,0.007136248089478901,1,0.007136248089478901,1,0.007136248089478901
SOL,2024-10-23,24,0.0195858454511036,4.6311494313896355e-9,1,0,0.006997331317130473,1,1,0.0195858454511036,1,0.0195858454511036,1,0.0195858454511036
SOL,2024-10-24,24,0.036815385074464746,4.488281015448072e-9,1,0,0.006880991841660201,1,1,0.036815385074464746,1,0.036815385074464746,1,0.036815385074464746
SOL,2024-10-25,24,-0.07230230638831867,4.534977792291724e-9,1,0,0.007040912943978911,1,1,-0.07230230638831867,1,-0.07230230638831867,1,-0.07230230638831867
SOL,2024-10-26,24,0.03566269398165721,4.55567006094178e-9,1,0,0.00697487433266629,1,1,0.03566269398165721,1,0.03566269398165721,1,0.03566269398165721
SOL,2024-10-27,24,0.033358509728950776,4.5780436069453066e-9,1,0,0.006930745296470763,1,1,0.033358509728950776,1,0.033358509728950776,1,0.033358509728950776
SOL,2024-10-28,24,0.009137634790423586,4.425626597204935e-9,1,0,0.006958853317920932,1,1,0.009137634790423586,1,0.009137634790423586,1,0.009137634790423586
SOL,2024-10-29,24,0.006715190315471784,4.377325419596988e-9,1,0,0.007009225131745295,1,1,0.006715190315471784,1,0.006715190315471784,1,0.006715190315471784
SOL,2024-10-30,24,-0.025417917389652354,4.386041062398083e-9,1,0,0.00697258909090515,1,1,-0.025417917389652354,1,-0.025417917389652354,1,-0.025417917389652354
SOL,2024-10-31,24,-0.036825414835770044,4.39603528347241e-9,1,0,0.006898812689131137,1,1,-0.036825414835770044,1,-0.036825414835770044,1,-0.036825414835770044
SOL,2024-11-01,24,-0.014467879551780041,4.53632358027617e-9,1,0,0.006954409881043833,1,1,-0.014467879551780041,1,-0.014467879551780041,1,-0.014467879551780041
SOL,2024-11-02,24,-6.0221011128577394e-5,4.434884839634489e-9,1,0,0.006796581397545884,1,1,-6.0221011128577394e-5,1,-6.0221011128577394e-5,1,-6.0221011128577394e-5
SOL,2024-11-03,24,-0.021980245004658817,4.608240590599784e-9,1,0,0.006789081739004426,1,1,-0.021980245004658817,1,-0.021980245004658817,1,-0.021980245004658817
SOL,2024-11-04,24,-0.028346781556500705,4.769186097844373e-9,1,0,0.006916249542370656,1,1,-0.028346781556500705,1,-0.028346781556500705,1,-0.028346781556500705
SOL,2024-11-05,24,0.053993887692464416,4.875919554501017e-9,1,0,0.007044176162632597,1,1,0.053993887692464416,1,0.053993887692464416,1,0.053993887692464416
SOL,2024-11-06,24,0.11445737898010297,4.887181416533901e-9,1,0,0.007232440680085626,1,1,0.11445737898010297,1,0.11445737898010297,1,0.11445737898010297
SOL,2024-11-07,24,0.04994385323688014,4.883912898022066e-9,1,0,0.007333445503433026,1,1,0.04994385323688014,1,0.04994385323688014,1,0.04994385323688014
SOL,2024-11-08,24,0.01771029412178345,4.91355564884977e-9,1,0,0.0074552137681963,1,1,0.01771029412178345,1,0.01771029412178345,1,0.01771029412178345
SOL,2024-11-09,24,7.499062968602516e-4,4.850653397182012e-9,1,0,0.0074318036719346735,1,1,7.499062968602516e-4,1,7.499062968602516e-4,1,7.499062968602516e-4
SOL,2024-11-10,24,0.0494324937065579,4.989875272117867e-9,1,0,0.007738523893783445,1,1,0.0494324937065579,1,0.0494324937065579,1,0.0494324937065579
SOL,2024-11-11,24,0.05609292589509477,4.747928583572137e-9,1,0,0.007822114405768667,1,1,0.05609292589509477,1,0.05609292589509477,1,0.05609292589509477
SOL,2024-11-12,24,-0.04860580377581783,4.808576876809975e-9,1,0,0.008140251654227965,1,1,-0.04860580377581783,1,-0.04860580377581783,1,-0.04860580377581783
SOL,2024-11-13,24,0.017038420050523716,4.8943069076610284e-9,1,0,0.008372796928644451,1,1,0.017038420050523716,1,0.017038420050523716,1,0.017038420050523716
SOL,2024-11-14,24,-0.028242487121046784,4.79284375432899e-9,1,0,0.008327456282592106,1,1,-0.028242487121046784,1,-0.028242487121046784,1,-0.028242487121046784
SOL,2024-11-15,24,0.04193280672972937,4.718595142222846e-9,1,0,0.008437154147147187,1,1,0.04193280672972937,1,0.04193280672972937,1,0.04193280672972937
SOL,2024-11-16,24,-0.012716135410839852,4.639043318121898e-9,1,0,0.00844360022524155,1,1,-0.012716135410839852,1,-0.012716135410839852,1,-0.012716135410839852
SOL,2024-11-17,24,0.0964602661875627,4.912702089245225e-9,1,0,0.008848893226145196,1,1,0.0964602661875627,1,0.0964602661875627,1,0.0964602661875627
SOL,2024-11-18,24,0.010220840452802318,4.68055620822392e-9,1,0,0.008984147620280108,1,1,0.010220840452802318,1,0.010220840452802318,1,0.010220840452802318
SOL,2024-11-19,24,-0.008159894632779987,4.58560868871594e-9,1,0,0.00902288332482,1,1,-0.008159894632779987,1,-0.008159894632779987,1,-0.008159894632779987
SOL,2024-11-20,24,-0.010262564466959778,4.546051517939382e-9,1,0,0.008999480580580668,1,1,-0.010262564466959778,1,-0.010262564466959778,1,-0.010262564466959778
SOL,2024-11-21,24,0.0862115779584226,4.541412013688757e-9,1,0,0.009114828155998839,1,1,0.0862115779584226,1,0.0862115779584226,1,0.0862115779584226
SOL,2024-11-22,24,0.0018286875512215951,4.509387214865446e-9,1,0,0.009108164641121281,1,1,0.0018286875512215951,1,0.0018286875512215951,1,0.0018286875512215951
SOL,2024-11-23,24,-0.007765741159614146,4.53661293893498e-9,1,0,0.009157561278942605,1,1,-0.007765741159614146,1,-0.007765741159614146,1,-0.007765741159614146
SOL,2024-11-24,24,-0.0091698629518506,4.527687588605473e-9,1,0,0.009088081587703006,1,1,-0.0091698629518506,1,-0.0091698629518506,1,-0.0091698629518506
SOL,2024-11-25,24,-0.07796261002786886,4.541664766429301e-9,1,0,0.009187359829326308,1,1,-0.07796261002786886,1,-0.07796261002786886,1,-0.07796261002786886
SOL,2024-11-26,24,-0.014118691827613146,4.631323893950328e-9,1,0,0.009358383564651091,2,1,-0.014118691827613146,1,-0.014118691827613146,1,-0.014118691827613146
SOL,2024-11-27,24,0.048980060841444545,4.7333360416146895e-9,1,0,0.009410789228540262,2,1,0.048980060841444545,1,0.048980060841444545,1,0.048980060841444545
SOL,2024-11-28,24,-0.019465030527959126,4.825731395999585e-9,1,0,0.00941072203843295,2,1,-0.019465030527959126,1,-0.019465030527959126,1,-0.019465030527959126
SOL,2024-11-29,24,0.024447232586378393,4.806314661605247e-9,1,0,0.009432494863649242,2,1,0.024447232586378393,1,0.024447232586378393,1,0.024447232586378393
SOL,2024-11-30,24,-0.023774030221575402,4.864201976744282e-9,1,0,0.009428161092441994,2,1,-0.023774030221575402,1,-0.023774030221575402,1,-0.023774030221575402
SOL,2024-12-01,24,-0.003159560290368453,4.677477926869585e-9,1,0,0.009254247505916812,1,1,-0.003159560290368453,1,-0.003159560290368453,1,-0.003159560290368453
SOL,2024-12-02,24,-0.048011986015947666,4.805171971360446e-9,1,0,0.00949919718440988,2,1,-0.048011986015947666,1,-0.048011986015947666,1,-0.048011986015947666
SOL,2024-12-03,24,0.035443885800851956,4.908884045334746e-9,1,0,0.00968567007778537,2,1,0.035443885800851956,1,0.035443885800851956,1,0.035443885800851956
SOL,2024-12-04,24,-0.01945830100816557,4.9006596097704185e-9,1,0,0.009748229694607837,2,1,-0.01945830100816557,1,-0.01945830100816557,1,-0.01945830100816557
SOL,2024-12-05,24,0.028729834271831164,4.833404664863988e-9,1,0,0.00977963220480266,2,1,0.028729834271831164,1,0.028729834271831164,1,0.028729834271831164
SOL,2024-12-06,24,0.0035918819914396434,4.837776355562938e-9,1,0,0.009612758032082813,2,1,0.0035918819914396434,1,0.0035918819914396434,1,0.0035918819914396434
SOL,2024-12-07,24,0.005258852229885385,4.82613529873974e-9,1,0,0.009534951123868722,2,1,0.005258852229885385,1,0.005258852229885385,1,0.005258852229885385
SOL,2024-12-08,24,-0.004542021434500872,4.8057161785123795e-9,1,0,0.009416064787045889,2,1,-0.004542021434500872,1,-0.004542021434500872,1,-0.004542021434500872
SOL,2024-12-09,24,-0.08949756611555536,4.8919900547984485e-9,1,0,0.00955006751169782,2,1,-0.08949756611555536,1,-0.08949756611555536,1,-0.08949756611555536
SOL,2024-12-10,24,-0.015048354196598187,5.223829822224257e-9,2,0,0.009774813451717533,2,1,-0.015048354196598187,1,-0.015048354196598187,1,-0.015048354196598187
SOL,2024-12-11,24,0.06249199490539824,5.420344605637841e-9,2,0,0.009775849148588296,2,1,0.06249199490539824,1,0.06249199490539824,1,0.06249199490539824
SOL,2024-12-12,24,-0.0021564536907775914,5.420714552251921e-9,2,0,0.009584873004588709,2,1,-0.0021564536907775914,1,-0.0021564536907775914,1,-0.0021564536907775914
SOL,2024-12-13,24,-0.00911712444899192,5.340349224136115e-9,2,0,0.009322404561713847,2,1,-0.00911712444899192,1,-0.00911712444899192,1,-0.00911712444899192
SOL,2024-12-14,24,-0.023026741454480148,5.277732780895602e-9,2,0,0.009134435777295927,1,1,-0.023026741454480148,1,-0.023026741454480148,1,-0.023026741454480148
SOL,2024-12-15,24,0.019865070706859046,5.471379108913038e-9,2,0,0.009097896239719041,1,1,0.019865070706859046,1,0.019865070706859046,1,0.019865070706859046
SOL,2024-12-16,24,-0.03642546201000696,5.6059945420315605e-9,2,0,0.009146764673072029,1,1,-0.03642546201000696,1,-0.03642546201000696,1,-0.03642546201000696
SOL,2024-12-17,24,0.03204497941090668,5.50187787449622e-9,2,0,0.008924800062155264,1,1,0.03204497941090668,1,0.03204497941090668,1,0.03204497941090668
SOL,2024-12-18,24,-0.0779506449988967,5.972119917481069e-9,2,0,0.00894409962572448,1,1,-0.0779506449988967,1,-0.0779506449988967,1,-0.0779506449988967
SOL,2024-12-19,24,-0.0641995791176214,6.382829895779919e-9,2,0,0.009187891981858869,1,1,-0.0641995791176214,1,-0.0641995791176214,1,-0.0641995791176214
SOL,2024-12-20,24,0.0038654860655776956,7.101689140378692e-9,2,0,0.009730027551254327,2,1,0.0038654860655776956,1,0.0038654860655776956,1,0.0038654860655776956
SOL,2024-12-21,24,-0.07108942397904401,7.229088282700983e-9,2,0,0.009639876544350817,2,1,-0.07108942397904401,1,-0.07108942397904401,1,-0.07108942397904401
SOL,2024-12-22,24,-0.003984509975533616,7.432350711519347e-9,2,0,0.009700360286819375,2,1,-0.003984509975533616,1,-0.003984509975533616,1,-0.003984509975533616
SOL,2024-12-23,24,0.051706317654393125,7.812562350784102e-9,2,0,0.00988142799957977,2,1,0.051706317654393125,1,0.051706317654393125,1,0.051706317654393125
SOL,2024-12-24,24,0.03624727916384588,8.008120022255708e-9,2,0,0.009900254449828822,2,1,0.03624727916384588,1,0.03624727916384588,1,0.03624727916384588
SOL,2024-12-25,24,0.0023332498538614467,8.206763694383286e-9,2,0,0.009819762963770656,2,1,0.0023332498538614467,1,0.0023332498538614467,1,0.0023332498538614467
SOL,2024-12-26,24,-0.04725370200724056,8.302216888237709e-9,2,0,0.009688256370156039,2,1,-0.04725370200724056,1,-0.04725370200724056,1,-0.04725370200724056
SOL,2024-12-27,24,-0.023974487330947793,8.515980217072151e-9,2,0,0.009732988667705927,2,1,-0.023974487330947793,1,-0.023974487330947793,1,-0.023974487330947793
SOL,2024-12-28,24,0.05986587822095078,8.547517898022928e-9,2,0,0.009732059608772037,2,1,0.05986587822095078,1,0.05986587822095078,1,0.05986587822095078
SOL,2024-12-29,24,-0.028851903805702912,8.699671778799073e-9,2,0,0.009705951996769916,2,1,-0.028851903805702912,1,-0.028851903805702912,1,-0.028851903805702912
SOL,2024-12-30,24,0.007670925020940726,8.942436708432266e-9,2,0,0.009848750057777286,2,1,0.007670925020940726,1,0.007670925020940726,1,0.007670925020940726
SOL,2024-12-31,24,-0.011105085046364385,9.110731764165257e-9,2,0,0.009892386283276844,2,1,-0.011105085046364385,1,-0.011105085046364385,1,-0.011105085046364385
SOL,2025-01-01,24,0.025447463510906012,9.143574408311692e-9,2,0,0.009689817648451404,2,1,0.025447463510906012,1,0.025447463510906012,1,0.025447463510906012
SOL,2025-01-02,24,0.07060818639491413,8.940625461493542e-9,2,0,0.009503413722595588,2,1,0.07060818639491413,1,0.07060818639491413,1,0.07060818639491413
SOL,2025-01-03,24,0.04557988853918383,9.025982031814096e-9,2,0,0.0093989748304411265,2,1,0.04557988853918383,1,0.04557988853918383,1,0.04557988853918383
SOL,2025-01-04,24,-0.004742509521885608,9.380707764730154e-9,2,0,0.00924714486295791,1,1,-0.004742509521885608,1,-0.004742509521885608,1,-0.004742509521885608
SOL,2025-01-05,24,-0.015441449084606814,9.527045540906476e-9,2,0,0.00915007074165118,1,1,-0.015441449084606814,1,-0.015441449084606814,1,-0.015441449084606814
SOL,2025-01-06,24,0.023623145763436854,9.593919190980898e-9,2,0,0.009151480834032851,1,1,0.023623145763436854,1,0.023623145763436854,1,0.023623145763436854
SOL,2025-01-07,24,-0.07749769231750624,9.404690522720844e-9,2,0,0.009168623569516084,1,1,-0.07749769231750624,1,-0.07749769231750624,1,-0.07749769231750624
SOL,2025-01-08,24,-0.023422149689276448,9.48182416769101e-9,2,0,0.009105374036479985,1,1,-0.023422149689276448,1,-0.023422149689276448,1,-0.023422149689276448
SOL,2025-01-09,24,-0.06495721656977807,8.95017290369769e-9,2,0,0.00879493178456198,1,1,-0.06495721656977807,1,-0.06495721656977807,1,-0.06495721656977807
SOL,2025-01-10,24,0.013418697400501264,9.223088473863105e-9,2,0,0.008909866471657937,1,1,0.013418697400501264,1,0.013418697400501264,1,0.013418697400501264
SOL,2025-01-11,24,0.002077175788801521,9.341206305471502e-9,2,0,0.008851997945023804,1,1,0.002077175788801521,1,0.002077175788801521,1,0.002077175788801521
SOL,2025-01-12,24,0.0028159304530346466,9.424593176922936e-9,2,0,0.00884224092628696,1,1,0.0028159304530346466,1,0.0028159304530346466,1,0.0028159304530346466
SOL,2025-01-13,24,-0.030982246946718396,9.34625569178111e-9,2,0,0.008965709604036339,1,1,-0.030982246946718396,1,-0.030982246946718396,1,-0.030982246946718396
SOL,2025-01-14,24,0.02571585713835655,9.253772487458893e-9,2,0,0.008932227310262233,1,1,0.02571585713835655,1,0.02571585713835655,1,0.02571585713835655
SOL,2025-01-15,24,0.09415065813472134,9.569216654732894e-9,2,0,0.009075748291233343,1,1,0.09415065813472134,1,0.09415065813472134,1,0.09415065813472134
SOL,2025-01-16,24,0.02426628445336319,9.812995693916788e-9,2,0.375,0.009263035387269497,1,1,0.02426628445336319,0.625,0.02449576227245842,1,0.02426628445336319
SOL,2025-01-17,24,0.03961971801495633,9.538542459649114e-9,2,0,0.009200701397085589,1,1,0.03961971801495633,1,0.03961971801495633,1,0.03961971801495633
SOL,2025-01-18,24,0.17471035243369418,9.997719980837362e-9,3,0.3333333333333333,0.01004603103182551,2,1,0.17471035243369418,0.6666666666666666,0.1575115530125417,1,0.17471035243369418
SOL,2025-01-19,24,-0.0361708011638661,9.755107029589466e-9,3,0.5833333333333334,0.010798064850108724,2,1,-0.0361708011638661,0.41666666666666663,-0.11729412676406657,1,-0.0361708011638661
SOL,2025-01-20,24,-0.04173596636975085,1.0638497014331462e-8,3,0.9583333333333334,0.011778477967952517,2,1,-0.04173596636975085,0.04166666666666668,-0.07018796528848315,1,-0.04173596636975085
SOL,2025-01-21,24,0.03481332086017281,1.065794189440257e-8,3,1,0.0119802278223563,3,1,0.03481332086017281,0,0,0.7916666666666667,0.06766801476907057
SOL,2025-01-22,24,0.02764064308564067,1.0462795220165401e-8,3,1,0.011996935467853844,3,1,0.02764064308564067,0,0,0.6666666666666667,0.03790065746458953
SOL,2025-01-23,24,-0.017314075825107238,1.008365940782998e-8,3,1,0.012074104130288433,3,1,-0.017314075825107238,0,0,0,0
SOL,2025-01-24,24,0.0010662876432347632,1.0037664644338387e-8,3,1,0.012207652732946685,3,1,0.0010662876432347632,0,0,0,0
SOL,2025-01-25,21,0.011186457540715187,1.0036606168087095e-8,3,1,0.012268981233290614,3,1,0.011186457540715187,0,0,0,0
SOL,2025-01-26,24,-0.06286414954557815,9.952073205690083e-9,2,0.5416666666666666,0.012252885694365273,3,1,-0.06286414954557815,0.4583333333333335,-0.06795908300879178,0,0
SOL,2025-01-27,24,-0.02359383577762967,9.853358993186349e-9,2,0,0.01250813332722858,3,1,-0.02359383577762967,1,-0.02359383577762967,0,0
SOL,2025-01-28,24,-0.034374190727693876,9.790168851095144e-9,2,0,0.01255235430214648,3,1,-0.034374190727693876,1,-0.034374190727693876,0,0
SOL,2025-01-29,24,0.004175554931723009,9.617551538040686e-9,2,0,0.012522351506617813,3,1,0.004175554931723009,1,0.004175554931723009,0,0
SOL,2025-01-30,24,0.04519332023804626,9.51648731451555e-9,2,0,0.01248859663861708,3,1,0.04519332023804626,1,0.04519332023804626,0,0
SOL,2025-01-31,24,-0.029094817332219674,9.480906302108095e-9,2,0,0.012527339450850035,3,1,-0.029094817332219674,1,-0.029094817332219674,0,0
SOL,2025-02-01,24,-0.0843898353628222,9.525160599704702e-9,2,0,0.012533587964796405,3,1,-0.0843898353628222,1,-0.0843898353628222,0,0
SOL,2025-02-02,24,-0.04593428552346885,9.739938640679538e-9,2,0,0.01279832752760357,3,1,-0.04593428552346885,1,-0.04593428552346885,0,0
SOL,2025-02-03,24,0.06265295560920713,1.0633616832692194e-8,3,0.9166666666666666,0.013751381552543584,3,1,0.06265295560920713,0.08333333333333336,-0.09932232795533973,0,0
SOL,2025-02-04,24,-0.046654175185989404,1.0761009702974787e-8,3,1,0.013984292262217564,3,1,-0.046654175185989404,0,0,0,0
SOL,2025-02-05,24,-0.053266440869712904,1.0757026778542575e-8,3,1,0.014021014412809922,3,1,-0.053266440869712904,0,0,0,0
SOL,2025-02-06,24,-0.03305014046302268,1.0901226268783708e-8,3,1,0.014105547541471967,3,1,-0.03305014046302268,0,0,0,0
SOL,2025-02-07,24,0.01357000887819961,1.1157398212181043e-8,3,1,0.014210313418173174,3,1,0.01357000887819961,0,0,0,0
SOL,2025-02-08,24,0.03713493923345743,1.1131122817104376e-8,3,1,0.014105657265052305,3,1,0.03713493923345743,0,0,0,0
SOL,2025-02-09,24,0.005799726271475814,1.1182695445829606e-8,3,1,0.014096878923600002,3,1,0.005799726271475814,0,0,0,0
SOL,2025-02-10,24,-2.991623476638677e-4,1.130488335118548e-8,3,1,0.014210837424805318,3,1,-2.991623476638677e-4,0,0,0,0
SOL,2025-02-11,24,-0.012898871405256553,1.132305827462377e-8,3,1,0.014259382527501056,3,1,-0.012898871405256553,0,0,0,0
SOL,2025-02-12,24,-0.006029456109930953,1.1329116257440205e-8,3,1,0.014208721990790412,3,1,-0.006029456109930953,0,0,0,0
SOL,2025-02-13,24,-0.012580712110818279,1.1351690466715328e-8,3,1,0.014211502290437132,3,1,-0.012580712110818279,0,0,0,0
SOL,2025-02-14,24,0.026108756488480357,1.1200646658717287e-8,3,1,0.014101996012056285,3,1,0.026108756488480357,0,0,0,0
SOL,2025-02-15,24,-0.025542810958492684,1.1047727899936353e-8,3,1,0.013850238513129158,3,1,-0.025542810958492684,0,0,0,0
SOL,2025-02-16,24,-0.03187812388095656,1.1167589491947606e-8,3,1,0.01378366286202337,3,1,-0.03187812388095656,0,0,0,0
SOL,2025-02-17,24,-0.05979194501111813,1.0943573488111537e-8,3,1,0.013099785381579668,3,1,-0.05979194501111813,0,0,0,0
SOL,2025-02-18,24,-0.04721015142031287,1.0969625769889416e-8,3,1,0.012631602240108852,3,1,-0.04721015142031287,0,0,0,0
SOL,2025-02-19,24,-0.00207057783918122,1.0187788362086324e-8,3,1,0.01136940863787015,2,1,-0.00207057783918122,0,0,0.8333333333333333,0.0060240758136607545
SOL,2025-02-20,24,0.04186846797685216,9.9388513828803e-9,2,0.16666666666666666,0.011021711515168352,2,1,0.04186846797685216,0.8333333333333333,0.01846307603044639,1,0.04186846797685216
SOL,2025-02-21,24,-0.042164615104908966,9.995335827993943e-9,2,0,0.01093014896736114,2,1,-0.042164615104908966,1,-0.042164615104908966,1,-0.042164615104908966
SOL,2025-02-22,24,0.019069431079904817,1.0521198684199556e-8,3,0.7916666666666666,0.010786918725460438,2,1,0.019069431079904817,0.2083333333333333,0.013850638300914575,1,0.019069431079904817
SOL,2025-02-23,24,-0.023938799371079327,1.0488278064642852e-8,3,1,0.010573811786210292,2,1,-0.023938799371079327,0,0,1,-0.023938799371079327
SOL,2025-02-24,24,-0.16913429256726245,1.076989590172876e-8,3,1,0.010881353770815122,2,1,-0.16913429256726245,0,0,1,-0.16913429256726245
SOL,2025-02-25,24,0.015945508840150665,1.0891974455399599e-8,3,1,0.011189817346234946,2,1,0.015945508840150665,0,0,1,0.015945508840150665
SOL,2025-02-26,24,-0.06477444711342155,1.1109708849367002e-8,3,1,0.011074392323677839,2,1,-0.06477444711342155,0,0,1,-0.06477444711342155
SOL,2025-02-27,24,0.01797356091009992,1.1304018846485735e-8,3,1,0.011174057212541739,2,1,0.01797356091009992,0,0,1,0.01797356091009992
SOL,2025-02-28,24,0.07383788437355195,1.1639102761171698e-8,3,1,0.011478155249105202,2,1,0.07383788437355195,0,0,1,0.07383788437355195
SOL,2025-03-01,24,-0.03044249890736015,1.19456539227053e-8,3,1,0.011571395278488515,2,1,-0.03044249890736015,0,0,1,-0.03044249890736015
SOL,2025-03-02,24,0.2183982528075004,1.3560831118520124e-8,3,1,0.012782374455122291,3,1,0.2183982528075004,0,0,0.6666666666666666,0.08875309374895535
SOL,2025-03-03,24,-0.2298813645641218,1.4814825233437929e-8,3,1,0.013552637812059702,3,1,-0.2298813645641218,0,0,0,0
SOL,2025-03-04,24,0.019319218564691584,1.4476844375193402e-8,3,1,0.013519909101215727,3,1,0.019319218564691584,0,0,0,0
SOL,2025-03-05,24,0.010581382224118894,1.3287990895318591e-8,3,1,0.012666346448144988,3,1,0.010581382224118894,0,0,0,0
SOL,2025-03-06,24,-0.020857109661559604,1.3138462684872114e-8,3,1,0.012569016223503874,3,1,-0.020857109661559604,0,0,0,0
SOL,2025-03-07,24,-0.028025328603010914,1.358413186781279e-8,3,1,0.012882790523731858,3,1,-0.028025328603010914,0,0,0,0
SOL,2025-03-08,24,-0.01722932441641333,1.3479640479874994e-8,3,1,0.012790496552406872,3,1,-0.01722932441641333,0,0,0,0
SOL,2025-03-09,24,-0.07976892259311279,1.3183339234046911e-8,3,1,0.012708980014392189,3,1,-0.07976892259311279,0,0,0,0
SOL,2025-03-10,24,-0.06721509324095229,1.3214077908121832e-8,3,1,0.01296967607306349,3,1,-0.06721509324095229,0,0,0,0
SOL,2025-03-11,24,0.058238586208969226,1.3239912701329013e-8,3,1,0.013135780007487326,3,1,0.058238586208969226,0,0,0,0
SOL,2025-03-12,24,0.01055691036369329,1.3132306680619926e-8,3,1,0.013133596653431442,3,1,0.01055691036369329,0,0,0,0
SOL,2025-03-13,24,-0.026563686869787728,1.3168133528324876e-8,3,1,0.013155493593719808,3,1,-0.026563686869787728,0,0,0,0
SOL,2025-03-14,24,0.07998657152464834,1.3161824020389234e-8,3,1,0.013154749215385257,3,1,0.07998657152464834,0,0,0,0
SOL,2025-03-15,24,0.016848285133686518,1.3193042006797293e-8,3,1,0.013143901446892816,3,1,0.016848285133686518,0,0,0,0
SOL,2025-03-16,24,-0.0751785723868314,1.3247076087125996e-8,3,1,0.01316779788520248,3,1,-0.0751785723868314,0,0,0,0
SOL,2025-03-17,24,0.015588412018617943,1.3248836671657827e-8,3,1,0.013210109496933247,3,1,0.015588412018617943,0,0,0,0
SOL,2025-03-18,24,-0.02075926002219593,1.3205524904218873e-8,3,1,0.013230917667640214,3,1,-0.02075926002219593,0,0,0,0
SOL,2025-03-19,24,0.07703193421167717,1.3197660063005648e-8,3,1,0.013225442056545635,3,1,0.07703193421167717,0,0,0,0
SOL,2025-03-20,24,-0.06050001726266941,1.3148554454182343e-8,3,1,0.013042078356819042,3,1,-0.06050001726266941,0,0,0,0
SOL,2025-03-21,24,0.007425099571071951,1.3158367157998792e-8,3,1,0.012960800948310378,3,1,0.007425099571071951,0,0,0,0
SOL,2025-03-22,24,7.005799531474332e-4,1.3230741058408774e-8,3,1,0.012913811438707411,3,1,7.005799531474332e-4,0,0,0,0
SOL,2025-03-23,24,0.033063392825362636,1.31857260825912e-8,3,1,0.012813831129190625,3,1,0.033063392825362636,0,0,0,0
SOL,2025-03-24,24,0.05983160914648239,1.3111370213238555e-8,3,1,0.012903287341735806,3,1,0.05983160914648239,0,0,0,0
SOL,2025-03-25,24,0.018338824152836986,1.3031549396159539e-8,3,1,0.012945834916854911,3,1,0.018338824152836986,0,0,0,0
SOL,2025-03-26,24,-0.04463533185451135,1.2839753385245763e-8,3,1,0.012619337608575932,3,1,-0.04463533185451135,0,0,0,0
SOL,2025-03-27,24,0.007759566110423606,1.2837159258442473e-8,3,1,0.012309833236319902,3,1,0.007759566110423606,0,0,0,0
SOL,2025-03-28,24,-0.06761097208380427,1.267948014252407e-8,3,1,0.012168787923152806,2,1,-0.06761097208380427,0,0,0.2083333333333333,-0.003835903138931491
SOL,2025-03-29,24,-0.0385284192221448,1.2627602573219367e-8,3,1,0.012059993183433974,2,1,-0.0385284192221448,0,0,1,-0.0385284192221448
SOL,2025-03-30,24,0.0023267952889459596,1.2625869095344017e-8,3,1,0.011734482762973793,2,1,0.0023267952889459596,0,0,1,0.0023267952889459596
SOL,2025-03-31,24,-0.0014435803292873898,1.2274131431184203e-8,3,1,0.011668914296015706,2,1,-0.0014435803292873898,0,0,1,-0.0014435803292873898
SOL,2025-04-01,24,0.01663455126060914,1.0321588891850093e-8,2,0.7083333333333334,0.010309485698965212,2,1,0.01663455126060914,0.29166666666666663,-0.01374611225438056,1,0.01663455126060914
SOL,2025-04-02,24,-0.07692315409633302,9.070013042346562e-9,2,0,0.009566653992624739,2,1,-0.07692315409633302,1,-0.07692315409633302,1,-0.07692315409633302
SOL,2025-04-03,24,-0.0021333796545541395,8.930034909684264e-9,2,0,0.009366046272535514,1,1,-0.0021333796545541395,1,-0.0021333796545541395,1,-0.0021333796545541395
SOL,2025-04-04,24,0.04738167309787595,9.108013072299067e-9,2,0,0.009465311629321824,2,1,0.04738167309787595,1,0.04738167309787595,1,0.04738167309787595
SOL,2025-04-05,24,-0.02041223134952877,9.009077116155907e-9,2,0,0.009269378112723414,1,1,-0.02041223134952877,1,-0.02041223134952877,1,-0.02041223134952877
SOL,2025-04-06,24,-0.12763306803054877,8.113431965386075e-9,2,0,0.008947610522730963,1,1,-0.12763306803054877,1,-0.12763306803054877,1,-0.12763306803054877
SOL,2025-04-07,24,0.009777270704979708,8.797818908720797e-9,2,0,0.00964573278602887,2,1,0.009777270704979708,1,0.009777270704979708,1,0.009777270704979708
SOL,2025-04-08,24,-0.014227403504714704,9.050512687684007e-9,2,0,0.00982323951948743,2,1,-0.014227403504714704,1,-0.014227403504714704,1,-0.014227403504714704
SOL,2025-04-09,24,0.12197070815173226,9.941965404610673e-9,2,0,0.010298524419237088,2,1,0.12197070815173226,1,0.12197070815173226,1,0.12197070815173226
SOL,2025-04-10,24,-0.05401589028104619,9.57177405806949e-9,2,0,0.010030288346268817,2,1,-0.05401589028104619,1,-0.05401589028104619,1,-0.05401589028104619
SOL,2025-04-11,24,0.07348082025788678,9.434646532911102e-9,2,0,0.009953206756734044,2,1,0.07348082025788678,1,0.07348082025788678,1,0.07348082025788678
SOL,2025-04-12,24,0.08591238520387966,9.313839569183939e-9,2,0,0.009963295045780479,2,1,0.08591238520387966,1,0.08591238520387966,1,0.08591238520387966
SOL,2025-04-13,24,-0.03086143439287511,9.445928834198032e-9,2,0,0.010039678277513422,2,1,-0.03086143439287511,1,-0.03086143439287511,1,-0.03086143439287511
SOL,2025-04-14,24,0.007998489545745072,9.537278032164269e-9,2,0,0.010233058798669533,2,1,0.007998489545745072,1,0.007998489545745072,1,0.007998489545745072
SOL,2025-04-15,24,-0.02514131715689298,9.416043457271083e-9,2,0,0.010187232349033981,2,1,-0.02514131715689298,1,-0.02514131715689298,1,-0.02514131715689298
SOL,2025-04-16,24,0.040339644705746816,9.555182783877526e-9,2,0,0.010369842101380079,2,1,0.040339644705746816,1,0.040339644705746816,1,0.040339644705746816
SOL,2025-04-17,24,0.02668428460997674,9.637150537779673e-9,2,0,0.010433431784860055,2,1,0.02668428460997674,1,0.02668428460997674,1,0.02668428460997674
SOL,2025-04-18,24,-0.0049819785536595485,9.642811787038949e-9,2,0,0.010320231700747518,2,1,-0.0049819785536595485,1,-0.0049819785536595485,1,-0.0049819785536595485
SOL,2025-04-19,24,0.041611842776335395,9.628004830526444e-9,2,0,0.010247415523204005,2,1,0.041611842776335395,1,0.041611842776335395,1,0.041611842776335395
SOL,2025-04-20,24,-0.014186677999303903,9.687404432138022e-9,2,0,0.010254498219530206,2,1,-0.014186677999303903,1,-0.014186677999303903,1,-0.014186677999303903
SOL,2025-04-21,24,-0.009107199298268082,9.700876197136276e-9,2,0,0.010369400135609788,2,1,-0.009107199298268082,1,-0.009107199298268082,1,-0.009107199298268082
SOL,2025-04-22,24,0.0856625451113893,9.465045913954536e-9,2,0,0.010423162994054552,2,1,0.0856625451113893,1,0.0856625451113893,1,0.0856625451113893
SOL,2025-04-23,24,0.015664376283647086,9.30614878829877e-9,2,0,0.010337685431961549,2,1,0.015664376283647086,1,0.015664376283647086,1,0.015664376283647086
SOL,2025-04-24,24,0.008823392990659932,9.183932266855364e-9,2,0,0.010301108135273225,2,1,0.008823392990659932,1,0.008823392990659932,1,0.008823392990659932
SOL,2025-04-25,24,-0.010279479024613404,9.120297512426392e-9,2,0,0.010288370220670051,2,1,-0.010279479024613404,1,-0.010279479024613404,1,-0.010279479024613404
SOL,2025-04-26,24,-0.011390631066330358,9.091980145272993e-9,2,0,0.010253092527882238,2,1,-0.011390631066330358,1,-0.011390631066330358,1,-0.011390631066330358
SOL,2025-04-27,24,-0.008274239127192978,9.304768554250614e-9,2,0,0.010243063752806222,2,1,-0.008274239127192978,1,-0.008274239127192978,1,-0.008274239127192978
SOL,2025-04-28,24,-0.0018931716269704022,9.330687751725317e-9,2,0,0.01025810987117322,2,1,-0.0018931716269704022,1,-0.0018931716269704022,1,-0.0018931716269704022
SOL,2025-04-29,24,-0.009178430685593597,9.24189017827017e-9,2,0,0.010246853444502544,2,1,-0.009178430685593597,1,-0.009178430685593597,1,-0.009178430685593597
SOL,2025-04-30,24,0.008230499136515215,9.43829007878719e-9,2,0,0.010253966731761977,2,1,0.008230499136515215,1,0.008230499136515215,1,0.008230499136515215
SOL,2025-05-01,24,0.022439737237738074,9.391752165717785e-9,2,0,0.010214321027933635,2,1,0.022439737237738074,1,0.022439737237738074,1,0.022439737237738074
SOL,2025-05-02,24,-0.019193420305891974,9.028621738308874e-9,2,0,0.00987149220237616,2,1,-0.019193420305891974,1,-0.019193420305891974,1,-0.019193420305891974
SOL,2025-05-03,24,-0.009157262565547431,9.077143444473791e-9,2,0,0.009694753469874412,2,1,-0.009157262565547431,1,-0.009157262565547431,1,-0.009157262565547431
SOL,2025-05-04,24,-0.01891715913220538,9.058800658675527e-9,2,0,0.00946396505156502,2,1,-0.01891715913220538,1,-0.01891715913220538,1,-0.01891715913220538
SOL,2025-05-05,24,0.017962700374171824,9.090917584114046e-9,2,0,0.009487258418041437,2,1,0.017962700374171824,1,0.017962700374171824,1,0.017962700374171824
SOL,2025-05-06,24,0.00143134673246196,9.447449306496522e-9,2,0,0.009311921901130261,1,1,0.00143134673246196,1,0.00143134673246196,1,0.00143134673246196
SOL,2025-05-07,24,0.0033997448942290937,8.690128225579674e-9,2,0,0.00858928543655273,1,1,0.0033997448942290937,1,0.0033997448942290937,1,0.0033997448942290937
SOL,2025-05-08,24,0.10975621644592104,8.2497182840617e-9,2,0,0.008360326647790866,1,1,0.10975621644592104,1,0.10975621644592104,1,0.10975621644592104
SOL,2025-05-09,24,0.04965580090795308,6.9555747072689436e-9,2,0,0.0075651122661517045,1,1,0.04965580090795308,1,0.04965580090795308,1,0.04965580090795308
SOL,2025-05-10,24,0.029427305885883145,6.933572979740976e-9,2,0,0.00746544948282325,1,1,0.029427305885883145,1,0.029427305885883145,1,0.029427305885883145
SOL,2025-05-11,24,-0.026653058354626783,6.96888195097927e-9,2,0,0.0074353176496758855,1,1,-0.026653058354626783,1,-0.026653058354626783,1,-0.026653058354626783
SOL,2025-05-12,24,0.00541070795640838,6.882787131689629e-9,2,0,0.007438933354163425,1,1,0.00541070795640838,1,0.00541070795640838,1,0.00541070795640838
SOL,2025-05-13,24,0.05337207367454364,6.7266991017992035e-9,2,0,0.007364872869416788,1,1,0.05337207367454364,1,0.05337207367454364,1,0.05337207367454364
SOL,2025-05-14,24,-0.03951898892559406,6.540513866838269e-9,2,0,0.007175600252862525,1,1,-0.03951898892559406,1,-0.03951898892559406,1,-0.03951898892559406
SOL,2025-05-15,24,-0.043448627045424425,6.618530351881801e-9,2,0,0.007289838787037842,1,1,-0.043448627045424425,1,-0.043448627045424425,1,-0.043448627045424425
SOL,2025-05-16,24,-0.009684874131548872,6.316562494108951e-9,2,0,0.00703400591823115,1,1,-0.009684874131548872,1,-0.009684874131548872,1,-0.009684874131548872
SOL,2025-05-17,24,-0.008815384963489142,6.306347959551753e-9,2,0,0.006973400728276023,1,1,-0.008815384963489142,1,-0.008815384963489142,1,-0.008815384963489142
SOL,2025-05-18,24,0.043435129529691634,6.545482045963489e-9,2,0,0.007154733043176685,1,1,0.043435129529691634,1,0.043435129529691634,1,0.043435129529691634
SOL,2025-05-19,24,-0.03844818735919813,6.807926420925826e-9,2,0,0.007312605249503833,1,1,-0.03844818735919813,1,-0.03844818735919813,1,-0.03844818735919813
SOL,2025-05-20,24,0.010552457297147199,6.7856850731762384e-9,2,0,0.007384629977355271,1,1,0.010552457297147199,1,0.010552457297147199,1,0.010552457297147199
SOL,2025-05-21,24,0.029163741759327906,6.786339180380937e-9,2,0,0.007439200403918018,1,1,0.029163741759327906,1,0.029163741759327906,1,0.029163741759327906
SOL,2025-05-22,24,0.03447738953565597,6.8784415038880216e-9,2,0,0.007422009334051045,1,1,0.03447738953565597,1,0.03447738953565597,1,0.03447738953565597
SOL,2025-05-23,24,-0.03194617953206511,7.2123352729089e-9,2,0,0.007722193669588885,1,1,-0.03194617953206511,1,-0.03194617953206511,1,-0.03194617953206511
SOL,2025-05-24,24,0.010970911706222356,7.442327728962789e-9,2,0,0.007707147730914889,1,1,0.010970911706222356,1,0.010970911706222356,1,0.010970911706222356
SOL,2025-05-25,24,-6.821670436787317e-4,7.639490817146949e-9,2,0,0.007731256890922968,1,1,-6.821670436787317e-4,1,-6.821670436787317e-4,1,-6.821670436787317e-4
SOL,2025-05-26,24,-0.004445464975150478,7.660829432495388e-9,2,0,0.007753913843393074,1,1,-0.004445464975150478,1,-0.004445464975150478,1,-0.004445464975150478
SOL,2025-05-27,24,0.009833256258702643,7.527950738980023e-9,2,0,0.007719848696240048,1,1,0.009833256258702643,1,0.009833256258702643,1,0.009833256258702643
SOL,2025-05-28,24,-0.025898090017633334,7.417779872438021e-9,2,0,0.007661898818362222,1,1,-0.025898090017633334,1,-0.025898090017633334,1,-0.025898090017633334
SOL,2025-05-29,24,-0.03328526323319357,7.466741115958546e-9,2,0,0.007677097293072805,1,1,-0.03328526323319357,1,-0.03328526323319357,1,-0.03328526323319357
SOL,2025-05-30,24,-0.06469855954713062,7.425119015900258e-9,2,0,0.0077367472038109165,1,1,-0.06469855954713062,1,-0.06469855954713062,1,-0.06469855954713062
SOL,2025-05-31,24,0.0021104474945460067,7.548259899478285e-9,2,0,0.007773283639236779,1,1,0.0021104474945460067,1,0.0021104474945460067,1,0.0021104474945460067
SOL,2025-06-01,24,0.0077004230697135185,7.559892343180386e-9,2,0,0.007811343920990358,1,1,0.0077004230697135185,1,0.0077004230697135185,1,0.0077004230697135185
SOL,2025-06-02,24,-0.005339448230857939,7.506641266688564e-9,2,0,0.007846601567410162,1,1,-0.005339448230857939,1,-0.005339448230857939,1,-0.005339448230857939
SOL,2025-06-03,24,-0.010185540157067671,7.65114541229493e-9,2,0,0.007983008404546172,1,1,-0.010185540157067671,1,-0.010185540157067671,1,-0.010185540157067671
SOL,2025-06-04,24,-0.013613590254257549,7.51196069216481e-9,2,0,0.007939058769854115,1,1,-0.013613590254257549,1,-0.013613590254257549,1,-0.013613590254257549
SOL,2025-06-05,24,-0.0592915573445346,7.712338133808271e-9,2,0,0.008130305010362052,1,1,-0.0592915573445346,1,-0.0592915573445346,1,-0.0592915573445346
SOL,2025-06-06,24,0.024086008700150492,7.657354036092324e-9,2,0,0.008112156245823428,1,1,0.024086008700150492,1,0.024086008700150492,1,0.024086008700150492
SOL,2025-06-07,24,0.014964211461577717,7.74398301786831e-9,2,0,0.007973648835734207,1,1,0.014964211461577717,1,0.014964211461577717,1,0.014964211461577717
SOL,2025-06-08,24,0.015793105866985565,7.542971760298166e-9,2,0,0.007712512161259932,1,1,0.015793105866985565,1,0.015793105866985565,1,0.015793105866985565
SOL,2025-06-09,24,0.05540859384361296,7.4487105310242945e-9,2,0,0.00774006126254284,1,1,0.05540859384361296,1,0.05540859384361296,1,0.05540859384361296
SOL,2025-06-10,24,0.023963150619441927,7.463615966040052e-9,2,0,0.007848911831725511,1,1,0.023963150619441927,1,0.023963150619441927,1,0.023963150619441927
SOL,2025-06-11,24,-0.02539079122069371,7.536715998620146e-9,2,0,0.0077989398382247235,1,1,-0.02539079122069371,1,-0.02539079122069371,1,-0.02539079122069371
SOL,2025-06-12,24,-0.05443998469407521,7.56214208959778e-9,2,0,0.007768221406552294,1,1,-0.05443998469407521,1,-0.05443998469407521,1,-0.05443998469407521
SOL,2025-06-13,24,-0.025240447262980234,7.782960601970149e-9,2,0,0.007919389092071445,1,1,-0.025240447262980234,1,-0.025240447262980234,1,-0.025240447262980234
SOL,2025-06-14,24,-0.026791881647634387,7.763455088601578e-9,2,0,0.007769632062313335,1,1,-0.026791881647634387,1,-0.026791881647634387,1,-0.026791881647634387
SOL,2025-06-15,24,0.054979575370546686,7.947990550042213e-9,2,0,0.007842535669522165,1,1,0.054979575370546686,1,0.054979575370546686,1,0.054979575370546686
SOL,2025-06-16,24,-0.01475749820686282,8.047542962802939e-9,2,0,0.007923677451058906,1,1,-0.01475749820686282,1,-0.01475749820686282,1,-0.01475749820686282
SOL,2025-06-17,24,-0.02058610264682462,7.812121027480978e-9,2,0,0.0078057368278178,1,1,-0.02058610264682462,1,-0.02058610264682462,1,-0.02058610264682462
SOL,2025-06-18,24,-0.008026707947875626,7.680546564283407e-9,2,0,0.007686271012358851,1,1,-0.008026707947875626,1,-0.008026707947875626,1,-0.008026707947875626
SOL,2025-06-19,24,0.004565440112755054,7.661612472732803e-9,2,0,0.007595734812078227,1,1,0.004565440112755054,1,0.004565440112755054,1,0.004565440112755054
SOL,2025-06-20,24,-0.04833136672045442,7.69177170845965e-9,2,0,0.007508047459479966,1,1,-0.04833136672045442,1,-0.04833136672045442,1,-0.04833136672045442
SOL,2025-06-21,24,-0.03403688382403966,8.178521210990118e-9,2,0,0.007630827460583382,1,1,-0.03403688382403966,1,-0.03403688382403966,1,-0.03403688382403966
SOL,2025-06-22,24,-0.027314902062383274,8.136471955673647e-9,2,0,0.007530643526637067,1,1,-0.027314902062383274,1,-0.027314902062383274,1,-0.027314902062383274
SOL,2025-06-23,24,0.09274812102243152,8.274228754584446e-9,2,0,0.007739718198825655,1,1,0.09274812102243152,1,0.09274812102243152,1,0.09274812102243152
SOL,2025-06-24,24,0.009222998821440485,8.111985432563514e-9,2,0,0.007737694633327944,1,1,0.009222998821440485,1,0.009222998821440485,1,0.009222998821440485
SOL,2025-06-25,24,-0.016231319495719317,8.085393443262511e-9,2,0,0.007745275639135961,1,1,-0.016231319495719317,1,-0.016231319495719317,1,-0.016231319495719317
SOL,2025-06-26,24,-0.031476941788786246,8.11329212879402e-9,2,0,0.007781297681270151,1,1,-0.031476941788786246,1,-0.031476941788786246,1,-0.031476941788786246
SOL,2025-06-27,24,0.021258487813267814,8.216406112807981e-9,2,0,0.00783300495092851,1,1,0.021258487813267814,1,0.021258487813267814,1,0.021258487813267814
SOL,2025-06-28,24,0.05893898268654702,8.28792227885041e-9,2,0,0.007855358530041354,1,1,0.05893898268654702,1,0.05893898268654702,1,0.05893898268654702
SOL,2025-06-29,24,0.017292255073126008,8.108713691258166e-9,2,0,0.007653730145064793,1,1,0.017292255073126008,1,0.017292255073126008,1,0.017292255073126008
SOL,2025-06-30,24,0.009342830562529799,8.428466669067815e-9,2,0,0.007759626912922041,1,1,0.009342830562529799,1,0.009342830562529799,1,0.009342830562529799
SOL,2025-07-01,24,-0.052636752036876004,8.377873009484109e-9,2,0,0.0077393557305109224,1,1,-0.052636752036876004,1,-0.052636752036876004,1,-0.052636752036876004
SOL,2025-07-02,24,0.03649161909892776,8.439846578414342e-9,2,0,0.0077608786595510845,1,1,0.03649161909892776,1,0.03649161909892776,1,0.03649161909892776
SOL,2025-07-03,24,2.6248441649529605e-4,8.269340274980884e-9,2,0,0.007657178835542359,1,1,2.6248441649529605e-4,1,2.6248441649529605e-4,1,2.6248441649529605e-4
SOL,2025-07-04,24,-0.031120285797166074,8.399567074773303e-9,2,0,0.007692204437620753,1,1,-0.031120285797166074,1,-0.031120285797166074,1,-0.031120285797166074
SOL,2025-07-05,24,-0.0010158129069071224,8.121805491020408e-9,2,0,0.007439281926430415,1,1,-0.0010158129069071224,1,-0.0010158129069071224,1,-0.0010158129069071224
SOL,2025-07-06,24,0.02885008102588693,8.37593989513695e-9,2,0,0.007452266101842777,1,1,0.02885008102588693,1,0.02885008102588693,1,0.02885008102588693
SOL,2025-07-07,24,-0.019946143617457366,8.196438195678196e-9,2,0,0.007466061455416027,1,1,-0.019946143617457366,1,-0.019946143617457366,1,-0.019946143617457366
SOL,2025-07-08,24,0.018694620218584552,8.133047311361254e-9,2,0,0.00748381014793092,1,1,0.018694620218584552,1,0.018694620218584552,1,0.018694620218584552
SOL,2025-07-09,24,0.0347821726911498,8.047919061537926e-9,2,0,0.007449219647438302,1,1,0.0347821726911498,1,0.0347821726911498,1,0.0347821726911498
SOL,2025-07-10,24,0.044631648800197564,7.948208944158216e-9,2,0,0.007343367598064107,1,1,0.044631648800197564,1,0.044631648800197564,1,0.044631648800197564
SOL,2025-07-11,24,-0.007761689080504229,7.842785500720407e-9,2,0,0.007337304194675944,1,1,-0.007761689080504229,1,-0.007761689080504229,1,-0.007761689080504229
SOL,2025-07-12,24,-0.013962910650491605,7.843197133778201e-9,2,0,0.007262356398894152,1,1,-0.013962910650491605,1,-0.013962910650491605,1,-0.013962910650491605
SOL,2025-07-13,24,0.002981924306857868,7.530753116172288e-9,2,0,0.007012100571855909,1,1,0.002981924306857868,1,0.002981924306857868,1,0.002981924306857868
SOL,2025-07-14,24,0.00636885751491122,7.530223302857383e-9,2,0,0.007090878215814045,1,1,0.00636885751491122,1,0.00636885751491122,1,0.00636885751491122
SOL,2025-07-15,24,0.010789707421380015,7.3988644621269025e-9,2,0,0.0070491096214166035,1,1,0.010789707421380015,1,0.010789707421380015,1,0.010789707421380015
SOL,2025-07-16,24,0.0582689081239763,7.0729125221184424e-9,2,0,0.006958127111124446,1,1,0.0582689081239763,1,0.0582689081239763,1,0.0582689081239763
SOL,2025-07-17,24,0.01217819001549676,7.145638066371107e-9,2,0,0.007015376080661404,1,1,0.01217819001549676,1,0.01217819001549676,1,0.01217819001549676
SOL,2025-07-18,24,0.007698877540717911,6.977055996839526e-9,2,0,0.00708303777105939,1,1,0.007698877540717911,1,0.007698877540717911,1,0.007698877540717911
SOL,2025-07-19,24,-0.0015237453214842801,7.093052278631438e-9,2,0,0.007114675326206977,1,1,-0.0015237453214842801,1,-0.0015237453214842801,1,-0.0015237453214842801
SOL,2025-07-20,24,0.025042439677441693,6.879652106068788e-9,2,0,0.007019095338137624,1,1,0.025042439677441693,1,0.025042439677441693,1,0.025042439677441693
SOL,2025-07-21,24,0.0756647720655804,6.3546036664353325e-9,2,0,0.006935647557609277,1,1,0.0756647720655804,1,0.0756647720655804,1,0.0756647720655804
SOL,2025-07-22,24,0.04966036142853197,6.37598472525295e-9,2,0,0.00698482598945313,1,1,0.04966036142853197,1,0.04966036142853197,1,0.04966036142853197
SOL,2025-07-23,24,-0.08257275329890693,6.244637653906663e-9,2,0,0.006944419864718596,1,1,-0.08257275329890693,1,-0.08257275329890693,1,-0.08257275329890693
SOL,2025-07-24,24,-0.034906620804161806,6.543232130552407e-9,2,0,0.007144114691797064,1,1,-0.034906620804161806,1,-0.034906620804161806,1,-0.034906620804161806
SOL,2025-07-25,24,0.020554596430182447,6.618955926470368e-9,2,0,0.007269372186292887,1,1,0.020554596430182447,1,0.020554596430182447,1,0.020554596430182447
SOL,2025-07-26,24,-0.010116315288492578,6.625069343555972e-9,2,0,0.0072261798774552796,1,1,-0.010116315288492578,1,-0.010116315288492578,1,-0.010116315288492578
SOL,2025-07-27,24,0.02039630674792471,6.4751274265870475e-9,2,0,0.007135771350597367,1,1,0.02039630674792471,1,0.02039630674792471,1,0.02039630674792471
SOL,2025-07-28,24,-0.029960557461418545,6.411225166802299e-9,2,0,0.007160111558073114,1,1,-0.029960557461418545,1,-0.029960557461418545,1,-0.029960557461418545
SOL,2025-07-29,24,-0.009215643938103245,6.348825418516672e-9,2,0,0.007224013947632387,1,1,-0.009215643938103245,1,-0.009215643938103245,1,-0.009215643938103245
SOL,2025-07-30,24,-0.02060091785016299,6.1061330362532504e-09,2,0,0.007104097036005887,1,1,-0.02060091785016299,1,-0.02060091785016299,1,-0.02060091785016299
SOL,2025-07-31,24,-0.03154547283521231,6.0751752303309266e-9,2,0,0.007146981113394387,1,1,-0.03154547283521231,1,-0.03154547283521231,1,-0.03154547283521231
SOL,2025-08-01,24,-0.057349683736016344,5.918362485342062e-9,2,0,0.007263118356854427,1,1,-0.057349683736016344,1,-0.057349683736016344,1,-0.057349683736016344
SOL,2025-08-02,24,-0.025973868365373763,5.90299182363948e-9,2,0,0.0072988863141383075,1,1,-0.025973868365373763,1,-0.025973868365373763,1,-0.025973868365373763
SOL,2025-08-03,24,0.021784090209243736,5.840080324393083e-9,2,0,0.0072337883791946545,1,1,0.021784090209243736,1,0.021784090209243736,1,0.021784090209243736
SOL,2025-08-04,24,0.04573949601629866,5.823616186176512e-9,2,0,0.007332933587845964,1,1,0.04573949601629866,1,0.04573949601629866,1,0.04573949601629866
SOL,2025-08-05,24,-0.032856672605655696,5.890789212706306e-9,2,0,0.007437461075061709,1,1,-0.032856672605655696,1,-0.032856672605655696,1,-0.032856672605655696
SOL,2025-08-06,24,0.024564751132547274,6.002890119649286e-9,2,0,0.007487413486065439,1,1,0.024564751132547274,1,0.024564751132547274,1,0.024564751132547274
SOL,2025-08-07,24,0.04272811059086263,5.953268900107352e-9,2,0,0.007530831140388186,1,1,0.04272811059086263,1,0.04272811059086263,1,0.04272811059086263
SOL,2025-08-08,24,0.007324376249778796,5.948783637302274e-9,2,0,0.007578718341520438,1,1,0.007324376249778796,1,0.007324376249778796,1,0.007324376249778796
SOL,2025-08-09,24,0.018051841243595938,5.921156564711935e-9,2,0,0.0075524855422881,1,1,0.018051841243595938,1,0.018051841243595938,1,0.018051841243595938
SOL,2025-08-10,24,0.015546068327605909,5.956860156997286e-9,2,0,0.007540691535422787,1,1,0.015546068327605909,1,0.015546068327605909,1,0.015546068327605909
SOL,2025-08-11,24,-0.044518898609609336,5.830668744457949e-9,2,0,0.007571885087300373,1,1,-0.044518898609609336,1,-0.044518898609609336,1,-0.044518898609609336
SOL,2025-08-12,24,0.09195102034068427,5.769798154945021e-9,2,0,0.007674656072676836,1,1,0.09195102034068427,1,0.09195102034068427,1,0.09195102034068427
SOL,2025-08-13,24,0.05035644794226298,5.480846154209826e-9,1,0,0.007793645495056743,1,1,0.05035644794226298,1,0.05035644794226298,1,0.05035644794226298
SOL,2025-08-14,24,-0.04562043242830683,5.389328802277749e-9,1,0,0.007985254408397839,1,1,-0.04562043242830683,1,-0.04562043242830683,1,-0.04562043242830683
SOL,2025-08-15,24,-0.03535281372189866,5.379829986546079e-9,1,0,0.008011541272205772,1,1,-0.03535281372189866,1,-0.03535281372189866,1,-0.03535281372189866
SOL,2025-08-16,24,0.020339323233916153,5.341925351180811e-9,1,0,0.007946409235616797,1,1,0.020339323233916153,1,0.020339323233916153,1,0.020339323233916153
SOL,2025-08-17,24,0.00719484237018491,5.364366508803037e-9,1,0,0.00790123722861118,1,1,0.00719484237018491,1,0.00719484237018491,1,0.00719484237018491
SOL,2025-08-18,24,-0.043857295849407243,5.339164844975806e-9,1,0,0.007950317212284013,1,1,-0.043857295849407243,1,-0.043857295849407243,1,-0.043857295849407243
SOL,2025-08-19,24,-0.03731984189474091,5.4058503006704266e-9,1,0,0.008021542948351388,1,1,-0.03731984189474091,1,-0.03731984189474091,1,-0.03731984189474091
SOL,2025-08-20,24,0.06429019291734091,5.548490734957596e-9,2,0,0.008018494499930593,1,1,0.06429019291734091,1,0.06429019291734091,1,0.06429019291734091
SOL,2025-08-21,24,-0.04134324086531115,5.350445710790726e-9,1,0,0.007788784638369149,1,1,-0.04134324086531115,1,-0.04134324086531115,1,-0.04134324086531115
SOL,2025-08-22,24,0.10684590590123011,5.5363394101895555e-9,1,0,0.008015045353858706,1,1,0.10684590590123011,1,0.10684590590123011,1,0.10684590590123011
SOL,2025-08-23,24,0.016707422388876802,5.329377506758386e-9,1,0,0.007875493322606227,1,1,0.016707422388876802,1,0.016707422388876802,1,0.016707422388876802
SOL,2025-08-24,24,0.008784829555733164,5.231162929847761e-9,1,0,0.007869146276414746,1,1,0.008784829555733164,1,0.008784829555733164,1,0.008784829555733164
SOL,2025-08-25,24,-0.09478067958671135,5.317186415973041e-9,1,0,0.0081679378865459,1,1,-0.09478067958671135,1,-0.09478067958671135,1,-0.09478067958671135
SOL,2025-08-26,24,0.04522491629860305,5.330929260811258e-9,1,0,0.008238058676898042,1,1,0.04522491629860305,1,0.04522491629860305,1,0.04522491629860305
SOL,2025-08-27,24,0.035413470867692746,5.1997128468315696e-9,1,0,0.008286546431273405,1,1,0.035413470867692746,1,0.035413470867692746,1,0.035413470867692746
SOL,2025-08-28,23,0.05540733746733722,5.212939403299433e-9,1,0,0.008423186300257974,1,1,0.05540733746733722,1,0.05540733746733722,1,0.05540733746733722
SOL,2025-08-29,24,-0.044574694714564864,5.022640558828899e-9,1,0,0.00854335608941322,1,1,-0.044574694714564864,1,-0.044574694714564864,1,-0.044574694714564864
SOL,2025-08-30,24,-0.011818787500111956,5.001124669154192e-9,1,0,0.008537502801565842,1,1,-0.011818787500111956,1,-0.011818787500111956,1,-0.011818787500111956
SOL,2025-08-31,24,-0.009915306060791412,5.001197923786528e-9,1,0,0.008454245144005987,1,1,-0.009915306060791412,1,-0.009915306060791412,1,-0.009915306060791412
SOL,2025-09-01,24,-0.017287731415623998,4.9024347360165476e-9,1,0,0.008464184166509086,1,1,-0.017287731415623998,1,-0.017287731415623998,1,-0.017287731415623998
SOL,2025-09-02,24,0.060245851443679214,4.952811460031102e-9,1,0,0.008667680875527668,1,1,0.060245851443679214,1,0.060245851443679214,1,0.060245851443679214
SOL,2025-09-03,24,0.005663580329258854,4.86950335952213e-9,1,0,0.008630959771379511,1,1,0.005663580329258854,1,0.005663580329258854,1,0.005663580329258854
SOL,2025-09-04,24,-0.04058275273761302,4.7329414966532815e-9,1,0,0.008539183050671802,1,1,-0.04058275273761302,1,-0.04058275273761302,1,-0.04058275273761302
SOL,2025-09-05,24,0.005077779650040604,4.721583557652633e-9,1,0,0.008632209619209023,1,1,0.005077779650040604,1,0.005077779650040604,1,0.005077779650040604
SOL,2025-09-06,24,-0.015810801938530065,4.701793638659215e-9,1,0,0.008560016423667006,1,1,-0.015810801938530065,1,-0.015810801938530065,1,-0.015810801938530065
SOL,2025-09-07,24,0.030697476543551778,4.7335707957154245e-9,1,0,0.008499135131243014,1,1,0.030697476543551778,1,0.030697476543551778,1,0.030697476543551778
SOL,2025-09-08,24,0.03662541960491966,4.584236607800712e-9,1,0,0.008484015465203316,1,1,0.03662541960491966,1,0.03662541960491966,1,0.03662541960491966
SOL,2025-09-09,24,0.013914235895060129,4.5420999817429475e-9,1,0,0.008460533132949172,1,1,0.013914235895060129,1,0.013914235895060129,1,0.013914235895060129
SOL,2025-09-10,24,0.03155436549093862,4.5257510409038475e-9,1,0,0.0084527494250528825,1,1,0.03155436549093862,1,0.03155436549093862,1,0.03155436549093862
SOL,2025-09-11,24,0.020802340060443042,4.418377033245932e-9,1,0,0.008360720252194002,1,1,0.020802340060443042,1,0.020802340060443042,1,0.020802340060443042
SOL,2025-09-12,24,0.057539590515095,4.352133493560523e-9,1,0,0.00820456493258923,1,1,0.057539590515095,1,0.057539590515095,1,0.057539590515095
SOL,2025-09-13,24,4.950699387386401e-4,4.246617982688695e-9,1,0,0.007926055725293632,1,1,4.950699387386401e-4,1,4.950699387386401e-4,1,4.950699387386401e-4
SOL,2025-09-14,24,-0.010073250348065943,4.212001582045803e-9,1,0,0.007903950245016276,1,1,-0.010073250348065943,1,-0.010073250348065943,1,-0.010073250348065943
SOL,2025-09-15,24,-0.023394605270650865,4.204623028457416e-9,1,0,0.007963550645453335,1,1,-0.023394605270650865,1,-0.023394605270650865,1,-0.023394605270650865
SOL,2025-09-16,24,0.010605902911793058,4.141221627217557e-9,1,0,0.0079196012262339,1,1,0.010605902911793058,1,0.010605902911793058,1,0.010605902911793058
SOL,2025-09-17,24,0.03271222730388906,4.0890066136418965e-9,1,0,0.007901824585520674,1,1,0.03271222730388906,1,0.03271222730388906,1,0.03271222730388906
SOL,2025-09-18,24,0.011370680885920546,3.912116729094368e-9,1,0,0.007801280786350042,1,1,0.011370680885920546,1,0.011370680885920546,1,0.011370680885920546
SOL,2025-09-19,24,-0.037479447883723545,3.7203829457293778e-9,1,0,0.007677813967471158,1,1,-0.037479447883723545,1,-0.037479447883723545,1,-0.037479447883723545
SOL,2025-09-20,24,0.004099909520795501,3.6657645125389986e-9,1,0,0.007608769701432761,1,1,0.004099909520795501,1,0.004099909520795501,1,0.004099909520795501
SOL,2025-09-21,24,-0.013619378232283909,3.371455562128694e-9,1,0,0.007181237261164189,1,1,-0.013619378232283909,1,-0.013619378232283909,1,-0.013619378232283909
SOL,2025-09-22,24,-0.06907449710655848,3.302903452405888e-9,1,0,0.007222316216025426,1,1,-0.06907449710655848,1,-0.06907449710655848,1,-0.06907449710655848
SOL,2025-09-23,24,-0.033102782768940214,3.2249705014777197e-9,1,0,0.007158494787659396,1,1,-0.033102782768940214,1,-0.033102782768940214,1,-0.033102782768940214
SOL,2025-09-24,24,-0.007528384495691168,3.1158720454376412e-9,1,0,0.0069306734421889764,1,1,-0.007528384495691168,1,-0.007528384495691168,1,-0.007528384495691168
SOL,2025-09-25,24,-0.09365849589139949,3.1789310133133895e-9,1,0,0.007091032054776554,1,1,-0.09365849589139949,1,-0.09365849589139949,1,-0.09365849589139949
SOL,2025-09-26,24,0.06267280355264193,3.2243098316949815e-9,1,0,0.007097481380122536,1,1,0.06267280355264193,1,0.06267280355264193,1,0.06267280355264193
SOL,2025-09-27,24,-0.008463639965302206,3.1479888301235605e-9,1,0,0.006861736262769784,1,1,-0.008463639965302206,1,-0.008463639965302206,1,-0.008463639965302206
SOL,2025-09-28,24,0.03547412475988718,3.1667923764599518e-9,1,0,0.0066876728728224475,1,1,0.03547412475988718,1,0.03547412475988718,1,0.03547412475988718
SOL,2025-09-29,24,0.010002442440520086,3.1273163814864613e-9,1,0,0.006701640947699587,1,1,0.010002442440520086,1,0.010002442440520086,1,0.010002442440520086
SOL,2025-09-30,24,-0.020297562206377878,3.1054263441387018e-9,1,0,0.006674534605937861,1,1,-0.020297562206377878,1,-0.020297562206377878,1,-0.020297562206377878
SOL,2025-10-01,24,0.06222124531171645,3.154239029355538e-9,1,0,0.006722254531510579,1,1,0.06222124531171645,1,0.06222124531171645,1,0.06222124531171645
SOL,2025-10-02,24,0.055897095595335865,3.0378435884064283e-9,1,0,0.006565347813042611,1,1,0.055897095595335865,1,0.055897095595335865,1,0.055897095595335865
SOL,2025-10-03,24,-0.008851318130710094,3.111191446872585e-9,1,0,0.006623698664975285,1,1,-0.008851318130710094,1,-0.008851318130710094,1,-0.008851318130710094
SOL,2025-10-04,24,-0.02083137428809792,3.1162274128589835e-9,1,0,0.006598677245986098,1,1,-0.02083137428809792,1,-0.02083137428809792,1,-0.02083137428809792
SOL,2025-10-05,24,0.00262777710007691,2.9804315507084408e-9,1,0,0.006454523438757939,1,1,0.00262777710007691,1,0.00262777710007691,1,0.00262777710007691
SOL,2025-10-06,24,0.01700027932396996,3.010348189163246e-9,1,0,0.006531812585142879,1,1,0.01700027932396996,1,0.01700027932396996,1,0.01700027932396996
SOL,2025-10-07,24,-0.05502326713769032,2.9859144677360236e-9,1,0,0.006583311066326319,1,1,-0.05502326713769032,1,-0.05502326713769032,1,-0.05502326713769032
SOL,2025-10-08,24,0.0398146722574435,3.0695952947090715e-9,1,0,0.006598074706592466,1,1,0.0398146722574435,1,0.0398146722574435,1,0.0398146722574435
SOL,2025-10-09,24,-0.03586971509284608,3.1510731296659614e-9,1,0,0.006694789533267559,1,1,-0.03586971509284608,1,-0.03586971509284608,1,-0.03586971509284608
SOL,2025-10-10,24,-0.1571268500189275,3.2990863058531955e-9,1,0,0.007116131836796642,1,1,-0.1571268500189275,1,-0.1571268500189275,1,-0.1571268500189275
SOL,2025-10-11,24,-0.06024077259828165,3.5706946878462676e-9,1,0,0.007460873168902167,1,1,-0.06024077259828165,1,-0.06024077259828165,1,-0.06024077259828165
SOL,2025-10-12,24,0.10416745328573315,3.9361881010861345e-9,1,0,0.007771120545338146,1,1,0.10416745328573315,1,0.10416745328573315,1,0.10416745328573315
SOL,2025-10-13,24,0.056310587365427225,4.151746718782177e-9,1,0,0.008024840471001556,1,1,0.056310587365427225,1,0.056310587365427225,1,0.056310587365427225
SOL,2025-10-14,24,-0.030348095687607993,4.216202299165915e-9,1,0,0.00817445519536749,1,1,-0.030348095687607993,1,-0.030348095687607993,1,-0.030348095687607993
SOL,2025-10-15,24,-0.04318887415738079,4.1906638175568535e-9,1,0,0.008137411196732294,1,1,-0.04318887415738079,1,-0.04318887415738079,1,-0.04318887415738079
SOL,2025-10-16,24,-0.0480016120493445,4.427507470692198e-9,1,0,0.008416993556651998,1,1,-0.0480016120493445,1,-0.0480016120493445,1,-0.0480016120493445
SOL,2025-10-17,24,-0.015482210687422487,4.530812423834323e-9,1,0,0.00857020004959059,1,1,-0.015482210687422487,1,-0.015482210687422487,1,-0.015482210687422487
SOL,2025-10-18,24,0.030408662311047507,4.647706073160132e-9,1,0,0.008584765684744929,1,1,0.030408662311047507,1,0.030408662311047507,1,0.030408662311047507
SOL,2025-10-19,24,0.0015443196082522617,4.76036686452034e-9,1,0,0.0086179016997332,1,1,0.0015443196082522617,1,0.0015443196082522617,1,0.0015443196082522617
SOL,2025-10-20,24,0.009479747940871027,4.814093231838823e-9,1,0,0.008710699182501962,1,1,0.009479747940871027,1,0.009479747940871027,1,0.009479747940871027
SOL,2025-10-21,24,-0.021147617411512463,5.018331220748133e-9,1,0,0.008977745825515939,1,1,-0.021147617411512463,1,-0.021147617411512463,1,-0.021147617411512463
SOL,2025-10-22,24,-0.030611846403766442,5.040583267642838e-9,1,0,0.008863062537909357,1,1,-0.030611846403766442,1,-0.030611846403766442,1,-0.030611846403766442
SOL,2025-10-23,24,0.06057564182475134,5.093549492374613e-9,1,0,0.008824885779696489,1,1,0.06057564182475134,1,0.06057564182475134,1,0.06057564182475134
SOL,2025-10-24,24,0.011325384702088877,5.000138996868252e-9,1,0,0.008743478902784768,1,1,0.011325384702088877,1,0.011325384702088877,1,0.011325384702088877
SOL,2025-10-25,24,0.0016001242219710519,4.990817467360614e-9,1,0,0.008555147757100227,1,1,0.0016001242219710519,1,0.0016001242219710519,1,0.0016001242219710519
SOL,2025-10-26,24,0.0311263736054564,4.991148242271219e-9,1,0,0.008451604522579965,1,1,0.0311263736054564,1,0.0311263736054564,1,0.0311263736054564
SOL,2025-10-27,24,-0.006570886130644953,4.979942551769448e-9,1,0,0.008505106734738439,1,1,-0.006570886130644953,1,-0.006570886130644953,1,-0.006570886130644953
SOL,2025-10-28,24,-0.022751967546591426,5.064620505609053e-9,1,0,0.008599282528231594,1,1,-0.022751967546591426,1,-0.022751967546591426,1,-0.022751967546591426
SOL,2025-10-29,24,-8.755891471298079e-4,5.187199382511736e-9,1,0,0.008651908863002206,1,1,-8.755891471298079e-4,1,-8.755891471298079e-4,1,-8.755891471298079e-4
SOL,2025-10-30,24,-0.04986509631635192,5.360150905687398e-9,2,0,0.008840953394240918,1,1,-0.04986509631635192,1,-0.04986509631635192,1,-0.04986509631635192
SOL,2025-10-31,24,0.01334285679848919,5.414296389940616e-9,2,0,0.00878993178596345,1,1,0.01334285679848919,1,0.01334285679848919,1,0.01334285679848919
SOL,2025-11-01,19,-0.004177383966819722,5.411402459100446e-9,2,0,0.00870475580457903,1,1,-0.004177383966819722,1,-0.004177383966819722,1,-0.004177383966819722
SOL,2025-11-02,24,0.008709878995293597,5.446279896824928e-9,2,0,0.008657711528793681,1,1,0.008709878995293597,1,0.008709878995293597,1,0.008709878995293597
SOL,2025-11-03,24,-0.12412091120772527,5.7721645168273185e-9,2,0,0.009043932671755895,2,1,-0.12412091120772527,1,-0.12412091120772527,1,-0.12412091120772527
SOL,2025-11-04,24,-0.0683606174804313,6.017309828942531e-9,2,0,0.009380280404518722,2,1,-0.0683606174804313,1,-0.0683606174804313,1,-0.0683606174804313
SOL,2025-11-05,24,0.04649949418484636,6.041315287154702e-9,2,0,0.009450163973942804,2,1,0.04649949418484636,1,0.04649949418484636,1,0.04649949418484636
SOL,2025-11-06,24,-0.04527483323059849,6.166357021659659e-9,2,0,0.009507280740533407,2,1,-0.04527483323059849,1,-0.04527483323059849,1,-0.04527483323059849
SOL,2025-11-07,24,0.04077046008235544,6.231084264257759e-9,2,0,0.009587881314785576,2,1,0.04077046008235544,1,0.04077046008235544,1,0.04077046008235544
SOL,2025-11-08,24,-0.023211026698303657,6.222699487728339e-9,2,0,0.009492340285778769,2,1,-0.023211026698303657,1,-0.023211026698303657,1,-0.023211026698303657
SOL,2025-11-09,24,0.04031803819930932,6.24379827419643e-9,2,0,0.009388385064940497,2,1,0.04031803819930932,1,0.04031803819930932,1,0.04031803819930932
SOL,2025-11-10,24,0.016639920924271315,6.4325784152752044e-9,2,0,0.009118364966514457,2,1,0.016639920924271315,1,0.016639920924271315,1,0.016639920924271315
SOL,2025-11-11,24,-0.07903673650290008,6.202919288144097e-9,2,0,0.008840776563577374,1,1,-0.07903673650290008,1,-0.07903673650290008,1,-0.07903673650290008
SOL,2025-11-12,24,-0.007990947183074736,6.073010565489361e-9,2,0,0.008699094627524965,1,1,-0.007990947183074736,1,-0.007990947183074736,1,-0.007990947183074736
SOL,2025-11-13,24,-0.05814498390021923,6.159156332548099e-9,2,0,0.008710250712663186,1,1,-0.05814498390021923,1,-0.05814498390021923,1,-0.05814498390021923
SOL,2025-11-14,24,-0.04193160864694526,6.308116224040672e-9,2,0,0.008855119031690907,1,1,-0.04193160864694526,1,-0.04193160864694526,1,-0.04193160864694526
SOL,2025-11-15,24,0.005750860504817736,6.186933433859134e-9,2,0,0.008702093471618074,1,1,0.005750860504817736,1,0.005750860504817736,1,0.005750860504817736
SOL,2025-11-16,24,-0.017644539036726713,6.108513127470307e-9,2,0,0.008507093278081357,1,1,-0.017644539036726713,1,-0.017644539036726713,1,-0.017644539036726713
SOL,2025-11-17,24,-0.04651654157310699,6.201288553792664e-9,2,0,0.008665188541148264,1,1,-0.04651654157310699,1,-0.04651654157310699,1,-0.04651654157310699
SOL,2025-11-18,24,0.07201489793254177,6.111928933661791e-9,2,0,0.008711480138283729,1,1,0.07201489793254177,1,0.07201489793254177,1,0.07201489793254177
SOL,2025-11-19,24,-0.026593286940740195,6.192054312340871e-9,2,0,0.008784322759577828,1,1,-0.026593286940740195,1,-0.026593286940740195,1,-0.026593286940740195
SOL,2025-11-20,24,-0.02537024499434335,6.1858371881603324e-9,2,0,0.008878531346223267,1,1,-0.02537024499434335,1,-0.02537024499434335,1,-0.02537024499434335
SOL,2025-11-21,24,-0.037553065571483545,6.4864135932363704e-9,2,0,0.00920597530261273,2,1,-0.037553065571483545,1,-0.037553065571483545,1,-0.037553065571483545
SOL,2025-11-22,24,-0.008200288054252762,6.66323684055777e-9,2,0,0.009249545759652053,2,1,-0.008200288054252762,1,-0.008200288054252762,1,-0.008200288054252762
SOL,2025-11-23,24,0.023329870358793265,6.659902157360095e-9,2,0,0.00927691931851554,2,1,0.023329870358793265,1,0.023329870358793265,1,0.023329870358793265
SOL,2025-11-24,24,0.058472700837140346,6.476223434379555e-9,2,0,0.009405499083577185,2,1,0.058472700837140346,1,0.058472700837140346,1,0.058472700837140346
SOL,2025-11-25,24,0.0037504551714590438,6.264821291667481e-9,2,0,0.0094346862210316,2,1,0.0037504551714590438,1,0.0037504551714590438,1,0.0037504551714590438
SOL,2025-11-26,24,0.02915823921095212,6.282580444521719e-9,2,0,0.009523473812784351,2,1,0.02915823921095212,1,0.02915823921095212,1,0.02915823921095212
SOL,2025-11-27,24,-0.015430991410290773,6.247597832696275e-9,2,0,0.009471528475020573,2,1,-0.015430991410290773,1,-0.015430991410290773,1,-0.015430991410290773
SOL,2025-11-28,24,-0.02494827262073878,6.252906073063608e-9,2,0,0.009398181316819644,2,1,-0.02494827262073878,1,-0.02494827262073878,1,-0.02494827262073878
SOL,2025-11-29,24,-0.010318045510740406,6.183574572067296e-9,2,0,0.00920276953429035,2,1,-0.010318045510740406,1,-0.010318045510740406,1,-0.010318045510740406
SOL,2025-11-30,24,-0.017811231522509997,6.250577112604482e-9,2,0,0.009196587299726812,2,1,-0.017811231522509997,1,-0.017811231522509997,1,-0.017811231522509997
SOL,2025-12-01,24,-0.05265385222887629,6.31015522525393e-9,2,0,0.009376777974532898,2,1,-0.05265385222887629,1,-0.05265385222887629,1,-0.05265385222887629
SOL,2025-12-02,24,0.09020280618725125,6.274108562173738e-9,2,0,0.009517711761239911,2,1,0.09020280618725125,1,0.09020280618725125,1,0.09020280618725125
SOL,2025-12-03,24,0.04277594757269537,5.98963232692022e-9,2,0,0.0092287028968014,2,1,0.04277594757269537,1,0.04277594757269537,1,0.04277594757269537
SOL,2025-12-04,24,-0.040039179569957936,5.824558564793799e-9,2,0,0.008894754322237712,1,1,-0.040039179569957936,1,-0.040039179569957936,1,-0.040039179569957936
SOL,2025-12-05,24,-0.042084418391496424,5.822951181266851e-9,2,0,0.008847850472646784,1,1,-0.042084418391496424,1,-0.042084418391496424,1,-0.042084418391496424
SOL,2025-12-06,24,-0.008134412556854239,5.770928515287801e-9,2,0,0.008730500174855249,1,1,-0.008134412556854239,1,-0.008134412556854239,1,-0.008134412556854239
SOL,2025-12-07,24,9.07098104379004e-4,5.956321902662861e-9,2,0,0.008811050081914941,1,1,9.07098104379004e-4,1,9.07098104379004e-4,1,9.07098104379004e-4
SOL,2025-12-08,24,0.006777134372843538,5.8440984295761605e-9,2,0,0.008845123633932195,1,1,0.006777134372843538,1,0.006777134372843538,1,0.006777134372843538
SOL,2025-12-09,24,0.03415667860271059,5.972549117240323e-9,2,0,0.009075633267336541,2,1,0.03415667860271059,1,0.03415667860271059,1,0.03415667860271059
SOL,2025-12-10,24,-0.01152540294617771,5.730277268947843e-9,2,0,0.008970562093697098,1,1,-0.01152540294617771,1,-0.01152540294617771,1,-0.01152540294617771
SOL,2025-12-11,24,4.4010856721543807e-4,5.637319959485604e-9,2,0,0.008994335965177867,1,1,4.4010856721543807e-4,1,4.4010856721543807e-4,1,4.4010856721543807e-4
SOL,2025-12-12,24,-0.030755616700971274,5.5806708877637395e-9,2,0,0.009024044438694808,2,1,-0.030755616700971274,1,-0.030755616700971274,1,-0.030755616700971274
SOL,2025-12-13,24,0.007083676945321991,5.4820994465697095e-9,2,0,0.00882784999040395,1,1,0.007083676945321991,1,0.007083676945321991,1,0.007083676945321991
SOL,2025-12-14,24,-0.029181911495606592,5.362553035037623e-9,1,0,0.008612978131648453,1,1,-0.029181911495606592,1,-0.029181911495606592,1,-0.029181911495606592
SOL,2025-12-15,24,-0.012369366934633044,5.227936034155464e-9,1,0,0.008649934859994825,1,1,-0.012369366934633044,1,-0.012369366934633044,1,-0.012369366934633044
SOL,2025-12-16,24,0.010899290458035537,5.163474617147766e-9,1,0,0.008640252436194677,1,1,0.010899290458035537,1,0.010899290458035537,1,0.010899290458035537
SOL,2025-12-17,24,-0.04700314395542489,5.122136002614257e-9,1,0,0.008696066651112016,1,1,-0.04700314395542489,1,-0.04700314395542489,1,-0.04700314395542489
SOL,2025-12-18,24,-0.03023668168209084,5.184055846838222e-9,1,0,0.008868957313680594,1,1,-0.03023668168209084,1,-0.03023668168209084,1,-0.03023668168209084
SOL,2025-12-19,24,0.05421249236620542,5.037778439793606e-9,1,0,0.008800325554019278,1,1,0.05421249236620542,1,0.05421249236620542,1,0.05421249236620542
SOL,2025-12-20,24,-0.0033333364197585674,4.817739046701116e-9,1,0,0.008443517616221662,1,1,-0.0033333364197585674,1,-0.0033333364197585674,1,-0.0033333364197585674
SOL,2025-12-21,24,0.0015886888717568195,4.5064780410095536e-9,1,0,0.008038334289574808,1,1,0.0015886888717568195,1,0.0015886888717568195,1,0.0015886888717568195
SOL,2025-12-22,24,-0.0016681896071810145,4.339176261481213e-9,1,0,0.007973511795513167,1,1,-0.0016681896071810145,1,-0.0016681896071810145,1,-0.0016681896071810145
SOL,2025-12-23,24,-0.014978853486955851,4.3460958154586545e-9,1,0,0.007931995790587077,1,1,-0.014978853486955851,1,-0.014978853486955851,1,-0.014978853486955851
SOL,2025-12-24,24,-0.011852712230224608,4.387787469580975e-9,1,0,0.007782859035955332,1,1,-0.011852712230224608,1,-0.011852712230224608,1,-0.011852712230224608
SOL,2025-12-25,24,-0.020461071871340098,4.536104402409543e-9,1,0,0.007769610278482115,1,1,-0.020461071871340098,1,-0.020461071871340098,1,-0.020461071871340098
SOL,2025-12-26,24,0.01817180588913159,4.499261507837327e-9,1,0,0.007686483023645394,1,1,0.01817180588913159,1,0.01817180588913159,1,0.01817180588913159
SOL,2025-12-27,24,0.01993583042231721,4.505660225544663e-9,1,0,0.007672048958835347,1,1,0.01993583042231721,1,0.01993583042231721,1,0.01993583042231721
SOL,2025-12-28,24,0.0040837627319321446,4.458070889816379e-9,1,0,0.007571541785977209,1,1,0.0040837627319321446,1,0.0040837627319321446,1,0.0040837627319321446
SOL,2025-12-29,24,-0.016192402765436882,4.409114221123838e-9,1,0,0.00761923869764916,1,1,-0.016192402765436882,1,-0.016192402765436882,1,-0.016192402765436882
SOL,2025-12-30,24,0.014112568402396714,4.262156238081247e-9,1,0,0.007513831379570306,1,1,0.014112568402396714,1,0.014112568402396714,1,0.014112568402396714
SOL,2025-12-31,24,-0.0036099674196363803,4.0503417096690635e-9,1,0,0.007263169259482986,1,1,-0.0036099674196363803,1,-0.0036099674196363803,1,-0.0036099674196363803
